merchant_id,sector,tenure_months,credit_score,num_products,has_working_capital_loan,has_pos_machine,estimated_annual_turnover,account_balance,txn_count_90d,txn_count_30d,txn_velocity_drop_pct,avg_ticket_size_90d,ticket_size_variance_pct,balance_drop_pct,wc_utilization_pct,pos_txn_monthly,complaints_12m,days_since_last_txn,satisfaction_score,cashback_utilization,churn,risk_tier,sector_encoded,churn_probability
MRC00001,Textile & Apparel,51,583,3,1,0,9186720.49,398515.87,46,13,15.22,49657.95,11.58,6.68,54.05,0,0,4,3,0.472,0,Low,6,8.672422e-05
MRC00002,Construction,104,737,1,0,1,435671.24,10441.02,41,14,-2.44,2640.43,23.57,-5.88,0.0,39,1,9,4,0.413,0,Low,1,0.00011934795
MRC00003,Food & Beverages,71,719,2,0,0,11195551.37,711420.09,47,14,10.64,59235.72,13.67,13.99,0.0,0,0,8,5,0.525,0,Low,2,0.00016305794
MRC00004,Small Mfg,96,610,2,1,1,1974417.0,107790.4,54,15,16.67,9098.7,12.29,-6.13,68.29,28,0,5,3,0.579,0,Low,4,6.0269955e-05
MRC00005,Retail Trader,48,696,1,1,0,137085.66,16798.51,40,14,-5.0,851.46,9.78,-1.59,36.68,0,0,1,4,0.997,0,Low,3,0.00016766696
MRC00006,Retail Trader,19,529,1,1,0,943017.96,64670.73,47,13,17.02,4989.51,22.85,14.47,62.35,0,1,10,5,0.595,0,Low,3,0.00013358894
MRC00007,Retail Trader,6,664,2,1,1,2057020.5,237142.87,43,14,2.33,11890.29,24.15,-4.7,51.11,37,0,12,4,0.824,0,Low,3,9.161605e-05
MRC00008,Tech Services,84,686,1,0,1,39712.47,878.09,35,13,-11.43,281.65,11.47,5.78,0.0,34,0,8,4,0.94,0,Low,5,0.00013187966
MRC00009,Small Mfg,27,786,1,1,1,1580641.59,34656.48,44,12,18.18,8930.18,17.33,14.44,46.01,30,0,4,5,0.685,0,Low,4,0.00011936752
MRC00010,Small Mfg,53,588,1,0,1,2979498.08,70944.08,44,4,72.73,16833.32,43.77,55.94,0.0,7,1,42,2,0.04,1,High,4,0.9996799
MRC00011,Retail Trader,107,547,2,0,1,1177191.12,57113.31,45,4,73.33,6503.82,53.12,51.45,0.0,3,4,22,1,0.151,1,High,3,0.99978346
MRC00012,Construction,101,578,1,1,1,677344.0,46478.27,57,16,15.79,2957.83,14.37,5.54,58.44,30,0,1,5,0.416,0,Low,1,0.00011198256
MRC00013,Food & Beverages,48,543,1,1,1,592726.35,58691.74,41,15,-9.76,3592.28,15.55,3.89,36.87,25,0,8,4,0.788,0,Low,2,7.760667e-05
MRC00014,Retail Trader,7,756,1,0,1,552612.99,81880.01,40,11,17.5,3432.38,5.66,13.73,0.0,31,1,0,5,0.31,0,Low,3,0.0001378748
MRC00015,Retail Trader,59,773,1,0,0,177872.85,11752.64,49,4,75.51,902.91,31.53,39.28,0.0,0,3,41,1,0.175,1,High,3,0.9997447
MRC00016,Retail Trader,69,675,1,1,1,319646.64,8705.79,39,11,15.38,2035.97,18.98,6.58,44.1,39,0,13,4,0.583,0,Low,3,5.65589e-05
MRC00017,Textile & Apparel,11,747,3,1,1,442451.95,20059.45,49,4,75.51,2245.95,38.06,55.85,84.09,6,1,68,2,0.154,1,High,6,0.9995721
MRC00018,Agri-Allied,15,660,1,0,0,835840.61,114276.75,59,21,-6.78,3526.75,16.37,3.19,0.0,0,0,13,4,0.438,0,Low,0,0.00011908102
MRC00019,Textile & Apparel,64,642,2,0,0,373929.4,41475.99,55,7,61.82,1691.99,32.69,54.33,0.0,0,4,30,3,0.129,1,High,6,0.9996736
MRC00020,Textile & Apparel,3,623,1,0,1,257054.89,31547.35,41,5,63.41,1557.91,43.08,41.33,0.0,6,4,60,2,0.131,1,High,6,0.9996014
MRC00021,Small Mfg,69,625,2,1,1,1815234.16,65605.95,45,13,13.33,10028.92,14.8,-0.12,42.0,36,1,9,5,0.791,0,Low,4,4.236118e-05
MRC00022,Retail Trader,23,526,2,1,0,1137947.51,42728.0,46,13,15.22,6151.07,8.04,5.42,63.68,0,0,3,4,0.378,0,Low,3,0.000123196
MRC00023,Textile & Apparel,53,671,1,1,0,381904.0,13210.82,45,14,6.67,2109.97,11.59,-9.53,50.28,0,1,6,4,0.512,0,Low,6,6.38334e-05
MRC00024,Textile & Apparel,37,646,3,1,1,1339134.63,176005.13,40,13,2.5,8317.61,13.9,13.42,55.79,28,1,1,4,0.757,0,Low,6,3.277251e-05
MRC00025,Textile & Apparel,9,709,2,1,1,423458.39,20027.8,40,14,-5.0,2630.18,10.24,10.66,41.21,27,0,6,5,0.498,0,Low,6,8.494054e-05
MRC00026,Food & Beverages,15,657,3,0,0,786759.61,81515.95,37,5,59.46,5280.27,47.14,57.81,0.0,0,1,17,3,0.093,1,High,2,0.9991227
MRC00027,Retail Trader,3,636,1,0,1,2350298.42,204714.82,43,6,58.14,13585.54,52.64,54.29,0.0,4,2,86,1,0.192,1,High,3,0.9996319
MRC00028,Agri-Allied,93,580,4,1,0,353454.73,32083.33,52,18,-3.85,1691.17,17.26,6.93,74.66,0,0,1,4,0.484,0,Low,0,0.00010793854
MRC00029,Small Mfg,70,655,2,1,1,178636.1,8111.26,43,15,-4.65,1032.58,16.57,-1.47,53.26,29,0,4,4,0.687,0,Low,4,6.770953e-05
MRC00030,Retail Trader,17,709,4,1,1,612827.33,62865.05,42,15,-7.14,3626.2,16.03,11.42,69.57,23,1,13,3,0.562,0,Low,3,0.00011913782
MRC00031,Small Mfg,26,558,2,1,1,142036.87,3636.58,45,17,-13.33,784.73,6.93,-3.79,34.76,23,0,11,4,0.401,0,Low,4,0.00014670032
MRC00032,Retail Trader,21,656,2,1,1,522856.22,77984.73,47,13,17.02,2766.44,8.67,10.46,56.57,20,2,2,5,0.51,0,Low,3,0.00052752544
MRC00033,Retail Trader,72,668,2,0,0,520859.19,12229.07,37,3,75.68,3495.7,46.66,54.5,0.0,0,1,31,3,0.172,1,High,3,0.9996866
MRC00034,Construction,21,592,3,0,1,37933.09,1006.0,39,6,53.85,241.61,48.6,15.46,0.0,9,6,87,1,0.18,1,High,1,0.9795854
MRC00035,Construction,11,602,4,0,0,1378852.51,85770.37,40,3,77.5,8564.3,51.96,59.0,0.0,0,2,62,3,0.102,1,High,1,0.99989545
MRC00036,Food & Beverages,38,668,1,0,1,585822.59,75050.49,39,12,7.69,3731.35,8.89,14.58,0.0,30,1,6,5,0.829,0,Low,2,6.3146166e-05
MRC00037,Textile & Apparel,72,559,2,1,1,3012484.6,160970.9,55,20,-9.09,13631.15,19.5,-1.38,41.75,29,0,7,3,0.494,0,Low,6,0.00010067981
MRC00038,Retail Trader,106,677,1,0,1,944714.81,76854.02,50,18,-8.0,4700.07,18.92,-4.88,0.0,26,2,7,5,0.509,0,Low,3,0.0008612387
MRC00039,Small Mfg,88,578,2,0,1,1763357.61,39388.21,51,14,17.65,8601.74,9.03,-9.19,0.0,36,1,4,5,0.599,0,Low,4,0.0001086889
MRC00040,Textile & Apparel,35,735,1,1,0,3042063.13,92035.52,47,5,68.09,16095.57,65.87,56.12,78.22,0,2,25,1,0.107,1,High,6,0.9998253
MRC00041,Retail Trader,119,837,1,0,1,622774.33,61676.82,46,16,-4.35,3366.35,7.9,-9.19,0.0,30,0,2,4,0.686,0,Low,3,0.00015128481
MRC00042,Agri-Allied,14,581,3,1,0,728696.19,32985.6,56,7,62.5,3238.65,51.69,56.51,95.55,0,4,20,3,0.127,1,High,0,0.99965394
MRC00043,Retail Trader,119,692,1,1,1,110387.05,12170.51,46,16,-4.35,596.69,10.88,12.57,63.16,30,0,9,4,0.4,0,Low,3,0.00014852418
MRC00044,Tech Services,14,591,2,1,0,3228232.38,394169.93,51,19,-11.76,15747.48,5.57,2.45,40.35,0,0,13,5,0.757,0,Low,5,0.00010192284
MRC00045,Retail Trader,10,733,2,1,0,612413.58,79946.58,49,17,-4.08,3108.7,16.36,-8.92,61.22,0,0,11,3,0.351,0,Low,3,0.00021776087
MRC00046,Small Mfg,12,548,1,0,0,218190.4,8158.99,35,12,-2.86,1547.45,22.96,-3.39,0.0,0,1,0,5,0.973,0,Low,4,7.198475e-05
MRC00047,Textile & Apparel,38,688,1,0,1,1772084.3,140377.63,36,10,16.67,12221.27,15.78,-8.78,0.0,30,0,10,4,0.601,0,Low,6,6.5686065e-05
MRC00048,Agri-Allied,108,580,2,1,0,53330.44,7632.68,46,16,-4.35,288.27,6.28,12.05,53.63,0,0,11,4,0.647,0,Low,0,0.00015663951
MRC00049,Agri-Allied,119,633,1,1,1,435770.47,52454.07,36,10,16.67,3005.31,16.99,-4.0,44.13,36,0,6,4,0.609,0,Low,0,4.902786e-05
MRC00050,Retail Trader,110,567,3,1,0,2169426.16,76374.32,47,8,48.94,11478.45,61.85,46.98,81.51,0,2,77,2,0.009,1,High,3,0.9999149
MRC00051,Construction,34,715,4,0,0,431375.31,36807.11,43,14,2.33,2493.5,23.14,14.11,0.0,0,0,0,5,0.78,0,Low,1,0.0001436367
MRC00052,Food & Beverages,41,583,1,1,1,308196.75,43119.65,44,15,-2.27,1741.22,12.26,2.18,46.29,38,0,6,4,0.476,0,Low,2,4.156458e-05
MRC00053,Construction,10,694,1,1,1,442685.23,34177.53,41,4,70.73,2682.94,31.56,26.9,94.09,3,3,59,3,0.105,1,High,1,0.99983
MRC00054,Tech Services,17,622,2,1,0,65387.4,8426.1,48,18,-12.5,338.79,5.77,13.18,63.47,0,1,2,4,0.352,0,Low,5,5.980181e-05
MRC00055,Small Mfg,17,640,2,0,0,1721272.01,145378.09,59,9,54.24,7262.75,40.74,44.99,0.0,0,4,81,3,0.124,1,High,4,0.9998357
MRC00056,Tech Services,67,661,1,1,1,629409.12,21327.85,42,12,14.29,3724.31,5.83,-2.96,70.1,35,2,12,4,0.365,0,Low,5,0.00088284776
MRC00057,Retail Trader,62,589,1,1,1,526081.0,20633.5,36,4,66.67,3628.14,43.41,41.72,94.81,7,0,27,1,0.144,1,High,3,0.9999149
MRC00058,Retail Trader,95,666,2,1,1,528394.09,13774.1,49,3,81.63,2682.2,36.65,48.83,88.13,8,0,57,1,0.044,1,High,3,0.9996996
MRC00059,Retail Trader,115,772,4,0,0,741845.11,33673.03,51,5,70.59,3618.76,64.02,29.25,0.0,0,1,63,1,0.169,1,High,3,0.9997009
MRC00060,Textile & Apparel,1,587,1,1,1,1597778.6,217569.24,43,6,58.14,9235.71,69.4,38.51,88.62,2,1,45,1,0.063,1,High,6,0.9997788
MRC00061,Textile & Apparel,12,743,1,0,0,685239.54,71625.17,50,19,-14.0,3409.15,14.92,13.29,0.0,0,1,11,3,0.421,0,Low,6,0.00021453541
MRC00062,Retail Trader,103,769,4,0,1,142348.87,16519.79,44,13,11.36,804.23,17.12,5.15,0.0,31,1,13,3,0.314,0,Low,3,0.00021581007
MRC00063,Food & Beverages,4,584,2,1,1,1455149.71,146702.36,56,18,3.57,6467.33,15.35,2.62,56.15,26,0,6,5,0.481,0,Low,2,0.00010223364
MRC00064,Textile & Apparel,42,533,2,0,1,1326804.04,93208.13,44,14,4.55,7496.07,14.58,-8.1,0.0,21,0,13,4,0.529,0,Low,6,7.260577e-05
MRC00065,Textile & Apparel,13,674,2,1,1,933440.4,44984.31,52,15,13.46,4466.22,16.56,5.43,74.2,31,0,8,4,0.93,0,Low,6,0.00011674288
MRC00066,Agri-Allied,98,606,4,1,1,2650581.4,371955.81,50,4,76.0,13186.97,56.17,26.46,88.31,0,5,38,2,0.104,1,High,0,0.9997209
MRC00067,Retail Trader,106,799,2,0,0,756497.43,65760.71,45,13,13.33,4179.54,8.71,2.86,0.0,0,0,5,5,0.427,0,Low,3,0.00027046085
MRC00068,Food & Beverages,85,652,3,1,0,2768043.49,228482.57,44,3,79.55,15638.66,51.8,31.09,81.48,0,1,39,1,0.108,1,High,2,0.9997353
MRC00069,Retail Trader,86,585,2,1,1,3947737.65,590161.24,55,10,45.45,17863.07,43.46,51.3,99.54,4,1,57,1,0.136,1,High,3,0.99991953
MRC00070,Construction,4,558,2,0,1,1467066.61,102563.94,31,11,-6.45,11736.53,13.69,-7.58,0.0,36,2,9,3,0.374,0,Low,1,0.00072720443
MRC00071,Food & Beverages,82,737,1,1,0,297294.84,38956.41,49,15,8.16,1509.11,19.79,-0.07,53.07,0,0,6,4,0.866,0,Low,2,0.00025334736
MRC00072,Retail Trader,69,604,1,0,1,623470.75,82363.43,36,10,16.67,4299.8,8.31,-5.01,0.0,28,0,4,5,0.951,0,Low,3,0.00010198554
MRC00073,Retail Trader,19,653,2,1,1,3225592.59,162076.76,50,14,16.0,16047.72,16.4,-6.22,53.34,35,1,2,4,0.621,0,Low,3,4.712028e-05
MRC00074,Food & Beverages,2,726,1,0,1,120915.42,3909.09,59,19,3.39,510.19,10.45,-4.49,0.0,25,1,7,5,0.71,0,Low,2,0.00011354286
MRC00075,Small Mfg,12,611,2,0,1,455729.9,66915.1,42,3,78.57,2696.63,45.45,53.8,0.0,4,2,53,3,0.036,1,High,4,0.99989307
MRC00076,Small Mfg,81,646,1,0,1,483323.85,36426.47,42,15,-7.14,2859.9,17.53,7.81,0.0,26,2,13,4,0.935,0,Low,4,0.00052250514
MRC00077,Food & Beverages,74,648,3,1,0,258266.5,5239.88,55,18,1.82,1168.63,16.65,12.7,59.66,0,1,4,4,0.786,0,Low,2,8.345679e-05
MRC00078,Retail Trader,98,704,1,1,1,2079118.87,176459.64,51,19,-11.76,10142.04,9.31,2.66,60.71,32,0,3,4,0.705,0,Low,3,0.000111956506
MRC00079,Textile & Apparel,6,697,3,1,1,1146446.92,115228.29,42,13,7.14,6783.71,19.19,-9.97,49.69,39,0,3,4,0.804,0,Low,6,0.00010261132
MRC00080,Retail Trader,8,632,2,0,0,310745.64,37566.5,43,6,58.14,1796.22,34.46,38.71,0.0,0,0,66,1,0.001,1,High,3,0.99880946
MRC00081,Tech Services,51,655,1,1,1,1508483.66,215083.33,57,4,78.95,6587.26,39.84,26.91,94.99,3,7,68,3,0.017,1,High,5,0.9997377
MRC00082,Small Mfg,11,620,2,0,1,603137.53,83819.34,52,3,82.69,2885.83,55.81,50.43,0.0,6,3,56,2,0.127,1,High,4,0.9999206
MRC00083,Textile & Apparel,63,531,1,0,0,250638.39,35645.2,42,14,0.0,1483.07,19.41,-4.96,0.0,0,0,8,5,0.765,0,Low,6,0.00015297256
MRC00084,Retail Trader,57,670,1,1,0,310052.81,7495.92,48,16,0.0,1606.49,21.22,-7.46,59.23,0,0,5,5,0.518,0,Low,3,9.893503e-05
MRC00085,Textile & Apparel,12,801,1,0,0,1230906.31,138514.67,48,15,6.25,6377.75,7.12,11.52,0.0,0,0,2,4,0.516,0,Low,6,0.00020198687
MRC00086,Textile & Apparel,73,579,1,0,1,2250835.09,111104.68,40,11,17.5,13980.34,18.93,-4.29,0.0,28,0,11,5,0.913,0,Low,6,9.515287e-05
MRC00087,Small Mfg,2,588,4,1,1,406719.13,18050.95,43,13,9.3,2350.98,11.37,2.56,72.73,31,0,7,4,0.404,0,Low,4,0.00011518561
MRC00088,Small Mfg,8,580,1,1,1,1401886.8,173892.02,36,10,16.67,9668.18,21.46,-1.51,69.29,35,1,12,5,0.698,0,Low,4,0.00010920898
MRC00089,Tech Services,11,707,2,0,1,4867568.01,361304.29,47,16,-2.13,25754.33,14.6,12.41,0.0,23,0,6,4,0.39,0,Low,5,0.00010567546
MRC00090,Agri-Allied,53,685,1,0,1,161031.51,22408.82,29,9,6.9,1376.34,16.61,7.62,0.0,29,0,9,3,0.581,0,Low,0,9.137202e-05
MRC00091,Retail Trader,100,637,2,0,1,1117722.68,28520.44,40,7,47.5,6942.38,62.21,29.16,0.0,5,3,28,2,0.142,1,High,3,0.9999187
MRC00092,Small Mfg,10,576,1,1,1,1976398.54,245633.74,46,15,2.17,10683.24,18.01,11.58,36.22,35,0,0,4,0.783,0,Low,4,9.810053e-05
MRC00093,Food & Beverages,85,657,2,1,0,650710.56,24589.36,41,13,4.88,3943.7,5.71,8.17,58.63,0,0,4,5,0.436,0,Low,2,7.253629e-05
MRC00094,Agri-Allied,84,524,2,1,1,3223376.12,138460.24,45,4,73.33,17808.71,41.21,59.36,87.99,4,2,27,2,0.042,1,High,0,0.9999423
MRC00095,Food & Beverages,112,661,2,1,1,10207205.45,837559.62,37,6,51.35,68504.73,35.53,33.76,76.35,5,0,79,2,0.066,1,High,2,0.99983585
MRC00096,Agri-Allied,8,719,1,1,0,1101327.05,78664.15,45,6,60.0,6084.68,50.94,29.62,78.8,0,2,25,3,0.154,1,High,0,0.9998425
MRC00097,Agri-Allied,36,549,2,1,1,551111.44,45853.79,46,16,-4.35,2978.98,5.02,-4.94,72.84,28,0,7,3,0.477,0,Low,0,0.00011062605
MRC00098,Textile & Apparel,93,527,1,0,1,2355772.76,334999.01,35,11,5.71,16707.61,11.26,3.91,0.0,36,0,8,4,0.958,0,Low,6,9.671331e-05
MRC00099,Retail Trader,106,776,1,0,1,2003653.12,211306.38,58,19,1.72,8599.37,12.76,3.32,0.0,20,1,7,5,0.601,0,Low,3,0.00013597564
MRC00100,Retail Trader,76,601,1,1,1,35504.08,2050.01,49,18,-10.2,180.22,9.68,11.73,34.35,35,2,4,5,0.897,0,Low,3,0.0007382724
MRC00101,Retail Trader,14,740,1,0,0,727025.86,30882.7,41,5,63.41,4406.22,57.8,34.1,0.0,0,2,46,1,0.15,1,High,3,0.9998628
MRC00102,Small Mfg,112,637,2,1,1,454285.28,33892.41,44,15,-2.27,2566.58,22.86,0.63,64.27,35,0,6,4,0.56,0,Low,4,4.9123755e-05
MRC00103,Textile & Apparel,54,637,2,0,0,1174140.36,92420.5,44,14,4.55,6633.56,11.53,3.2,0.0,0,0,3,3,0.459,0,Low,6,4.6157533e-05
MRC00104,Agri-Allied,114,685,1,1,0,578162.39,56757.2,47,17,-8.51,3059.06,19.45,1.6,69.11,0,0,9,5,0.588,0,Low,0,0.00016573319
MRC00105,Tech Services,85,579,1,0,1,658545.37,35943.64,34,11,2.94,4806.9,9.75,-8.32,0.0,33,0,9,3,0.397,0,Low,5,0.000112098685
MRC00106,Retail Trader,86,660,1,0,1,258886.41,31008.43,51,3,82.35,1262.86,59.58,52.99,0.0,5,6,83,1,0.175,1,High,3,0.99988675
MRC00107,Textile & Apparel,21,619,2,1,1,1761075.15,57762.97,38,11,13.16,11510.3,18.55,-6.16,53.96,26,0,5,5,0.976,0,Low,6,4.07643e-05
MRC00108,Food & Beverages,108,544,2,1,1,5315037.72,493548.75,46,17,-10.87,28729.93,20.12,4.9,63.28,23,0,9,5,0.488,0,Low,2,0.00011773662
MRC00109,Retail Trader,50,676,1,1,1,263759.68,26655.32,47,16,-2.13,1395.55,13.79,0.72,60.72,27,0,7,4,0.467,0,Low,3,8.955969e-05
MRC00110,Retail Trader,94,628,2,1,1,136425.5,6396.73,37,10,18.92,915.61,22.59,-5.55,34.67,30,0,4,5,0.953,0,Low,3,7.202217e-05
MRC00111,Textile & Apparel,39,637,2,1,1,747137.01,95171.42,50,17,-2.0,3717.1,12.48,8.42,44.48,29,0,0,4,0.736,0,Low,6,3.4583954e-05
MRC00112,Retail Trader,20,553,2,1,0,704760.43,70480.4,53,15,15.09,3308.73,17.02,10.07,57.54,0,0,9,4,0.694,0,Low,3,0.00012156356
MRC00113,Tech Services,88,777,2,0,0,2973110.72,309036.69,30,9,10.0,24571.16,17.8,-4.75,0.0,0,0,13,4,0.64,0,Low,5,0.00022676925
MRC00114,Food & Beverages,87,720,2,0,1,166869.28,14134.94,41,14,-2.44,1011.33,24.05,8.07,0.0,29,0,13,3,0.884,0,Low,2,0.00016579009
MRC00115,Small Mfg,7,727,2,0,1,382488.47,52877.98,52,5,71.15,1830.09,42.44,38.92,0.0,6,0,23,3,0.165,1,High,4,0.9990742
MRC00116,Tech Services,9,625,1,1,0,55423.34,6108.24,40,3,77.5,344.24,68.86,15.04,84.32,0,1,42,1,0.159,0,High,5,0.1726186
MRC00117,Food & Beverages,1,511,1,0,0,3797981.74,264486.22,38,13,-2.63,24823.41,14.24,14.07,0.0,0,0,6,4,0.98,0,Low,2,9.604955e-05
MRC00118,Retail Trader,26,806,1,1,0,985252.82,50266.38,45,17,-13.33,5443.39,23.36,-6.1,74.71,0,1,9,4,0.431,0,Low,3,0.00030062007
MRC00119,Tech Services,38,645,2,1,1,418269.19,12229.36,45,16,-6.67,2310.88,5.43,9.65,35.78,32,0,9,3,0.677,0,Low,5,2.6006986e-05
MRC00120,Agri-Allied,38,590,3,1,0,149234.51,6192.77,42,13,7.14,883.04,10.53,-7.57,59.07,0,1,8,5,0.803,0,Low,0,0.000108607055
MRC00121,Food & Beverages,118,683,1,0,0,166612.95,24833.46,46,16,-4.35,900.61,10.67,14.03,0.0,0,0,12,5,0.426,0,Low,2,0.00020139974
MRC00122,Tech Services,61,743,1,0,1,1199146.1,87393.4,38,14,-10.53,7837.56,11.1,1.3,0.0,25,0,7,4,0.892,0,Low,5,0.00012431566
MRC00123,Textile & Apparel,44,648,2,1,1,193124.42,26425.09,37,5,59.46,1296.14,59.36,21.09,93.55,3,3,29,1,0.167,1,High,6,0.99864024
MRC00124,Retail Trader,86,752,3,0,1,826377.12,34851.64,44,12,18.18,4668.8,21.51,9.1,0.0,28,0,7,3,0.954,0,Low,3,0.0001733384
MRC00125,Retail Trader,44,736,3,0,1,8465704.82,637441.44,43,15,-4.65,48934.71,5.18,-3.78,0.0,23,0,12,4,0.447,0,Low,3,8.885153e-05
MRC00126,Textile & Apparel,74,563,2,0,0,480650.11,69630.53,46,13,15.22,2598.11,14.55,-0.03,0.0,0,0,9,5,0.749,0,Low,6,0.00010507888
MRC00127,Food & Beverages,119,596,3,0,1,230099.4,7328.02,45,15,0.0,1271.27,6.13,-8.25,0.0,33,1,6,5,0.809,0,Low,2,0.00015290853
MRC00128,Tech Services,62,726,1,0,1,1153612.23,112151.82,43,13,9.3,6668.28,20.97,5.37,0.0,25,0,13,5,0.853,0,Low,5,0.00010189961
MRC00129,Retail Trader,6,432,1,1,1,167552.15,23372.24,41,15,-9.76,1015.47,19.93,9.98,36.77,42,0,2,5,0.387,0,Low,3,0.00013855076
MRC00130,Agri-Allied,17,638,1,1,1,5745809.91,824287.22,53,17,3.77,26975.63,19.43,11.3,49.49,32,0,12,3,0.704,0,Low,0,4.264625e-05
MRC00131,Textile & Apparel,51,535,2,1,1,3930760.99,510924.13,53,18,-1.89,18454.28,19.73,3.41,53.13,37,0,5,3,0.922,0,Low,6,7.590498e-05
MRC00132,Retail Trader,114,611,1,0,0,598986.33,78629.82,37,3,75.68,4020.04,34.15,58.87,0.0,0,0,70,1,0.12,1,High,3,0.99935704
MRC00133,Retail Trader,38,626,2,1,1,248512.44,26040.07,35,6,48.57,1762.5,45.17,26.36,96.74,3,3,88,2,0.029,1,High,3,0.99947196
MRC00134,Textile & Apparel,24,621,2,1,0,437606.84,21291.76,52,8,53.85,2093.81,68.7,32.37,90.5,0,4,38,1,0.051,1,High,6,0.9996159
MRC00135,Construction,51,605,1,0,1,511550.33,58822.26,40,13,2.5,3177.33,8.68,-9.89,0.0,24,0,7,4,0.809,0,Low,1,7.58019e-05
MRC00136,Textile & Apparel,10,562,3,0,1,1155773.71,170118.31,35,11,5.71,8196.98,14.03,-5.13,0.0,29,0,1,4,0.903,0,Low,6,0.00010412045
MRC00137,Agri-Allied,72,833,1,0,1,2539705.77,224437.25,41,11,19.51,15392.16,5.18,5.87,0.0,40,1,4,5,0.956,0,Low,0,0.0001383898
MRC00138,Small Mfg,21,799,1,1,1,210277.81,11332.01,45,4,73.33,1161.76,66.74,24.6,98.2,7,4,75,1,0.049,1,High,4,0.99984205
MRC00139,Textile & Apparel,70,557,2,1,1,2453660.33,231996.62,41,12,12.2,14870.67,14.16,0.27,40.52,40,0,13,3,0.42,0,Low,6,0.00010644541
MRC00140,Construction,85,776,1,1,1,1530680.15,168037.07,61,22,-8.2,6247.67,23.19,10.65,63.12,43,0,9,5,0.786,0,Low,1,0.00015561335
MRC00141,Construction,57,618,2,0,1,396587.75,18669.94,45,6,60.0,2191.09,50.1,38.76,0.0,4,2,89,2,0.066,1,High,1,0.9997924
MRC00142,Retail Trader,39,660,3,1,1,197984.84,22470.21,43,14,2.33,1144.42,18.45,-0.03,35.33,38,0,1,3,0.363,0,Low,3,9.323604e-05
MRC00143,Agri-Allied,88,644,3,0,1,838591.74,80811.96,48,5,68.75,4345.03,53.93,56.79,0.0,9,1,28,1,0.094,1,High,0,0.9992912
MRC00144,Textile & Apparel,33,597,3,0,1,204534.88,20372.8,46,4,73.91,1105.59,37.87,42.5,0.0,4,1,85,3,0.101,1,High,6,0.99961555
MRC00145,Textile & Apparel,59,728,1,1,1,2491553.62,148941.17,39,4,69.23,15869.77,32.23,28.56,96.16,3,0,19,1,0.087,1,High,6,0.99966705
MRC00146,Retail Trader,18,660,2,0,1,189347.77,7608.88,43,12,16.28,1094.5,16.82,11.88,0.0,30,0,2,4,0.955,0,Low,3,0.00011518133
MRC00147,Small Mfg,56,611,1,1,1,1407389.93,142214.62,42,13,7.14,8327.75,10.69,-3.82,61.14,28,1,4,4,0.629,0,Low,4,4.352102e-05
MRC00148,Agri-Allied,92,545,1,1,1,662158.59,63706.47,37,13,-5.41,4444.02,18.05,3.34,65.24,28,1,6,4,0.8,0,Low,0,0.00010874386
MRC00149,Retail Trader,57,578,1,1,1,372223.64,23800.57,46,17,-10.87,2012.02,7.69,-0.77,52.97,21,0,3,4,0.627,0,Low,3,6.1109116e-05
MRC00150,Retail Trader,116,518,1,0,1,644739.86,37695.47,59,17,13.56,2720.42,8.03,4.78,0.0,32,0,1,5,0.474,0,Low,3,9.100706e-05
MRC00151,Tech Services,96,650,3,1,1,2665706.82,173648.89,46,16,-4.35,14409.23,18.52,4.39,35.64,27,1,11,3,0.527,0,Low,5,5.0940038e-05
MRC00152,Retail Trader,76,554,1,1,0,174432.15,14597.33,43,12,16.28,1008.28,24.47,4.28,73.69,0,0,9,4,0.702,0,Low,3,0.00017298441
MRC00153,Retail Trader,48,628,2,1,1,444814.28,65266.07,40,12,10.0,2762.82,9.94,3.19,47.69,25,0,0,4,0.518,0,Low,3,3.1690564e-05
MRC00154,Agri-Allied,42,759,1,1,1,295938.73,35294.66,42,11,21.43,1751.12,19.28,1.36,64.73,38,0,9,5,0.353,0,Medium,0,6.727368e-05
MRC00155,Construction,27,745,2,1,0,696386.04,91035.88,36,5,58.33,4802.66,41.67,52.85,90.19,0,1,87,1,0.054,1,High,1,0.99988735
MRC00156,Retail Trader,74,647,4,1,1,320738.98,27498.38,48,3,81.25,1661.86,56.42,15.99,87.77,3,2,40,1,0.023,1,High,3,0.99972254
MRC00157,Small Mfg,110,643,1,0,1,87404.54,7726.22,38,12,5.26,571.27,12.78,0.85,0.0,28,0,4,3,0.728,0,Low,4,6.285077e-05
MRC00158,Food & Beverages,52,800,2,1,1,205630.25,9574.6,40,12,10.0,1277.21,24.43,-4.72,66.39,30,0,0,5,0.395,0,Low,2,0.00016017059
MRC00159,Retail Trader,42,691,1,1,1,5205914.92,592099.72,55,19,-3.64,23556.18,6.65,-1.69,37.56,32,0,1,5,0.353,0,Low,3,7.001631e-05
MRC00160,Small Mfg,32,623,1,1,1,980750.97,73365.98,44,12,18.18,5540.97,24.69,-3.78,61.77,40,0,0,5,0.317,0,Low,4,4.566338e-05
MRC00161,Textile & Apparel,106,535,2,1,1,941128.03,109658.44,40,11,17.5,5845.52,21.92,6.74,36.79,36,0,12,4,0.791,0,Low,6,0.00011473079
MRC00162,Small Mfg,26,681,3,0,0,519626.28,38024.8,41,15,-9.76,3149.25,22.33,7.69,0.0,0,0,13,5,0.811,0,Low,4,0.00019133696
MRC00163,Small Mfg,25,716,1,1,1,685599.89,23383.92,35,3,74.29,4862.41,39.71,45.25,84.49,4,4,15,2,0.012,1,High,4,0.999884
MRC00164,Agri-Allied,75,599,1,1,1,435489.38,18506.98,40,14,-5.0,2704.9,22.24,14.59,48.56,29,1,1,4,0.374,0,Low,0,9.919595e-05
MRC00165,Retail Trader,23,673,1,0,1,1372733.05,172283.64,39,11,15.38,8743.52,21.3,-2.89,0.0,35,2,4,3,0.9,0,Low,3,0.0007974683
MRC00166,Food & Beverages,98,620,2,0,1,823213.3,44140.82,45,7,53.33,4548.14,66.44,57.28,0.0,6,3,67,1,0.012,1,High,2,0.9999163
MRC00167,Textile & Apparel,57,635,2,1,0,178881.37,9725.08,33,4,63.64,1344.97,62.97,28.7,78.47,0,8,45,2,0.115,1,High,6,0.9997769
MRC00168,Retail Trader,52,450,2,0,1,989019.58,139271.61,51,19,-11.76,4824.49,23.79,0.33,0.0,37,0,5,4,0.737,0,Low,3,9.7494914e-05
MRC00169,Retail Trader,104,632,2,0,1,38158.72,4025.46,68,23,-1.47,139.78,12.7,6.62,0.0,43,0,4,5,0.675,0,Low,3,7.166325e-05
MRC00170,Small Mfg,87,727,3,0,0,1198559.58,41781.77,52,17,1.92,5734.73,19.57,3.94,0.0,0,1,0,5,0.532,0,Low,4,0.00019349305
MRC00171,Small Mfg,93,599,2,1,1,134426.35,5197.74,45,15,0.0,742.69,19.21,2.66,73.99,30,0,6,4,0.52,0,Low,4,0.00017815693
MRC00172,Retail Trader,31,654,3,0,1,650004.07,36015.27,41,2,85.37,3939.42,48.34,59.06,0.0,1,0,61,2,0.077,1,High,3,0.999759
MRC00173,Agri-Allied,64,589,3,1,1,173936.73,16910.03,48,17,-6.25,901.23,19.77,7.69,42.19,36,1,0,5,0.654,0,Low,0,0.0001412926
MRC00174,Retail Trader,71,678,2,1,1,731891.71,86266.11,47,16,-2.13,3872.44,5.71,12.85,69.95,42,0,0,5,0.304,0,Low,3,0.00013184709
MRC00175,Small Mfg,104,632,2,1,0,1459981.36,81298.39,42,15,-7.14,8638.94,19.78,-4.23,34.45,0,2,4,4,0.479,0,Low,4,0.0007700484
MRC00176,Retail Trader,33,574,3,1,1,4427707.45,589697.42,39,13,0.0,28201.96,5.47,-9.59,61.03,42,0,0,4,0.576,0,Low,3,0.000105120074
MRC00177,Small Mfg,85,756,3,1,0,114733.9,3923.14,34,12,-5.88,837.47,15.66,15.0,35.91,0,0,3,5,0.654,0,Low,4,0.00036496946
MRC00178,Textile & Apparel,2,724,1,1,1,2351508.39,110492.42,39,11,15.38,14977.76,21.78,-2.91,73.92,25,1,8,5,0.684,0,Low,6,0.000120838806
MRC00179,Construction,18,601,1,0,1,853741.08,124783.17,37,10,18.92,5729.81,21.59,-8.93,0.0,28,0,3,5,0.485,0,Low,1,0.000103947445
MRC00180,Retail Trader,47,689,4,1,1,424725.95,15934.37,43,4,72.09,2455.06,63.47,37.65,77.6,8,4,22,1,0.044,1,High,3,0.9996099
MRC00181,Textile & Apparel,33,692,1,1,1,1815420.73,245906.85,55,16,12.73,8214.57,17.05,6.72,53.86,24,0,3,3,0.447,0,Low,6,8.1313425e-05
MRC00182,Retail Trader,101,701,3,0,0,549569.31,61283.33,47,15,4.26,2907.77,8.68,4.7,0.0,0,0,5,5,0.786,0,Low,3,0.00020745717
MRC00183,Tech Services,98,514,1,1,1,1725515.87,50905.0,59,20,-1.69,7280.66,15.16,-4.83,53.08,30,1,9,4,0.411,0,Low,5,9.89641e-05
MRC00184,Tech Services,84,730,1,0,1,221743.45,18378.52,42,3,78.57,1312.09,55.29,30.05,0.0,6,1,76,2,0.018,1,High,5,0.999858
MRC00185,Retail Trader,35,604,1,1,1,341261.24,29849.2,47,6,61.7,1805.62,63.45,28.76,84.1,5,6,80,1,0.005,1,High,3,0.99989367
MRC00186,Small Mfg,51,621,1,0,0,2263267.36,319523.9,48,5,68.75,11726.77,57.02,47.38,0.0,0,0,17,3,0.098,1,High,4,0.9984817
MRC00187,Food & Beverages,114,861,1,1,1,4336077.21,324094.01,43,12,16.28,25064.03,22.44,-9.94,57.67,38,0,4,3,0.672,0,Low,2,0.00014493907
MRC00188,Agri-Allied,118,674,2,0,1,699388.54,54607.75,57,21,-10.53,3054.1,15.36,5.42,0.0,32,1,3,4,0.926,0,Low,0,0.00010617282
MRC00189,Agri-Allied,18,619,2,0,1,25725.89,890.7,47,13,17.02,136.12,19.09,-1.87,0.0,23,0,3,4,0.968,0,Low,0,5.8035068e-05
MRC00190,Retail Trader,110,473,4,1,1,574434.21,59219.82,43,15,-4.65,3320.43,14.92,-9.4,59.43,24,0,11,3,0.973,0,Low,3,0.00013450542
MRC00191,Retail Trader,88,761,1,1,1,758358.37,35958.78,52,19,-9.62,3628.51,17.35,1.5,53.86,24,0,2,5,0.572,0,Low,3,0.00014531796
MRC00192,Tech Services,72,542,2,1,1,551651.59,16593.31,43,16,-11.63,3188.74,6.85,13.39,41.67,26,1,11,4,0.495,0,Low,5,0.00010970162
MRC00193,Tech Services,30,569,2,0,1,1092092.65,163376.48,43,16,-11.63,6312.67,23.63,-3.63,0.0,22,1,1,4,0.887,0,Low,5,0.000106736516
MRC00194,Small Mfg,44,623,2,0,0,411559.17,22657.09,47,17,-8.51,2177.56,13.72,-3.72,0.0,0,0,1,4,0.657,0,Low,4,2.4400792e-05
MRC00195,Textile & Apparel,53,763,2,1,1,1995978.64,76519.66,43,14,2.33,11537.45,19.97,1.7,64.64,31,0,12,4,0.717,0,Low,6,0.00010366247
MRC00196,Textile & Apparel,10,711,1,1,1,179861.8,19952.74,37,12,2.7,1207.13,18.34,-6.29,57.84,21,1,9,3,0.767,0,Low,6,0.0001122036
MRC00197,Small Mfg,87,637,1,0,0,3217832.16,408081.23,46,15,2.17,17393.69,20.99,5.95,0.0,0,0,0,5,0.735,0,Low,4,5.8880447e-05
MRC00198,Tech Services,52,674,1,1,0,4686021.98,132755.35,50,18,-8.0,23313.54,5.7,10.98,55.54,0,0,13,4,0.624,0,Low,5,0.00010668523
MRC00199,Tech Services,49,601,1,0,0,243854.82,8218.18,57,20,-5.26,1064.87,23.71,-5.14,0.0,0,0,1,5,0.934,0,Low,5,0.00012598997
MRC00200,Food & Beverages,11,661,2,0,1,243696.82,7730.7,37,3,75.68,1635.55,67.52,40.57,0.0,4,1,18,3,0.112,1,High,2,0.998978
MRC00201,Small Mfg,66,655,1,0,0,1194017.68,31169.48,46,16,-4.35,6454.15,21.68,12.2,0.0,0,1,7,5,0.691,0,Low,4,6.0221173e-05
MRC00202,Retail Trader,58,727,3,1,0,175489.68,18554.41,42,14,0.0,1038.4,14.34,12.58,71.27,0,0,10,3,0.731,0,Low,3,0.00026967115
MRC00203,Retail Trader,90,727,3,1,1,403881.4,38966.77,42,15,-7.14,2389.83,20.93,3.82,38.47,27,0,1,4,0.666,0,Low,3,0.00010415243
MRC00204,Tech Services,36,689,4,1,1,2738805.26,290764.89,45,13,13.33,15131.52,16.5,-6.19,62.38,24,0,13,5,0.832,0,Low,5,9.5768686e-05
MRC00205,Small Mfg,33,621,3,1,1,1767590.92,151547.47,51,15,11.76,8622.39,15.07,6.48,59.0,27,0,7,5,0.661,0,Low,4,4.2371645e-05
MRC00206,Retail Trader,47,709,1,0,1,7851660.61,991476.29,54,20,-11.11,36182.77,20.7,8.37,0.0,28,0,6,4,0.719,0,Low,3,7.4357566e-05
MRC00207,Retail Trader,13,642,2,1,1,895324.03,81534.37,38,12,5.26,5851.79,17.56,8.86,65.02,24,1,0,5,0.709,0,Low,3,4.8233742e-05
MRC00208,Small Mfg,40,563,1,1,1,350457.39,48866.76,41,13,4.88,2123.98,6.54,13.36,39.32,27,0,2,5,0.951,0,Low,4,4.4961424e-05
MRC00209,Retail Trader,89,617,3,1,1,775677.57,64485.42,37,13,-5.41,5205.89,11.29,5.38,71.27,20,0,6,5,0.937,0,Low,3,6.899006e-05
MRC00210,Retail Trader,68,656,3,0,1,608829.78,74755.55,34,12,-5.88,4444.01,17.44,1.65,0.0,34,1,2,3,0.905,0,Low,3,5.818369e-05
MRC00211,Agri-Allied,42,722,3,1,1,619167.72,45172.52,44,13,11.36,3498.12,23.08,2.56,64.6,30,1,7,4,0.703,0,Low,0,8.484073e-05
MRC00212,Small Mfg,19,635,1,1,0,708875.75,54285.07,45,13,13.33,3916.44,23.66,-1.96,61.36,0,1,0,4,0.73,0,Low,4,6.759199e-05
MRC00213,Small Mfg,82,553,2,1,1,238441.66,31085.39,50,6,64.0,1186.28,37.71,45.33,76.96,4,2,74,1,0.076,1,High,4,0.99991894
MRC00214,Retail Trader,101,654,1,1,1,1023420.81,34791.99,42,15,-7.14,6055.74,10.09,7.94,65.9,33,1,11,3,0.875,0,Low,3,5.1257797e-05
MRC00215,Small Mfg,94,659,1,1,1,134538.28,12571.16,44,13,11.36,760.1,14.47,-9.5,66.87,31,0,10,4,0.706,0,Low,4,6.655411e-05
MRC00216,Retail Trader,19,664,2,0,1,308602.11,35311.41,41,15,-9.76,1870.32,13.67,-8.4,0.0,29,0,12,4,0.675,0,Low,3,5.7787718e-05
MRC00217,Textile & Apparel,58,723,1,1,1,632443.07,74346.64,39,12,7.69,4028.3,13.77,-1.65,44.9,37,0,7,4,0.867,0,Low,6,0.00010537007
MRC00218,Food & Beverages,23,731,4,1,1,48462.04,4695.69,43,5,65.12,280.13,37.58,23.86,80.58,4,3,41,1,0.061,1,High,2,0.99940944
MRC00219,Small Mfg,54,602,1,1,1,1835430.92,143619.5,46,17,-10.87,9921.25,8.47,2.08,35.61,20,0,1,5,0.887,0,Low,4,7.31389e-05
MRC00220,Food & Beverages,80,600,3,1,1,62082.2,3346.34,47,15,4.26,328.48,8.07,-4.62,73.91,37,1,12,5,0.929,0,Low,2,0.00016677995
MRC00221,Small Mfg,65,566,2,0,1,1629046.17,225175.58,52,15,13.46,7794.48,17.35,12.43,0.0,18,0,1,5,0.948,0,Low,4,0.00012057235
MRC00222,Agri-Allied,12,705,3,1,1,154605.01,10524.34,41,5,63.41,937.0,67.69,24.79,95.31,5,1,73,1,0.184,1,High,0,0.9979183
MRC00223,Retail Trader,24,765,3,0,1,448694.52,55579.33,51,16,5.88,2188.75,11.49,-0.75,0.0,33,0,10,5,0.497,0,Low,3,8.9617184e-05
MRC00224,Textile & Apparel,34,624,3,0,1,1359947.67,32797.22,50,18,-8.0,6765.91,13.88,7.89,0.0,26,0,13,3,0.308,0,Low,6,3.9937582e-05
MRC00225,Retail Trader,53,630,1,1,1,10198665.37,511789.4,35,10,14.29,72330.96,11.48,1.03,51.4,30,0,2,3,0.432,0,Low,3,3.268325e-05
MRC00226,Retail Trader,8,767,3,0,0,838812.41,54460.75,45,14,6.67,4634.32,20.15,8.25,0.0,0,0,8,4,0.377,0,Low,3,0.00028204374
MRC00227,Construction,18,690,1,0,1,67565.2,7250.06,39,13,0.0,430.35,8.34,-4.54,0.0,34,0,7,3,0.989,0,Low,1,0.00011747476
MRC00228,Textile & Apparel,57,684,1,0,0,2290851.54,140917.16,50,8,52.0,11397.27,69.23,15.17,0.0,0,2,76,2,0.131,1,High,6,0.99701023
MRC00229,Tech Services,112,554,1,1,1,552217.86,14013.79,51,18,-5.88,2693.75,18.01,1.52,58.04,29,2,1,5,0.768,0,Low,5,0.0007140678
MRC00230,Small Mfg,5,704,3,1,1,793245.46,33794.46,41,12,12.2,4807.55,9.61,-2.01,65.41,28,1,7,5,0.58,0,Low,4,0.00011567201
MRC00231,Food & Beverages,26,575,2,0,1,1424648.44,76491.51,45,13,13.33,7870.99,17.87,5.13,0.0,28,1,4,4,0.499,0,Low,2,0.00010302124
MRC00232,Agri-Allied,30,559,3,0,1,50490.8,2165.36,39,14,-7.69,321.6,6.17,9.72,0.0,26,0,13,4,0.594,0,Low,0,0.00013788637
MRC00233,Agri-Allied,54,622,2,1,1,735160.57,34173.35,55,7,61.82,3326.52,52.66,45.31,87.27,2,2,71,3,0.126,1,High,0,0.999828
MRC00234,Agri-Allied,13,603,1,1,1,446130.74,53519.81,55,19,-3.64,2018.69,8.08,9.01,40.89,32,0,12,5,0.65,0,Low,0,5.8581987e-05
MRC00235,Retail Trader,83,632,3,0,1,3160377.02,232491.16,56,20,-7.14,14046.12,10.81,-1.46,0.0,30,1,4,5,0.484,0,Low,3,5.269588e-05
MRC00236,Small Mfg,29,534,1,1,1,1745473.66,126849.33,37,11,10.81,11714.59,11.58,8.18,37.7,24,0,12,4,0.347,0,Low,4,9.597658e-05
MRC00237,Textile & Apparel,3,726,3,1,0,103528.03,15079.77,51,7,58.82,505.01,38.76,26.23,92.7,0,3,39,1,0.133,1,High,6,0.9996424
MRC00238,Retail Trader,90,740,1,1,0,3318923.44,259112.46,41,14,-2.44,20114.69,15.4,12.65,51.63,0,0,5,5,0.369,0,Low,3,0.00021312578
MRC00239,Small Mfg,104,494,2,1,1,1250970.37,175880.88,43,14,2.33,7231.04,17.6,7.67,48.79,30,0,13,4,0.495,0,Low,4,0.00010683864
MRC00240,Retail Trader,58,728,1,1,0,113926.65,6707.8,45,14,6.67,629.43,11.63,-6.24,69.01,0,2,10,5,0.729,0,Low,3,0.0016720097
MRC00241,Construction,76,585,1,0,1,779886.54,56215.32,48,17,-6.25,4040.86,15.64,-8.05,0.0,25,0,4,5,0.761,0,Low,1,0.00010198554
MRC00242,Construction,2,718,1,0,0,2525100.28,180587.18,40,3,77.5,15683.85,67.87,48.18,0.0,0,2,62,2,0.135,1,High,1,0.99988997
MRC00243,Tech Services,75,644,1,0,1,169930.93,15462.06,48,14,12.5,880.47,9.21,-0.87,0.0,36,0,12,4,0.98,0,Low,5,5.9460846e-05
MRC00244,Textile & Apparel,108,652,1,1,1,3809821.15,365560.52,56,16,14.29,16932.54,8.05,-5.8,73.87,29,0,9,5,0.568,0,Low,6,5.8461337e-05
MRC00245,Retail Trader,28,635,1,1,1,118758.28,6205.86,37,11,10.81,797.04,21.85,9.94,70.14,33,0,4,4,0.501,0,Low,3,5.491189e-05
MRC00246,Tech Services,82,746,2,1,0,282244.05,34762.86,44,15,-2.27,1594.6,13.21,-0.61,55.45,0,0,11,4,0.352,0,Low,5,0.00015878316
MRC00247,Textile & Apparel,77,550,2,0,0,235285.51,19893.01,42,15,-7.14,1392.22,21.94,-7.85,0.0,0,0,2,5,0.376,0,Low,6,0.00018375828
MRC00248,Construction,101,698,2,1,1,3806879.86,79623.41,44,16,-9.09,21507.8,13.49,-3.44,62.57,23,0,13,4,0.733,0,Low,1,0.00012196984
MRC00249,Construction,86,738,3,1,0,404651.16,39200.29,36,10,16.67,2790.7,5.43,6.92,72.72,0,1,1,3,0.852,0,Low,1,0.0002513032
MRC00250,Tech Services,76,707,2,1,1,180704.72,22361.8,53,5,71.7,848.38,30.84,37.55,75.01,1,3,37,2,0.104,1,High,5,0.99991953
MRC00251,Textile & Apparel,2,835,2,1,1,1244510.77,65412.33,54,19,-5.56,5735.07,17.2,-3.44,57.6,24,2,10,4,0.427,0,Low,6,0.000780311
MRC00252,Textile & Apparel,101,607,2,1,0,1612694.9,40193.57,37,13,-5.41,10823.46,13.95,-1.47,61.54,0,0,9,5,0.858,0,Low,6,5.1346153e-05
MRC00253,Tech Services,7,726,1,1,1,1625040.53,203021.55,45,15,0.0,8978.12,14.19,-8.75,42.54,15,0,6,3,0.981,0,Low,5,9.704579e-05
MRC00254,Textile & Apparel,26,641,2,1,1,526703.47,77381.15,43,15,-4.65,3044.53,24.97,13.83,39.07,36,1,0,4,0.763,0,Low,6,5.306086e-05
MRC00255,Retail Trader,90,748,1,1,1,989981.13,29653.17,46,16,-4.35,5351.25,15.88,-1.82,58.75,28,0,13,5,0.999,0,Low,3,0.00014046136
MRC00256,Agri-Allied,88,649,3,0,1,334275.34,47448.64,57,20,-5.26,1459.72,18.94,13.24,0.0,32,1,4,3,0.59,0,Low,0,6.990702e-05
MRC00257,Construction,76,618,2,1,1,5442570.43,363050.33,40,3,77.5,33804.79,54.52,58.16,75.36,1,1,72,3,0.188,1,High,1,0.99919385
MRC00258,Small Mfg,16,754,1,1,1,2879266.67,409970.57,55,19,-3.64,13028.36,5.0,-1.62,52.17,33,2,0,4,0.333,0,Low,4,0.0007510164
MRC00259,Agri-Allied,23,610,2,1,1,2675236.1,279158.51,51,18,-5.88,13049.93,16.05,7.35,71.97,28,2,11,4,0.383,0,Low,0,0.00052305876
MRC00260,Retail Trader,40,536,1,1,0,1891610.46,256751.62,51,15,11.76,9227.37,24.26,1.84,73.99,0,1,3,3,0.727,0,Low,3,9.299993e-05
MRC00261,Small Mfg,60,608,1,1,1,1360931.52,166249.07,39,11,15.38,8668.35,20.02,14.42,41.12,30,0,1,5,0.43,0,Low,4,4.926388e-05
MRC00262,Construction,73,699,1,1,1,163859.56,3873.59,49,17,-4.08,831.77,11.81,5.96,35.94,29,2,3,4,0.612,0,Low,1,0.0008773525
MRC00263,Retail Trader,32,761,2,1,1,1559633.61,44461.29,39,3,76.92,9933.97,60.91,27.96,76.74,6,5,80,2,0.106,1,High,3,0.9998846
MRC00264,Agri-Allied,15,658,2,0,1,836614.17,73912.18,54,17,5.56,3855.36,11.07,5.95,0.0,33,0,12,5,0.934,0,Low,0,5.3478678e-05
MRC00265,Tech Services,101,755,3,1,1,3321864.91,122412.29,44,14,4.55,18767.6,17.6,-4.49,65.23,34,1,5,5,0.942,0,Low,5,0.00015512371
MRC00266,Food & Beverages,13,541,1,1,1,1922050.26,153638.03,49,14,14.29,9756.6,6.95,-2.34,53.49,30,0,7,4,0.475,0,Low,2,9.105923e-05
MRC00267,Small Mfg,5,614,2,0,1,1411913.68,203459.5,33,12,-9.09,10615.89,10.8,7.82,0.0,28,0,3,5,0.369,0,Low,4,5.3818076e-05
MRC00268,Small Mfg,75,626,2,1,1,96657.61,5636.92,42,15,-7.14,571.94,14.96,-7.91,58.68,20,1,7,4,0.843,0,Low,4,5.695227e-05
MRC00269,Textile & Apparel,74,640,1,1,1,655530.01,54775.2,41,12,12.2,3972.91,15.7,-2.44,51.76,24,2,10,4,0.878,0,Low,6,0.0005086307
MRC00270,Textile & Apparel,52,656,2,1,1,373446.22,26123.96,54,15,16.67,1720.95,17.15,5.49,64.66,34,0,4,4,0.705,0,Low,6,2.3552753e-05
MRC00271,Food & Beverages,77,705,1,1,1,987408.5,100594.71,46,14,8.7,5337.34,20.94,14.89,72.92,21,0,8,5,0.38,0,Low,2,0.00015260381
MRC00272,Food & Beverages,41,614,1,0,0,443007.54,20023.87,48,5,68.75,2295.38,43.22,36.53,0.0,0,1,55,1,0.129,1,High,2,0.9990754
MRC00273,Tech Services,53,661,2,1,1,523799.93,28176.3,57,16,15.79,2287.34,9.5,10.81,42.38,26,0,2,4,0.818,0,Low,5,5.105607e-05
MRC00274,Tech Services,110,646,2,1,0,1265326.42,166567.34,44,16,-9.09,7148.74,22.45,2.52,39.6,0,1,7,4,0.634,0,Low,5,5.8253034e-05
MRC00275,Agri-Allied,50,575,1,0,0,434275.44,54490.15,46,16,-4.35,2347.43,21.62,10.12,0.0,0,0,12,3,0.958,0,Low,0,6.822994e-05
MRC00276,Agri-Allied,15,640,1,0,1,844001.75,103470.11,56,20,-7.14,3751.12,21.43,3.97,0.0,25,0,0,4,0.659,0,Low,0,4.756797e-05
MRC00277,Food & Beverages,106,638,1,1,1,117795.54,14161.33,52,18,-3.85,563.62,9.17,1.46,41.12,25,0,1,5,0.662,0,Low,2,6.02603e-05
MRC00278,Small Mfg,7,636,1,1,1,268637.52,21417.63,36,12,0.0,1852.67,6.17,-4.41,62.47,32,0,2,3,0.774,0,Low,4,2.6374615e-05
MRC00279,Small Mfg,40,652,1,1,1,1602783.37,183928.69,42,5,64.29,9483.93,45.27,17.92,91.43,8,0,70,1,0.067,1,High,4,0.99095976
MRC00280,Food & Beverages,28,656,1,1,1,166669.73,11722.99,33,12,-9.09,1253.16,22.4,4.96,64.04,30,3,0,5,0.507,0,Low,2,0.0006795064
MRC00281,Tech Services,32,615,2,0,1,3252290.56,107625.6,43,15,-4.65,18799.37,9.75,6.88,0.0,33,1,0,4,0.393,0,Low,5,4.5112087e-05
MRC00282,Textile & Apparel,99,751,1,0,0,2348480.84,167067.88,40,2,85.0,14586.84,46.08,21.07,0.0,0,2,35,2,0.14,1,High,6,0.99947304
MRC00283,Textile & Apparel,15,556,2,0,1,528672.32,21477.94,38,4,68.42,3455.37,31.89,45.57,0.0,5,2,74,2,0.136,1,High,6,0.99988294
MRC00284,Retail Trader,112,592,2,1,1,26654829.9,1887447.66,57,17,10.53,116396.64,10.96,14.12,43.77,32,0,2,4,0.915,0,Low,3,0.000116159565
MRC00285,Agri-Allied,100,872,1,0,1,3242075.58,190197.27,35,3,74.29,22993.44,33.26,26.31,0.0,6,3,33,1,0.107,1,High,0,0.9997329
MRC00286,Retail Trader,85,566,1,1,0,233483.01,22855.86,46,13,15.22,1262.07,8.02,12.07,68.05,0,1,7,4,0.503,0,Low,3,0.00016569243
MRC00287,Agri-Allied,70,541,3,1,0,1785856.81,119652.86,50,17,-2.0,8884.86,22.46,-0.1,48.05,0,0,7,4,0.526,0,Low,0,0.00010818514
MRC00288,Agri-Allied,65,708,1,1,1,789405.71,88197.66,48,3,81.25,4090.19,42.51,49.85,88.31,5,1,80,2,0.085,1,High,0,0.99995804
MRC00289,Textile & Apparel,4,483,1,1,1,287203.27,24865.79,42,15,-7.14,1699.43,8.81,-1.21,50.45,23,0,9,3,0.674,0,Low,6,5.9421112e-05
MRC00290,Small Mfg,11,631,1,1,1,202017.38,28188.29,51,19,-11.76,985.45,7.94,-0.6,31.33,32,0,1,4,0.36,0,Low,4,5.7116198e-05
MRC00291,Retail Trader,108,821,2,0,0,2406952.55,76621.26,46,5,67.39,13010.55,38.3,16.3,0.0,0,1,54,2,0.164,1,High,3,0.9947306
MRC00292,Retail Trader,26,526,2,0,1,355921.49,38938.59,47,17,-8.51,1883.18,5.35,3.17,0.0,27,0,13,5,0.729,0,Low,3,6.966738e-05
MRC00293,Food & Beverages,61,491,4,0,1,645479.27,69331.96,50,4,76.0,3211.34,30.29,37.4,0.0,4,2,69,3,0.026,1,High,2,0.9994708
MRC00294,Textile & Apparel,37,530,3,1,1,241534.81,34679.92,44,6,59.09,1364.6,42.49,51.18,76.98,4,0,73,2,0.021,1,High,6,0.9996037
MRC00295,Retail Trader,23,721,1,0,1,297214.83,20300.29,49,15,8.16,1508.7,5.49,12.69,0.0,27,1,4,4,0.626,0,Low,3,0.00011354286
MRC00296,Agri-Allied,93,739,1,1,0,626362.75,37398.2,47,14,10.64,3314.09,24.95,-3.46,64.49,0,0,0,5,0.94,0,Low,0,0.0002559381
MRC00297,Food & Beverages,85,608,1,0,1,1162192.37,49289.91,39,13,0.0,7402.5,13.98,6.29,0.0,27,0,2,5,0.39,0,Low,2,5.2351075e-05
MRC00298,Retail Trader,112,704,1,0,0,32662.05,1779.67,52,18,-3.85,156.28,19.58,2.53,0.0,0,1,0,4,0.65,0,Low,3,0.00023137803
MRC00299,Small Mfg,109,761,1,0,1,744377.64,63455.07,53,16,9.43,3494.73,19.74,-3.75,0.0,30,0,13,5,0.438,0,Low,4,0.00015141902
MRC00300,Retail Trader,109,792,1,1,0,297942.2,38405.55,48,14,12.5,1543.74,22.61,12.43,37.16,0,0,1,5,0.347,0,Low,3,0.00015035894
MRC00301,Retail Trader,113,630,1,1,1,3924836.23,223547.91,52,15,13.46,18779.12,7.07,-4.22,49.7,41,1,0,4,0.888,0,Low,3,4.596168e-05
MRC00302,Agri-Allied,91,465,1,1,1,24923038.51,1009544.44,39,12,7.69,158745.47,15.51,5.62,66.48,35,0,12,4,0.971,0,Low,0,0.000109399
MRC00303,Agri-Allied,103,584,1,1,1,473953.81,26246.0,53,16,9.43,2225.14,11.43,-1.62,30.55,31,0,13,3,0.628,0,Low,0,6.19991e-05
MRC00304,Small Mfg,40,615,4,1,1,92348.59,3058.63,56,17,8.93,410.44,15.97,10.65,55.87,30,2,11,5,0.513,0,Low,4,0.0003925996
MRC00305,Small Mfg,77,629,2,1,0,839240.31,117888.42,59,19,3.39,3541.1,11.64,5.51,37.78,0,0,4,4,0.368,0,Low,4,7.9713216e-05
MRC00306,Construction,23,634,4,1,1,570053.11,76068.54,41,15,-9.76,3454.87,8.67,10.81,63.49,28,0,8,4,0.448,0,Low,1,5.5451477e-05
MRC00307,Agri-Allied,16,739,1,1,1,7768757.34,466932.79,42,12,14.29,45968.98,18.46,-1.31,36.31,37,1,3,5,0.38,0,Low,0,0.00012524732
MRC00308,Textile & Apparel,94,751,2,1,1,5389198.4,280822.59,42,6,57.14,31888.75,56.56,57.84,97.3,3,4,57,3,0.157,1,High,6,0.9999385
MRC00309,Food & Beverages,61,636,1,1,1,2060480.91,283731.62,45,14,6.67,11383.87,22.91,-4.46,31.92,28,0,6,4,0.689,0,Low,2,4.779181e-05
MRC00310,Retail Trader,68,737,1,1,0,360759.61,7298.29,46,16,-4.35,1950.05,7.93,10.36,49.92,0,0,1,5,0.726,0,Low,3,0.00012719455
MRC00311,Textile & Apparel,104,678,1,1,1,1645113.41,161344.63,37,4,67.57,11041.03,54.09,30.24,88.56,3,1,34,2,0.057,1,High,6,0.99989164
MRC00312,Retail Trader,80,655,3,1,1,1002500.19,139428.22,40,12,10.0,6226.71,20.08,-2.01,43.0,33,0,6,4,0.529,0,Low,3,5.9223505e-05
MRC00313,Retail Trader,31,722,4,0,1,974410.39,83908.89,47,17,-8.51,5155.61,6.46,1.24,0.0,24,0,1,4,0.777,0,Low,3,0.00011296131
MRC00314,Construction,53,655,1,1,1,112434.28,2292.05,33,9,18.18,845.37,23.07,-3.13,71.97,38,0,5,3,0.359,0,Low,1,5.316129e-05
MRC00315,Food & Beverages,106,814,1,0,1,2608157.02,126373.78,47,15,4.26,13799.77,12.12,10.18,0.0,41,0,8,4,0.402,0,Low,2,0.00014672046
MRC00316,Small Mfg,25,534,1,1,0,830156.9,116153.4,44,13,11.36,4690.15,24.93,-1.96,50.83,0,2,0,3,0.497,0,Low,4,0.0009415873
MRC00317,Textile & Apparel,44,608,1,1,1,646281.46,14355.8,46,14,8.7,3493.41,6.38,5.1,67.05,28,0,4,3,0.37,0,Low,6,4.2381667e-05
MRC00318,Retail Trader,12,639,1,1,1,354978.39,25317.55,40,13,2.5,2204.83,19.34,1.28,66.05,24,0,3,5,0.658,0,Low,3,2.6090478e-05
MRC00319,Retail Trader,90,685,1,0,0,281435.96,34522.85,55,20,-9.09,1273.47,8.21,-2.82,0.0,0,2,5,5,0.654,0,Low,3,0.0014981718
MRC00320,Retail Trader,101,751,2,0,0,1067372.2,137639.6,45,14,6.67,5897.08,13.05,-3.37,0.0,0,0,13,3,0.354,0,Low,3,0.00024951072
MRC00321,Agri-Allied,112,648,1,0,1,89411.5,7339.7,41,14,-2.44,541.89,13.86,2.55,0.0,29,0,8,4,0.429,0,Low,0,6.5184e-05
MRC00322,Small Mfg,97,536,1,0,0,1881158.77,94477.23,43,16,-11.63,10873.75,13.12,-4.73,0.0,0,1,13,3,0.918,0,Low,4,9.468492e-05
MRC00323,Small Mfg,92,717,1,1,0,205885.09,20168.84,60,4,80.0,854.29,68.46,38.9,82.16,0,5,69,2,0.144,1,High,4,0.99993
MRC00324,Retail Trader,9,710,1,1,1,61671.87,3348.24,34,11,2.94,450.16,20.34,-9.02,55.85,38,0,10,5,0.622,0,Low,3,0.00011813878
MRC00325,Construction,12,494,4,1,1,6493254.19,345339.53,44,16,-9.09,36685.05,21.4,9.76,63.58,30,0,4,3,0.507,0,Low,1,0.00012073884
MRC00326,Food & Beverages,69,649,1,1,0,260483.69,32557.33,41,5,63.41,1578.69,52.92,18.95,76.79,0,2,34,1,0.113,1,High,2,0.99865097
MRC00327,Agri-Allied,54,522,3,0,1,306633.65,12282.08,38,5,60.53,2004.14,38.14,41.5,0.0,5,2,67,2,0.009,1,High,0,0.9998466
MRC00328,Small Mfg,116,596,3,0,1,2846059.59,58964.07,43,3,79.07,16451.21,52.0,17.21,0.0,6,0,41,1,0.121,1,High,4,0.99648833
MRC00329,Textile & Apparel,54,577,4,0,1,6751782.36,430633.93,43,15,-4.65,39027.64,16.87,11.2,0.0,36,0,11,4,0.402,0,Low,6,8.8219764e-05
MRC00330,Retail Trader,28,714,2,1,1,115890.16,9714.68,47,14,10.64,613.18,8.01,6.1,62.06,23,0,0,3,0.925,0,Low,3,0.00012727523
MRC00331,Textile & Apparel,56,659,2,1,1,231560.93,25856.2,37,4,67.57,1554.1,55.4,40.69,89.24,6,1,26,2,0.187,1,High,6,0.9994591
MRC00332,Food & Beverages,99,547,3,1,0,252909.1,30739.83,40,15,-12.5,1570.86,20.94,-6.38,48.98,0,0,0,4,0.622,0,Low,2,7.5399694e-05
MRC00333,Retail Trader,69,720,1,0,1,2239497.34,237963.38,35,5,57.14,15882.96,46.17,17.74,0.0,3,1,65,1,0.033,1,High,3,0.9989458
MRC00334,Retail Trader,98,535,2,0,0,5214524.97,528993.51,45,13,13.33,28809.53,19.92,7.25,0.0,0,0,6,4,0.997,0,Low,3,0.00011054938
MRC00335,Retail Trader,110,676,4,1,0,199525.42,21258.9,55,16,12.73,902.83,24.77,2.8,48.86,0,0,8,5,0.477,0,Low,3,0.0002287421
MRC00336,Retail Trader,98,584,2,0,1,3983591.69,220286.44,48,16,0.0,20640.37,23.45,2.86,0.0,33,0,0,3,0.647,0,Low,3,0.00012089933
MRC00337,Tech Services,77,620,4,1,0,311501.39,21713.82,43,13,9.3,1800.59,17.23,-6.67,38.38,0,0,1,5,0.71,0,Low,5,3.3289634e-05
MRC00338,Small Mfg,103,690,2,0,1,1091810.06,109330.31,39,13,0.0,6954.2,15.23,1.88,0.0,30,0,12,5,0.854,0,Low,4,0.00011420839
MRC00339,Agri-Allied,106,691,3,0,1,158618.24,4524.46,32,10,6.25,1229.6,15.69,4.76,0.0,30,0,10,3,0.58,0,Low,0,0.00015856832
MRC00340,Retail Trader,109,756,2,1,1,630131.31,36794.81,41,15,-9.76,3818.98,14.33,-6.94,40.39,33,0,4,5,0.457,0,Low,3,0.00015831465
MRC00341,Agri-Allied,112,643,2,0,0,638364.52,46494.94,45,14,6.67,3526.88,14.6,14.36,0.0,0,0,1,3,0.407,0,Low,0,7.00813e-05
MRC00342,Agri-Allied,58,674,2,1,1,499723.4,44648.93,47,8,48.94,2644.04,50.67,48.99,88.82,6,0,65,1,0.156,1,High,0,0.99992514
MRC00343,Retail Trader,78,614,3,1,1,1157722.39,96371.91,47,14,10.64,6125.52,24.84,-2.06,48.58,28,0,12,5,0.331,0,Low,3,6.816335e-05
MRC00344,Textile & Apparel,75,664,3,1,1,217850.2,24694.88,44,12,18.18,1230.79,5.91,4.08,48.15,22,1,4,4,0.814,0,Low,6,0.00012655107
MRC00345,Textile & Apparel,42,685,3,1,1,252592.31,20597.76,45,14,6.67,1395.54,9.6,3.97,35.74,26,1,12,5,0.594,0,Low,6,8.358534e-05
MRC00346,Small Mfg,38,642,2,1,0,1233599.13,169665.4,45,16,-6.67,6815.46,9.2,-7.33,34.9,0,0,9,3,0.332,0,Low,4,4.771003e-05
MRC00347,Small Mfg,68,505,1,0,0,3650747.13,253512.93,39,14,-7.69,23253.17,21.66,0.95,0.0,0,1,10,4,0.447,0,Low,4,9.451145e-05
MRC00348,Retail Trader,53,676,1,1,1,709718.41,62666.94,49,14,14.29,3602.63,13.39,-4.81,67.64,25,0,8,4,0.731,0,Low,3,7.311547e-05
MRC00349,Textile & Apparel,33,679,3,1,0,1334950.71,27256.16,43,15,-4.65,7716.48,15.5,-1.67,72.0,0,0,6,4,0.987,0,Low,6,0.0001735415
MRC00350,Small Mfg,71,595,2,0,1,1811554.75,109349.31,46,7,54.35,9792.19,31.42,29.31,0.0,3,3,84,2,0.073,1,High,4,0.9998869
MRC00351,Agri-Allied,56,547,1,1,1,1976041.63,262130.79,51,18,-5.88,9639.23,22.07,3.78,53.69,23,0,7,5,0.43,0,Low,0,9.408137e-05
MRC00352,Tech Services,105,768,1,1,1,232296.61,14719.46,46,14,8.7,1255.66,14.99,-8.33,41.51,29,2,3,3,0.571,0,Low,5,0.0009009882
MRC00353,Small Mfg,72,689,3,1,1,287100.53,15191.7,39,11,15.38,1828.67,18.36,6.81,47.64,29,1,2,5,0.783,0,Low,4,7.257392e-05
MRC00354,Retail Trader,101,631,3,1,1,318669.72,28890.53,39,13,0.0,2029.74,5.39,14.97,65.74,28,0,7,4,0.941,0,Low,3,3.5635956e-05
MRC00355,Retail Trader,51,559,3,1,1,7380563.59,223150.7,43,16,-11.63,42662.22,18.05,-5.81,51.43,42,0,9,3,0.425,0,Low,3,8.7810855e-05
MRC00356,Small Mfg,74,584,2,1,1,1342214.64,119602.96,46,13,15.22,7255.21,9.82,7.07,34.93,33,1,7,3,0.469,0,Low,4,0.00010357156
MRC00357,Retail Trader,43,754,1,1,1,1271844.62,75644.94,37,10,18.92,8535.87,22.34,10.61,30.14,37,0,12,4,0.622,0,Low,3,0.00010063163
MRC00358,Small Mfg,15,661,1,1,1,1131984.57,79016.34,45,3,80.0,6254.06,43.16,18.27,77.82,10,2,32,1,0.068,1,High,4,0.99912745
MRC00359,Construction,38,605,1,1,1,149499.44,18370.11,29,5,48.28,1277.77,56.78,55.91,78.12,8,3,61,3,0.009,1,High,1,0.9995877
MRC00360,Agri-Allied,15,690,3,1,1,7465691.11,791776.28,30,10,0.0,61699.93,7.07,12.75,65.73,35,1,4,4,0.903,0,Low,0,0.00010792269
MRC00361,Textile & Apparel,5,584,1,0,1,1296300.55,101103.4,48,13,18.75,6716.58,10.86,-9.2,0.0,28,0,2,3,0.989,0,Low,6,9.228577e-05
MRC00362,Small Mfg,93,770,2,1,0,1737212.08,165169.12,36,5,58.33,11980.77,68.24,30.9,93.19,0,1,46,2,0.163,1,High,4,0.9997141
MRC00363,Textile & Apparel,83,758,2,1,0,87673.46,10493.78,42,6,57.14,518.78,64.83,33.26,99.77,0,2,28,2,0.175,1,High,6,0.9997383
MRC00364,Agri-Allied,54,612,2,1,0,1859043.42,217418.64,44,6,59.09,10503.07,54.28,54.13,95.29,0,2,23,1,0.07,1,High,0,0.9997974
MRC00365,Construction,51,599,3,1,0,475701.13,20974.53,51,14,17.65,2320.49,18.11,-7.0,48.78,0,0,5,4,0.36,0,Low,1,7.860029e-05
MRC00366,Textile & Apparel,10,440,1,1,1,149142.94,8817.26,49,18,-10.2,757.07,9.98,10.42,39.95,32,1,12,5,0.835,0,Low,6,0.000115958705
MRC00367,Construction,12,531,2,0,0,232230.01,15157.84,47,6,61.7,1228.73,62.14,52.03,0.0,0,2,18,1,0.077,1,High,1,0.99963164
MRC00368,Tech Services,118,542,1,0,1,159871.71,7095.19,55,18,1.82,723.4,21.11,-1.6,0.0,21,1,1,3,0.718,0,Low,5,0.00014539294
MRC00369,Retail Trader,4,660,1,1,1,156664.05,3380.97,48,13,18.75,811.73,24.24,13.93,41.22,18,3,13,4,0.43,0,Low,3,0.0010134315
MRC00370,Retail Trader,95,623,1,1,0,784386.67,33427.22,46,16,-4.35,4239.93,5.1,0.46,72.23,0,0,9,3,0.642,0,Low,3,5.43093e-05
MRC00371,Retail Trader,18,542,1,1,0,458577.53,57355.1,60,20,0.0,1902.81,15.47,-5.7,34.85,0,0,6,3,0.818,0,Low,3,7.027303e-05
MRC00372,Retail Trader,80,627,2,1,1,1089122.88,99077.14,43,5,65.12,6295.51,40.22,49.91,91.48,3,4,34,1,0.099,1,High,3,0.9998915
MRC00373,Retail Trader,104,690,2,1,1,5450244.59,351080.47,50,8,52.0,27115.64,52.89,15.74,76.04,8,1,54,1,0.198,1,High,3,0.91903645
MRC00374,Small Mfg,36,692,1,0,1,624430.64,61871.57,39,4,69.23,3977.27,57.72,47.11,0.0,14,2,73,3,0.047,1,High,4,0.9997384
MRC00375,Retail Trader,25,498,1,0,1,49322.36,5730.19,43,4,72.09,285.1,47.03,41.93,0.0,3,2,40,1,0.168,1,High,3,0.9996221
MRC00376,Textile & Apparel,87,639,2,0,1,545604.78,36051.17,45,16,-6.67,3014.39,11.88,4.95,0.0,33,0,0,5,0.428,0,Low,6,5.44203e-05
MRC00377,Food & Beverages,76,539,3,1,1,3054337.67,246148.25,47,17,-8.51,16160.52,7.3,5.33,65.82,17,1,2,5,0.58,0,Low,2,0.000118790915
MRC00378,Retail Trader,98,722,1,0,0,657942.38,18651.17,39,11,15.38,4190.72,15.0,14.57,0.0,0,0,2,4,0.946,0,Low,3,0.00018639132
MRC00379,Food & Beverages,36,712,2,1,1,4570790.78,446208.68,30,4,60.0,37775.13,31.34,26.28,81.34,5,2,73,2,0.061,1,High,2,0.99980897
MRC00380,Textile & Apparel,101,578,2,0,0,1256109.64,83321.42,44,13,11.36,7096.66,7.09,-0.93,0.0,0,1,12,4,0.451,0,Low,6,0.00010086346
MRC00381,Retail Trader,67,588,2,1,1,80344.29,6134.94,39,14,-7.69,511.75,19.77,-8.95,46.95,35,0,1,3,0.688,0,Low,3,0.00014785524
MRC00382,Small Mfg,9,613,1,0,1,831925.94,62342.93,38,11,13.16,5437.42,10.36,-4.44,0.0,38,0,4,5,0.394,0,Low,4,5.311158e-05
MRC00383,Small Mfg,61,469,2,1,1,1041738.54,106479.44,53,20,-13.21,4890.79,12.62,-1.21,34.92,36,0,9,4,0.411,0,Low,4,0.00012506853
MRC00384,Tech Services,53,676,2,1,0,2666899.08,251809.93,51,17,0.0,13009.26,24.76,14.01,37.32,0,2,1,4,0.333,0,Low,5,0.001157385
MRC00385,Food & Beverages,18,628,2,0,1,6475678.1,484858.54,39,6,53.85,41246.36,43.28,26.84,0.0,3,1,64,1,0.063,1,High,2,0.98868644
MRC00386,Food & Beverages,43,727,2,1,1,2167902.4,48136.44,43,15,-4.65,12531.23,19.38,-9.46,54.73,24,1,4,5,0.887,0,Low,2,7.429923e-05
MRC00387,Textile & Apparel,35,562,4,0,1,1237465.33,124643.87,48,16,0.0,6411.74,17.05,14.68,0.0,30,1,12,5,0.978,0,Low,6,9.8074524e-05
MRC00388,Retail Trader,63,600,1,1,0,1642000.59,220594.69,48,16,0.0,8507.78,11.45,-3.57,63.07,0,0,6,4,0.929,0,Low,3,0.000106609055
MRC00389,Food & Beverages,119,529,4,1,1,596235.99,71573.18,42,13,7.14,3528.02,18.5,9.38,55.37,31,0,12,4,0.685,0,Low,2,0.00012513628
MRC00390,Food & Beverages,98,569,2,1,1,126064.2,18608.34,42,13,7.14,745.94,14.15,-7.09,32.96,30,0,2,5,0.872,0,Low,2,0.00015239356
MRC00391,Construction,105,555,2,1,1,766657.4,29194.16,36,2,83.33,5287.29,54.81,17.12,78.09,7,1,55,1,0.135,1,High,1,0.99935824
MRC00392,Textile & Apparel,78,729,1,0,1,1130701.05,55322.5,38,13,-2.63,7390.2,16.42,2.64,0.0,30,0,3,4,0.763,0,Low,6,0.00010227498
MRC00393,Textile & Apparel,4,594,1,1,1,172062.12,15503.62,41,11,19.51,1042.8,20.42,7.59,70.29,29,1,2,4,0.318,0,Low,6,0.00013778018
MRC00394,Food & Beverages,93,659,2,1,0,3583842.0,181574.0,53,16,9.43,16825.55,21.97,-1.37,49.33,0,1,5,4,0.65,0,Low,2,5.8402045e-05
MRC00395,Textile & Apparel,41,619,2,0,0,2437523.73,59698.54,61,7,65.57,9949.08,39.29,24.32,0.0,0,1,81,3,0.065,0,High,6,0.49050176
MRC00396,Construction,45,548,1,1,1,140629.82,10167.18,57,16,15.79,614.1,13.04,13.5,64.32,35,0,8,4,0.709,0,Low,1,0.00011006249
MRC00397,Tech Services,50,636,2,0,1,3756501.94,215599.98,43,12,16.28,21713.88,12.38,-6.94,0.0,30,0,11,5,0.837,0,Low,5,3.4989935e-05
MRC00398,Textile & Apparel,79,697,1,1,0,503844.39,27353.16,50,14,16.0,2506.69,22.38,7.96,30.88,0,0,0,3,0.758,0,Low,6,0.00015237308
MRC00399,Food & Beverages,28,553,4,1,1,286590.64,41243.97,41,14,-2.44,1736.91,7.86,-6.7,55.77,34,0,12,4,0.429,0,Low,2,6.982082e-05
MRC00400,Food & Beverages,42,714,3,0,1,2663451.06,135833.43,54,17,5.56,12273.97,10.59,-1.48,0.0,32,0,4,4,0.835,0,Low,2,7.749213e-05
MRC00401,Retail Trader,80,582,1,0,0,686069.84,25265.37,49,15,8.16,3482.59,7.42,10.49,0.0,0,0,11,3,0.82,0,Low,3,0.00011759918
MRC00402,Tech Services,76,611,3,1,1,7124302.5,258551.65,28,8,14.29,63046.92,5.84,-1.59,42.68,26,0,10,4,0.505,0,Low,5,5.1875926e-05
MRC00403,Agri-Allied,116,692,3,1,0,262113.88,32717.61,47,16,-2.13,1386.85,17.32,12.68,59.23,0,0,13,4,0.907,0,Low,0,0.0002311388
MRC00404,Food & Beverages,69,596,1,1,0,91309.58,10311.61,59,21,-6.78,385.27,23.02,0.29,66.94,0,0,1,5,0.848,0,Low,2,0.00014561007
MRC00405,Textile & Apparel,98,653,2,1,1,520983.71,19189.5,41,4,70.73,3157.48,65.95,45.17,87.26,4,1,20,1,0.036,1,High,6,0.9998241
MRC00406,Tech Services,106,624,1,0,1,1880535.24,91333.66,53,4,77.36,8828.8,43.94,40.73,0.0,4,6,49,2,0.046,1,High,5,0.99984896
MRC00407,Textile & Apparel,1,660,2,1,0,239768.32,28089.96,48,17,-6.25,1242.32,12.59,1.04,44.7,0,2,6,5,0.891,0,Low,6,0.0011613054
MRC00408,Retail Trader,39,459,1,1,1,147839.06,8234.66,35,11,5.71,1048.5,17.36,8.52,30.45,33,0,13,5,0.997,0,Low,3,9.671082e-05
MRC00409,Tech Services,96,503,1,1,0,960023.35,141699.9,42,13,7.14,5680.61,20.27,4.99,67.79,0,1,12,4,0.537,0,Low,5,0.00010599973
MRC00410,Retail Trader,90,699,1,1,0,125941.82,11369.29,48,14,12.5,652.55,19.2,-4.94,74.79,0,0,10,5,0.874,0,Low,3,0.0003192608
MRC00411,Textile & Apparel,17,732,1,0,0,1053924.36,47385.53,45,12,20.0,5822.79,7.73,2.51,0.0,0,0,12,5,0.702,0,Low,6,0.0001681479
MRC00412,Construction,112,577,3,0,0,484683.96,63806.27,48,15,6.25,2511.32,7.31,-8.06,0.0,0,0,7,4,0.463,0,Low,1,0.00010570701
MRC00413,Construction,91,630,1,0,0,1320287.12,81239.67,47,16,-2.13,6985.65,23.48,7.72,0.0,0,0,8,5,0.384,0,Low,1,5.5158558e-05
MRC00414,Agri-Allied,88,673,1,1,1,138608.05,7976.19,46,17,-10.87,749.23,6.59,2.97,73.19,23,2,12,5,0.568,0,Low,0,0.0009150356
MRC00415,Small Mfg,35,705,3,1,1,3463519.34,216703.26,51,15,11.76,16895.22,9.37,-6.94,74.48,31,0,6,5,0.672,0,Low,4,0.00013731653
MRC00416,Textile & Apparel,46,487,2,1,0,585580.31,70190.96,44,15,-2.27,3308.36,13.77,9.17,57.55,0,0,7,5,0.459,0,Low,6,9.582405e-05
MRC00417,Textile & Apparel,42,579,2,0,0,1823425.08,77527.81,54,4,77.78,8402.88,63.76,47.22,0.0,0,5,46,3,0.087,1,High,6,0.9997652
MRC00418,Textile & Apparel,118,623,4,0,0,2307904.56,160704.36,53,18,-1.89,10835.23,17.05,8.35,0.0,0,0,12,5,0.821,0,Low,6,4.7160825e-05
MRC00419,Small Mfg,39,706,3,0,1,181873.39,4366.46,43,12,16.28,1051.29,16.42,-1.77,0.0,22,0,9,4,0.968,0,Low,4,0.00011009272
MRC00420,Food & Beverages,90,849,1,1,1,2102650.0,268006.84,39,11,15.38,13392.68,18.84,8.08,62.77,24,0,1,3,0.845,0,Low,2,0.00015136172
MRC00421,Food & Beverages,49,631,2,1,0,131915.9,8481.33,55,16,12.73,596.9,21.04,4.44,37.7,0,2,1,5,0.908,0,Low,2,0.00066723436
MRC00422,Food & Beverages,62,537,4,0,1,140904.09,7364.0,52,19,-9.62,674.18,9.65,3.6,0.0,26,0,12,5,0.587,0,Low,2,0.00015471262
MRC00423,Retail Trader,38,682,1,1,1,7700525.13,734523.23,39,3,76.92,49047.93,35.42,39.96,75.08,7,1,38,2,0.177,1,High,3,0.99928916
MRC00424,Agri-Allied,23,755,1,0,0,2769629.3,309226.19,42,14,0.0,16388.34,7.54,5.75,0.0,0,1,4,4,0.497,0,Low,0,0.00017122981
MRC00425,Retail Trader,22,658,1,0,1,8783600.93,1103892.09,39,14,-7.69,55946.5,8.3,9.98,0.0,24,1,6,5,0.681,0,Low,3,4.2649423e-05
MRC00426,Agri-Allied,4,577,1,0,1,467775.22,30504.58,41,14,-2.44,2835.0,5.8,14.65,0.0,22,0,5,4,0.805,0,Low,0,0.000105069565
MRC00427,Textile & Apparel,49,726,2,0,0,824815.0,103596.03,29,9,6.9,7049.7,19.95,8.16,0.0,0,2,1,4,0.974,0,Low,6,0.0011980457
MRC00428,Tech Services,59,703,2,0,1,1373435.33,110471.62,43,13,9.3,7938.93,22.7,1.04,0.0,35,0,2,5,0.497,0,Low,5,0.000110585126
MRC00429,Textile & Apparel,73,567,4,0,1,718819.33,23827.78,40,13,2.5,4464.72,19.21,1.54,0.0,24,0,2,3,0.541,0,Low,6,0.00011848377
MRC00430,Retail Trader,68,680,2,1,1,297936.83,38737.74,41,13,4.88,1805.68,8.77,-9.27,65.12,21,0,10,4,0.854,0,Low,3,7.06888e-05
MRC00431,Retail Trader,71,729,1,1,1,248873.09,22695.36,44,15,-2.27,1406.06,17.13,-6.0,30.66,20,0,12,4,0.589,0,Low,3,0.00013840287
MRC00432,Food & Beverages,87,744,1,1,1,942823.79,92699.42,41,14,-2.44,5714.08,15.41,-4.3,39.85,20,0,3,4,0.676,0,Low,2,0.00014388701
MRC00433,Small Mfg,2,644,4,1,1,202757.95,28766.05,41,13,4.88,1228.84,21.4,14.76,61.64,27,2,3,3,0.544,0,Low,4,0.00054583955
MRC00434,Retail Trader,49,621,1,0,1,196057.61,18172.52,37,14,-13.51,1315.82,23.85,9.08,0.0,27,1,11,4,0.992,0,Low,3,4.0831175e-05
MRC00435,Retail Trader,88,748,1,1,1,1169733.4,24243.73,44,16,-9.09,6608.66,19.86,-6.46,53.5,18,0,6,3,0.83,0,Low,3,0.00013733054
MRC00436,Small Mfg,104,553,3,0,0,650703.12,86660.68,44,15,-2.27,3676.29,15.25,2.46,0.0,0,0,0,4,0.717,0,Low,4,0.00013492456
MRC00437,Retail Trader,119,685,2,1,1,2245968.8,128059.84,50,16,4.0,11173.97,15.22,-4.66,53.69,35,0,12,5,0.435,0,Low,3,0.0001119231
MRC00438,Food & Beverages,95,540,1,1,1,438057.87,37335.54,33,11,0.0,3293.67,21.16,-2.56,67.66,22,0,2,5,0.865,0,Low,2,0.00012391196
MRC00439,Small Mfg,111,735,3,0,1,363121.53,16934.27,32,11,-3.12,2814.9,7.45,5.11,0.0,36,2,7,5,0.753,0,Low,4,0.0010493686
MRC00440,Retail Trader,31,629,4,1,1,1212583.88,71066.95,50,7,58.0,6032.76,37.81,25.05,87.95,6,1,46,2,0.116,1,High,3,0.9981623
MRC00441,Retail Trader,111,751,1,0,1,275287.19,30079.08,35,12,-2.86,1952.39,11.87,11.8,0.0,33,0,1,5,0.863,0,Low,3,8.317888e-05
MRC00442,Construction,40,689,3,0,0,331123.51,25113.91,53,15,15.09,1554.57,19.94,-5.89,0.0,0,0,0,3,0.785,0,Low,1,8.11069e-05
MRC00443,Textile & Apparel,48,552,1,0,1,347268.92,35257.16,38,12,5.26,2269.73,6.32,2.44,0.0,36,1,9,4,0.705,0,Low,6,4.3325195e-05
MRC00444,Textile & Apparel,51,763,2,0,1,567137.74,72063.27,43,16,-11.63,3278.25,11.89,4.97,0.0,31,1,8,4,0.624,0,Low,6,0.00010452703
MRC00445,Food & Beverages,43,774,3,0,1,6119089.4,393499.44,44,7,52.27,34571.13,48.29,28.07,0.0,8,2,73,2,0.129,1,High,2,0.998602
MRC00446,Construction,98,720,4,0,1,139783.97,13123.51,34,10,11.76,1020.32,14.71,2.91,0.0,34,0,4,3,0.586,0,Low,1,0.00016089153
MRC00447,Construction,55,589,1,0,1,3452499.77,418050.86,41,12,12.2,20924.24,14.27,-1.48,0.0,28,0,0,3,0.972,0,Low,1,6.901112e-05
MRC00448,Food & Beverages,88,625,1,1,1,1767972.75,199720.84,43,13,9.3,10219.5,19.29,-2.7,52.79,20,1,1,3,0.781,0,Low,2,4.152932e-05
MRC00449,Textile & Apparel,49,661,1,0,1,4782024.82,431241.31,47,14,10.64,25301.72,17.51,-4.6,0.0,28,0,11,5,0.746,0,Low,6,6.150304e-05
MRC00450,Retail Trader,90,593,2,0,0,31453576.6,2196713.27,36,11,8.33,216921.22,23.06,14.06,0.0,0,0,12,5,0.811,0,Low,3,0.00012566733
MRC00451,Food & Beverages,80,785,1,1,0,4064265.62,296590.83,55,19,-3.64,18390.34,8.61,5.07,63.82,0,0,3,3,0.565,0,Low,2,0.00021325465
MRC00452,Agri-Allied,57,661,1,1,1,2215082.79,169027.6,39,14,-7.69,14108.81,13.64,-2.41,32.99,27,0,10,4,0.367,0,Low,0,9.120053e-05
MRC00453,Textile & Apparel,111,433,1,0,1,150995.36,9867.53,45,13,13.33,834.23,13.0,8.63,0.0,43,1,9,4,0.766,0,Low,6,0.00014118769
MRC00454,Tech Services,77,677,1,0,1,175700.0,19481.59,46,5,67.39,949.73,50.77,39.01,0.0,5,1,30,3,0.187,1,High,5,0.9995103
MRC00455,Retail Trader,15,622,1,1,0,1123802.09,40798.49,31,9,12.9,8990.42,8.3,2.6,46.1,0,2,6,3,0.827,0,Low,3,0.0004350504
MRC00456,Agri-Allied,27,644,3,0,1,95064.28,13857.43,39,7,46.15,605.5,57.06,33.75,0.0,6,1,77,3,0.062,1,High,0,0.99975187
MRC00457,Retail Trader,68,620,1,1,0,1526559.55,185123.0,34,13,-14.71,11142.77,19.7,11.16,55.38,0,0,13,4,0.592,0,Low,3,4.1168954e-05
MRC00458,Agri-Allied,80,714,1,0,1,56279.96,3307.08,52,4,76.92,269.28,65.05,43.16,0.0,5,1,64,2,0.191,1,High,0,0.9996269
MRC00459,Retail Trader,64,739,3,1,1,2907139.2,74222.71,40,11,17.5,18056.77,10.31,11.64,49.46,26,0,13,4,0.911,0,Low,3,0.00014672046
MRC00460,Retail Trader,94,672,2,1,0,495815.73,55764.1,35,11,5.71,3516.42,18.53,-5.72,64.93,0,0,9,4,0.715,0,Low,3,0.00018812665
MRC00461,Retail Trader,108,622,1,1,0,849086.49,98041.19,47,17,-8.51,4492.52,16.93,10.63,52.42,0,0,13,4,0.757,0,Low,3,4.7117403e-05
MRC00462,Small Mfg,30,646,1,0,0,297138.38,43165.57,40,11,17.5,1845.58,7.09,-1.32,0.0,0,0,0,4,0.762,0,Low,4,3.7944465e-05
MRC00463,Food & Beverages,36,651,2,1,0,74739.82,3959.84,44,13,11.36,422.26,23.87,13.41,66.08,0,2,9,5,0.836,0,Low,2,0.0007210809
MRC00464,Small Mfg,67,585,1,0,1,3209527.65,98706.65,42,14,0.0,18991.29,7.96,-2.52,0.0,33,0,5,5,0.746,0,Low,4,9.496215e-05
MRC00465,Construction,86,696,2,1,0,3623104.0,503493.77,53,16,9.43,17009.88,6.23,-7.76,42.33,0,1,5,5,0.812,0,Low,1,0.00014932465
MRC00466,Textile & Apparel,113,686,1,1,1,478405.84,25654.21,49,14,14.29,2428.46,11.09,11.32,54.11,24,2,5,3,0.558,0,Low,6,0.00085515634
MRC00467,Textile & Apparel,86,773,1,1,1,1614144.22,183688.14,52,4,76.92,7723.18,55.78,20.04,97.49,5,2,38,2,0.097,1,High,6,0.99984
MRC00468,Tech Services,114,750,2,1,1,456311.19,12724.58,44,14,4.55,2578.03,5.61,3.54,32.11,24,1,10,4,0.51,0,Low,5,0.00011448742
MRC00469,Retail Trader,114,595,2,0,0,1031152.65,122579.33,43,14,2.33,5960.42,16.57,-0.6,0.0,0,0,6,4,0.336,0,Low,3,0.00012053351
MRC00470,Construction,119,715,3,1,1,1813858.75,66230.09,44,15,-2.27,10247.79,22.86,8.92,57.24,20,1,13,5,0.695,0,Low,1,0.00012480775
MRC00471,Retail Trader,49,573,1,1,1,1419906.96,156794.97,46,13,15.22,7675.17,13.05,8.72,50.85,29,0,4,3,0.332,0,Low,3,7.6908116e-05
MRC00472,Construction,76,705,2,0,1,3646081.31,325247.21,53,17,3.77,17117.75,11.04,9.4,0.0,31,0,6,3,0.35,0,Low,1,0.000120540855
MRC00473,Retail Trader,55,608,1,0,1,1359539.79,196063.93,54,18,0.0,6265.16,23.29,-8.42,0.0,29,0,12,4,0.723,0,Low,3,3.6946378e-05
MRC00474,Tech Services,85,568,2,0,0,754417.75,18709.03,49,14,14.29,3829.53,6.23,11.46,0.0,0,0,10,5,0.74,0,Low,5,0.00013037548
MRC00475,Agri-Allied,56,672,3,1,0,292522.61,16956.46,38,6,52.63,1911.91,37.47,28.94,94.5,0,4,33,1,0.036,1,High,0,0.99988055
MRC00476,Construction,68,436,1,1,1,410771.98,11927.24,45,15,0.0,2269.46,10.05,-4.52,70.92,28,0,0,4,0.308,0,Low,1,6.804359e-05
MRC00477,Retail Trader,95,509,3,1,1,1928130.96,258939.68,34,13,-14.71,14073.95,12.63,-2.53,39.64,31,2,13,4,0.54,0,Low,3,0.00080915046
MRC00478,Agri-Allied,44,635,2,1,1,120307.73,11694.77,37,12,2.7,807.43,13.22,12.57,67.43,22,0,13,5,0.951,0,Low,0,5.162498e-05
MRC00479,Construction,31,656,3,1,1,2749607.59,246216.5,46,16,-4.35,14862.74,15.9,-9.85,50.16,33,0,6,4,0.33,0,Low,1,5.391264e-05
MRC00480,Agri-Allied,58,620,2,0,1,520542.87,19306.69,54,19,-5.56,2398.82,14.07,10.04,0.0,26,0,0,4,0.55,0,Low,0,3.9062314e-05
MRC00481,Small Mfg,87,523,1,1,1,273121.74,22825.93,39,14,-7.69,1739.63,24.76,13.1,55.47,26,0,4,3,0.381,0,Low,4,8.168001e-05
MRC00482,Small Mfg,118,584,1,1,0,195151.41,14018.01,53,18,-1.89,916.2,5.51,-3.75,34.9,0,0,5,4,0.699,0,Low,4,0.0001517988
MRC00483,Textile & Apparel,53,681,1,1,1,1638417.41,100021.69,47,14,10.64,8668.88,20.15,10.55,49.65,30,0,2,5,0.806,0,Low,6,6.7502326e-05
MRC00484,Small Mfg,84,696,1,1,0,716712.72,86281.15,40,12,10.0,4451.63,6.02,-5.97,60.32,0,1,1,5,0.481,0,Low,4,0.00018468856
MRC00485,Small Mfg,79,648,2,1,1,4908692.98,137275.94,44,15,-2.27,27732.73,13.62,-9.59,70.43,23,0,11,5,0.33,0,Low,4,6.2431965e-05
MRC00486,Tech Services,23,742,2,0,1,160220.97,16674.06,48,16,0.0,830.16,9.04,5.11,0.0,28,0,7,4,0.796,0,Low,5,0.00016416589
MRC00487,Retail Trader,28,681,4,0,1,364471.51,46283.91,40,12,10.0,2263.8,23.91,6.16,0.0,34,1,3,5,0.93,0,Low,3,6.350959e-05
MRC00488,Textile & Apparel,16,590,1,1,1,653001.44,90081.51,46,16,-4.35,3529.74,19.45,-6.25,46.23,22,0,5,5,0.92,0,Low,6,0.00010289154
MRC00489,Construction,37,627,2,1,1,295898.54,34611.0,48,7,56.25,1533.15,47.41,28.33,83.36,3,1,41,1,0.159,0,High,1,0.43522498
MRC00490,Tech Services,21,537,3,1,1,734791.74,41676.83,33,2,81.82,5524.75,49.35,17.38,80.05,4,1,38,3,0.121,1,High,5,0.9971487
MRC00491,Textile & Apparel,79,641,3,1,1,1070247.96,104954.9,45,15,0.0,5912.97,19.43,-8.09,47.8,17,0,7,3,0.307,0,Low,6,6.444184e-05
MRC00492,Small Mfg,17,738,1,0,1,1304566.14,50072.47,46,15,2.17,7051.71,24.04,2.69,0.0,37,1,8,4,0.753,0,Low,4,0.00011414741
MRC00493,Retail Trader,114,704,2,1,1,4445489.56,156560.72,57,16,15.79,19412.62,19.09,4.63,52.79,18,0,1,4,0.935,0,Low,3,0.000118633914
MRC00494,Retail Trader,37,762,1,1,1,152639.33,15725.08,41,11,19.51,925.09,6.55,-4.57,31.7,40,0,8,5,0.647,0,Low,3,0.00011628026
MRC00495,Agri-Allied,77,625,1,1,0,1093957.47,142918.97,38,14,-10.53,7150.05,17.33,8.49,45.5,0,0,8,5,0.672,0,Low,0,3.684508e-05
MRC00496,Textile & Apparel,19,757,1,0,0,335597.77,9645.84,49,5,69.39,1703.54,40.57,35.0,0.0,0,1,88,1,0.025,1,High,6,0.9992494
MRC00497,Small Mfg,30,634,3,1,0,1222020.33,41280.44,38,14,-10.53,7987.06,9.28,3.77,53.3,0,0,4,4,0.342,0,Low,4,6.553197e-05
MRC00498,Retail Trader,45,767,2,1,1,1223955.79,114475.3,40,12,10.0,7602.21,20.85,-2.42,66.88,30,1,0,5,0.405,0,Low,3,0.00011675891
MRC00499,Construction,18,648,2,1,1,223171.71,10794.27,41,12,12.2,1352.56,8.69,0.9,66.05,31,0,9,5,0.919,0,Low,1,6.035047e-05
MRC00500,Construction,78,706,4,0,1,247364.24,24621.74,52,19,-9.62,1183.56,14.04,12.34,0.0,30,1,10,5,0.968,0,Low,1,0.0001532615
MRC00501,Small Mfg,62,768,1,0,1,1347783.13,64546.27,41,15,-9.76,8168.38,6.69,6.75,0.0,28,0,4,5,0.67,0,Low,4,0.00013102642
MRC00502,Agri-Allied,36,634,2,1,1,750192.72,26363.77,51,18,-5.88,3659.48,11.81,-6.28,74.17,30,0,0,3,0.349,0,Low,0,5.8316564e-05
MRC00503,Textile & Apparel,100,667,2,0,0,560426.73,50956.66,46,14,8.7,3029.33,20.52,12.16,0.0,0,0,9,5,0.77,0,Low,6,0.00017147276
MRC00504,Food & Beverages,84,753,1,1,0,1606525.28,212198.48,55,19,-3.64,7269.35,5.91,-0.68,36.43,0,0,8,4,0.494,0,Low,2,0.00019362666
MRC00505,Small Mfg,52,639,2,1,1,1755145.24,191426.42,42,15,-7.14,10385.47,11.4,-1.47,59.56,26,0,7,4,0.355,0,Low,4,4.149856e-05
MRC00506,Retail Trader,19,544,1,1,1,386328.71,48845.19,48,16,0.0,2001.7,17.6,2.54,40.96,29,0,5,5,0.951,0,Low,3,5.8581987e-05
MRC00507,Tech Services,109,821,3,0,0,262376.62,14331.95,37,12,2.7,1760.92,23.97,-4.87,0.0,0,0,2,4,0.89,0,Low,5,0.0001796689
MRC00508,Food & Beverages,44,612,1,0,1,160443.51,21688.31,47,16,-2.13,848.91,9.91,12.86,0.0,24,0,0,3,0.369,0,Low,2,5.224619e-05
MRC00509,Construction,7,662,1,1,1,759294.46,52402.78,45,3,80.0,4195.0,64.03,57.07,75.14,3,3,19,1,0.12,1,High,1,0.9998307
MRC00510,Small Mfg,44,742,2,1,1,132218.04,17296.53,41,4,70.73,801.32,37.41,37.12,84.64,6,1,32,2,0.035,1,High,4,0.99985623
MRC00511,Small Mfg,117,601,1,0,0,821850.8,66777.7,56,7,62.5,3652.67,56.45,15.75,0.0,0,1,84,1,0.15,1,High,4,0.9701608
MRC00512,Textile & Apparel,68,569,1,0,1,3141478.63,172220.55,48,17,-6.25,16277.09,17.77,10.07,0.0,34,0,12,5,0.379,0,Low,6,0.000102694816
MRC00513,Construction,34,670,1,1,0,477275.07,25693.46,47,14,10.64,2525.26,24.97,13.82,62.02,0,0,1,4,0.995,0,Low,1,0.00012346472
MRC00514,Tech Services,66,506,1,0,1,383292.95,35951.66,37,13,-5.41,2572.44,15.47,11.74,0.0,27,1,13,3,0.956,0,Low,5,8.3310966e-05
MRC00515,Retail Trader,69,626,2,1,1,8019717.29,242767.55,41,15,-9.76,48604.35,10.43,-5.96,40.29,25,0,10,4,0.613,0,Low,3,4.2708518e-05
MRC00516,Retail Trader,55,669,2,1,1,4464385.71,629064.56,48,17,-6.25,23131.53,19.94,8.79,37.08,36,1,8,3,0.715,0,Low,3,6.887759e-05
MRC00517,Textile & Apparel,10,628,2,1,1,291408.85,16112.07,41,5,63.41,1766.11,36.71,45.56,80.34,4,1,88,3,0.035,1,High,6,0.9983789
MRC00518,Food & Beverages,96,526,2,1,0,861832.16,54839.44,57,5,73.68,3763.46,53.81,51.5,93.61,0,1,53,2,0.049,1,High,2,0.99990344
MRC00519,Construction,42,777,1,1,0,1082099.71,54461.22,41,12,12.2,6558.18,17.11,2.11,44.6,0,1,2,4,0.91,0,Low,1,0.00012682528
MRC00520,Retail Trader,41,658,1,0,1,931351.94,18991.23,47,15,4.26,4927.79,9.21,6.76,0.0,35,1,1,5,0.408,0,Low,3,3.507426e-05
MRC00521,Small Mfg,77,764,2,1,1,6437225.21,708297.74,45,8,46.67,35564.78,69.33,46.52,87.42,4,5,45,2,0.078,1,High,4,0.99994266
MRC00522,Textile & Apparel,103,629,3,1,0,809907.94,78376.31,44,3,79.55,4575.75,30.08,43.69,91.45,0,3,74,1,0.003,1,High,6,0.9995571
MRC00523,Construction,69,579,1,1,1,969641.65,121451.29,53,16,9.43,4552.31,23.36,11.09,72.35,19,1,12,5,0.705,0,Low,1,0.00013437567
MRC00524,Food & Beverages,10,671,1,1,0,1666764.29,42221.47,49,16,2.04,8460.73,11.76,-4.77,62.96,0,1,0,4,0.311,0,Low,2,0.00012863762
MRC00525,Food & Beverages,10,632,2,1,0,3041628.62,428033.9,56,18,3.57,13518.35,13.98,0.69,35.46,0,1,4,4,0.529,0,Low,2,5.3221553e-05
MRC00526,Agri-Allied,102,555,2,0,1,2245141.34,141478.26,45,14,6.67,12404.1,9.7,2.47,0.0,28,1,11,4,0.664,0,Low,0,0.0001043831
MRC00527,Textile & Apparel,91,767,2,1,1,1391234.09,192962.89,52,15,13.46,6656.62,6.7,10.78,74.21,27,1,1,4,0.446,0,Low,6,0.00017999281
MRC00528,Retail Trader,60,600,1,0,1,112370.89,3812.42,46,17,-10.87,607.41,15.25,9.28,0.0,31,2,11,5,0.799,0,Low,3,0.0007593152
MRC00529,Retail Trader,51,502,2,0,1,406051.28,47390.11,39,12,7.69,2586.31,22.37,9.23,0.0,33,1,6,3,0.502,0,Low,3,7.21587e-05
MRC00530,Tech Services,21,756,1,0,1,1949932.76,185860.9,46,13,15.22,10540.18,12.03,6.98,0.0,30,1,10,4,0.511,0,Low,5,0.00011676202
MRC00531,Food & Beverages,8,609,2,0,1,985080.3,65571.73,42,5,64.29,5828.88,62.14,41.36,0.0,5,4,37,1,0.118,1,High,2,0.9998785
MRC00532,Construction,65,601,3,0,1,1965690.93,59537.85,49,14,14.29,9978.13,5.65,2.72,0.0,40,0,6,4,0.95,0,Low,1,0.00011283664
MRC00533,Construction,92,508,2,0,1,7022285.37,692507.91,46,14,8.7,37958.3,9.71,-0.76,0.0,34,0,2,5,0.588,0,Low,1,0.00010958003
MRC00534,Agri-Allied,113,789,1,1,0,177663.07,4163.92,41,14,-2.44,1076.75,7.63,2.83,46.28,0,1,10,3,0.773,0,Low,0,0.00026055955
MRC00535,Food & Beverages,103,546,4,0,1,2857598.69,243372.17,42,15,-7.14,16908.87,13.06,11.34,0.0,34,0,8,5,0.559,0,Low,2,0.000121841855
MRC00536,Construction,78,654,3,1,1,490688.04,48355.89,40,12,10.0,3047.75,22.89,4.26,43.08,33,0,10,4,0.952,0,Low,1,6.2854844e-05
MRC00537,Food & Beverages,85,723,2,0,1,2240970.94,258222.79,45,16,-6.67,12381.05,12.47,14.64,0.0,24,0,0,4,0.739,0,Low,2,0.00011588154
MRC00538,Retail Trader,30,683,1,1,0,694213.69,103350.02,48,17,-6.25,3596.96,17.07,-6.44,39.93,0,1,2,5,0.477,0,Low,3,0.00014703516
MRC00539,Textile & Apparel,85,645,1,1,0,9364209.19,503908.54,38,12,5.26,61203.98,22.96,1.03,65.02,0,1,12,5,0.969,0,Low,6,6.126573e-05
MRC00540,Retail Trader,49,513,3,1,0,852649.91,52788.13,44,13,11.36,4817.23,12.2,-4.99,65.26,0,0,1,3,0.801,0,Low,3,0.0001098311
MRC00541,Construction,9,585,2,1,1,338196.69,21762.58,37,12,2.7,2269.78,12.32,-0.87,62.96,29,0,5,5,0.784,0,Low,1,6.5649685e-05
MRC00542,Small Mfg,17,665,3,1,1,1207242.69,138960.58,49,6,63.27,6128.14,41.64,41.56,80.5,1,5,38,2,0.048,1,High,4,0.9999211
MRC00543,Retail Trader,69,587,1,1,1,1075968.06,151858.37,41,11,19.51,6521.02,11.98,10.62,41.03,36,0,12,4,0.662,0,Low,3,0.0001000995
MRC00544,Small Mfg,58,666,1,0,1,2858239.73,419195.4,48,15,6.25,14809.53,19.92,-9.21,0.0,31,1,4,5,0.318,0,Low,4,9.180294e-05
MRC00545,Small Mfg,57,704,4,1,1,1248762.17,178517.39,46,3,80.43,6750.07,68.17,28.59,85.41,4,1,55,2,0.073,1,High,4,0.9999627
MRC00546,Textile & Apparel,62,727,2,0,1,14218828.1,1909870.02,28,9,3.57,125830.34,19.46,11.8,0.0,25,0,0,4,0.957,0,Low,6,0.00010697607
MRC00547,Retail Trader,95,551,1,0,0,638141.32,94972.7,48,15,6.25,3306.43,5.14,12.62,0.0,0,0,10,4,0.377,0,Low,3,0.00012847445
MRC00548,Small Mfg,52,825,1,0,0,647229.39,44576.59,45,15,0.0,3575.85,7.34,-0.58,0.0,0,0,6,5,0.363,0,Low,4,0.00020020331
MRC00549,Agri-Allied,61,711,2,1,1,353393.25,50634.81,41,14,-2.44,2141.78,19.62,2.42,39.72,32,0,7,3,0.587,0,Low,0,6.596723e-05
MRC00550,Food & Beverages,40,649,1,1,0,808391.71,96144.12,47,16,-2.13,4277.2,23.85,-5.79,49.44,0,0,4,4,0.984,0,Low,2,4.2085e-05
MRC00551,Agri-Allied,38,737,2,1,1,962482.29,40327.8,55,17,7.27,4355.12,18.91,-0.08,36.66,37,1,8,3,0.302,0,Low,0,9.619108e-05
MRC00552,Tech Services,43,839,1,1,1,1022184.58,26485.29,42,14,0.0,6048.43,9.52,-6.85,59.17,33,1,10,5,0.593,0,Low,5,9.818261e-05
MRC00553,Agri-Allied,63,534,2,0,0,790661.5,37859.18,50,15,10.0,3933.64,7.15,11.58,0.0,0,0,6,3,0.846,0,Low,0,0.00011810172
MRC00554,Agri-Allied,19,631,1,1,1,350885.25,42540.5,48,18,-12.5,1818.06,22.54,4.53,68.29,36,1,11,4,0.518,0,Low,0,2.6511721e-05
MRC00555,Tech Services,100,459,4,1,1,253216.93,25858.66,42,2,85.71,1498.33,64.33,47.18,86.68,4,3,76,2,0.017,1,High,5,0.99993646
MRC00556,Textile & Apparel,50,665,1,1,0,464999.46,22862.31,36,10,16.67,3206.89,8.02,11.98,65.15,0,1,5,4,0.591,0,Low,6,0.00012299154
MRC00557,Retail Trader,33,679,2,1,1,2870064.88,334218.45,42,13,7.14,16982.63,16.93,-7.99,44.31,22,0,9,5,0.83,0,Low,3,9.1839975e-05
MRC00558,Retail Trader,13,646,1,1,1,3716004.62,142590.12,45,16,-6.67,20530.41,8.8,13.17,61.24,33,0,1,4,0.306,0,Low,3,4.8675392e-05
MRC00559,Food & Beverages,78,597,2,1,1,665066.66,84356.64,50,17,-2.0,3308.79,9.55,-7.36,31.81,20,1,4,4,0.858,0,Low,2,0.00011637943
MRC00560,Small Mfg,97,486,4,0,1,235649.41,29041.65,40,13,2.5,1463.66,7.85,7.95,0.0,37,0,10,5,0.377,0,Low,4,0.00017902028
MRC00561,Small Mfg,62,679,3,0,1,661715.95,96898.29,37,13,-5.41,4441.05,23.89,6.13,0.0,40,0,13,5,0.637,0,Low,4,0.00012916702
MRC00562,Retail Trader,93,766,2,0,1,8975404.15,354854.66,39,14,-7.69,57168.18,7.5,9.57,0.0,28,0,4,3,0.377,0,Low,3,0.00016317816
MRC00563,Retail Trader,43,602,2,0,0,2418749.92,333448.11,38,12,5.26,15808.82,23.63,4.12,0.0,0,0,3,4,0.616,0,Low,3,9.088235e-05
MRC00564,Retail Trader,49,685,3,1,1,1412527.53,90886.75,55,18,1.82,6391.53,11.52,-1.25,56.94,34,0,8,4,0.939,0,Low,3,8.202704e-05
MRC00565,Textile & Apparel,36,524,3,1,1,2315698.44,171564.96,36,13,-8.33,15970.33,21.43,-3.14,35.84,31,0,9,4,0.547,0,Low,6,9.586938e-05
MRC00566,Small Mfg,108,686,4,1,1,4632836.78,374786.57,39,12,7.69,29508.51,24.0,13.64,60.64,23,0,0,5,0.797,0,Low,4,0.00013134365
MRC00567,Textile & Apparel,10,618,1,1,1,182875.44,18561.41,54,17,5.56,842.74,15.39,1.03,37.96,36,1,5,3,0.997,0,Low,6,5.2857784e-05
MRC00568,Textile & Apparel,95,589,4,1,0,455682.77,68042.2,41,14,-2.44,2761.71,20.4,11.05,45.77,0,1,10,4,0.567,0,Low,6,0.000107289794
MRC00569,Tech Services,6,589,1,0,1,386750.11,37899.44,38,13,-2.63,2527.78,10.32,8.08,0.0,29,0,5,3,0.982,0,Low,5,8.095992e-05
MRC00570,Textile & Apparel,57,618,1,0,1,1475543.98,207274.18,50,14,16.0,7341.01,12.66,6.4,0.0,32,0,5,5,0.875,0,Low,6,4.3721568e-05
MRC00571,Agri-Allied,1,680,1,1,1,883929.93,46984.12,52,15,13.46,4229.33,16.06,14.27,61.21,29,0,0,3,0.99,0,Low,0,9.9650555e-05
MRC00572,Food & Beverages,71,545,1,1,1,1807713.87,129782.13,38,13,-2.63,11815.12,22.01,4.14,33.2,34,1,6,4,0.953,0,Low,2,9.634603e-05
MRC00573,Textile & Apparel,58,618,2,1,1,397017.32,33978.7,47,13,17.02,2100.62,17.41,8.33,67.95,30,0,12,5,0.339,0,Low,6,3.27198e-05
MRC00574,Small Mfg,91,646,3,0,1,3784190.16,234533.73,38,14,-10.53,24733.27,5.44,11.24,0.0,34,0,9,5,0.486,0,Low,4,5.531959e-05
MRC00575,Tech Services,21,562,2,1,1,671184.64,98659.26,37,11,10.81,4504.59,11.1,-8.85,63.96,26,0,2,5,0.919,0,Low,5,0.00010835456
MRC00576,Construction,92,793,2,0,1,1678573.13,191926.14,40,13,2.5,10425.92,22.3,14.91,0.0,29,0,13,4,0.527,0,Low,1,0.00015629562
MRC00577,Retail Trader,80,581,2,1,1,3061721.2,251840.58,43,14,2.33,17697.81,9.8,-3.45,74.94,31,0,0,4,0.943,0,Low,3,0.00016926076
MRC00578,Tech Services,56,596,2,1,1,2780521.84,327182.92,50,16,4.0,13833.44,12.36,7.56,45.61,32,0,11,4,0.803,0,Low,5,8.97026e-05
MRC00579,Agri-Allied,110,571,1,0,1,1124663.11,90836.26,32,9,15.62,8718.32,12.79,13.84,0.0,37,0,12,5,0.735,0,Low,0,0.00010712347
MRC00580,Retail Trader,87,793,3,0,0,1949758.91,43361.26,44,13,11.36,11015.59,8.09,9.08,0.0,0,1,7,5,0.936,0,Low,3,0.00024094914
MRC00581,Textile & Apparel,116,694,2,0,1,5897226.99,534378.07,51,17,0.0,28766.96,12.0,-4.26,0.0,29,0,11,5,0.462,0,Low,6,0.00010938992
MRC00582,Construction,20,575,2,0,1,1350953.88,136816.61,68,22,2.94,4948.55,21.35,-0.94,0.0,30,0,1,5,0.83,0,Low,1,0.000115311224
MRC00583,Agri-Allied,102,738,2,1,1,303890.99,44841.23,36,11,8.33,2095.8,21.98,0.35,59.71,19,1,8,5,0.376,0,Low,0,9.973174e-05
MRC00584,Textile & Apparel,54,666,3,0,1,1468366.15,37154.17,45,13,13.33,8112.52,16.62,4.66,0.0,26,0,2,5,0.772,0,Low,6,7.024824e-05
MRC00585,Small Mfg,25,670,1,1,0,697503.31,60384.68,50,15,10.0,3470.17,18.57,5.07,39.02,0,1,0,4,0.715,0,Low,4,0.00014735264
MRC00586,Retail Trader,28,622,1,0,0,43581.96,1427.75,59,19,3.39,183.89,15.69,9.7,0.0,0,0,9,5,0.499,0,Low,3,5.4708253e-05
MRC00587,Retail Trader,5,590,2,1,1,1269835.13,49992.73,52,7,59.62,6075.77,34.2,22.78,90.69,3,1,60,1,0.198,1,High,3,0.99549353
MRC00588,Retail Trader,21,677,2,1,1,839012.41,83364.47,40,2,85.0,5211.26,47.95,28.95,86.26,7,2,31,2,0.014,1,High,3,0.9999368
MRC00589,Retail Trader,18,606,3,1,0,2921773.42,146391.96,62,9,56.45,11734.03,50.31,24.77,93.81,0,4,49,2,0.152,1,High,3,0.99937385
MRC00590,Retail Trader,47,795,1,1,1,296525.24,34809.88,44,14,4.55,1675.28,9.56,-1.41,34.44,21,1,11,5,0.557,0,Low,3,5.7773505e-05
MRC00591,Retail Trader,70,548,1,0,1,119748.43,10399.65,26,2,76.92,1140.46,68.3,22.69,0.0,7,4,45,1,0.123,1,High,3,0.999498
MRC00592,Small Mfg,57,772,3,1,1,893067.13,43195.58,46,14,8.7,4827.39,24.96,0.44,64.35,28,0,10,3,0.882,0,Low,4,0.00019599363
MRC00593,Retail Trader,93,641,2,0,0,1151081.93,96912.95,43,15,-4.65,6653.65,7.83,-1.03,0.0,0,0,4,4,0.364,0,Low,3,6.814664e-05
MRC00594,Textile & Apparel,19,673,2,0,0,816350.87,16420.59,37,13,-5.41,5478.86,23.52,3.13,0.0,0,0,0,5,0.602,0,Low,6,0.00015348158
MRC00595,Tech Services,97,716,1,0,1,747769.77,98822.42,53,7,60.38,3510.66,37.7,15.66,0.0,7,2,30,3,0.189,1,High,5,0.9901724
MRC00596,Agri-Allied,65,599,1,1,0,202304.17,4379.52,44,14,4.55,1142.96,14.33,0.35,35.43,0,1,4,4,0.769,0,Low,0,0.00012993303
MRC00597,Small Mfg,109,719,2,1,1,617416.7,12910.98,43,15,-4.65,3568.88,11.89,4.94,49.85,35,0,5,4,0.625,0,Low,4,0.00012133855
MRC00598,Retail Trader,3,433,1,1,0,480178.41,47775.6,58,22,-13.79,2060.85,17.6,10.1,55.93,0,1,8,4,0.929,0,Low,3,6.73057e-05
MRC00599,Retail Trader,42,592,3,1,1,2642538.3,387284.39,48,15,6.25,13691.91,21.86,9.16,60.76,27,0,13,5,0.441,0,Low,3,8.566695e-05
MRC00600,Retail Trader,21,576,2,0,1,1149905.63,150949.67,44,15,-2.27,6496.64,5.68,0.12,0.0,32,0,2,3,0.421,0,Low,3,0.000113168106
MRC00601,Retail Trader,99,549,1,1,1,522512.12,27569.02,43,14,2.33,3020.3,15.71,-0.26,61.08,37,0,3,4,0.811,0,Low,3,0.00011017326
MRC00602,Retail Trader,105,632,2,1,0,5772765.72,263045.8,57,17,10.53,25208.58,18.01,-9.06,72.36,0,1,10,4,0.392,0,Low,3,7.643383e-05
MRC00603,Retail Trader,40,680,2,1,1,528242.53,53560.93,51,17,0.0,2576.79,5.51,-7.93,65.38,28,0,0,4,0.448,0,Low,3,6.39488e-05
MRC00604,Retail Trader,67,706,1,1,1,1424518.0,180832.46,45,14,6.67,7870.27,22.78,11.81,58.07,30,1,7,5,0.497,0,Low,3,9.842595e-05
MRC00605,Retail Trader,25,669,1,0,0,597013.14,40041.81,46,14,8.7,3227.1,24.04,10.15,0.0,0,2,2,5,0.513,0,Low,3,0.0013293942
MRC00606,Agri-Allied,109,596,1,0,1,5164831.4,393591.64,44,12,18.18,29179.84,17.25,-9.47,0.0,21,0,2,3,0.483,0,Low,0,0.000103455975
MRC00607,Retail Trader,102,679,2,1,1,809548.31,28345.23,54,19,-5.56,3730.64,7.34,12.07,59.83,34,1,5,4,0.54,0,Low,3,0.00011722746
MRC00608,Textile & Apparel,109,659,2,0,1,838774.41,33439.78,39,14,-7.69,5342.51,23.65,5.35,0.0,33,0,7,4,0.494,0,Low,6,5.9953752e-05
MRC00609,Agri-Allied,55,724,2,0,0,616710.86,57900.34,35,3,74.29,4373.84,59.21,53.05,0.0,0,3,82,1,0.09,1,High,0,0.99991035
MRC00610,Small Mfg,84,712,2,1,0,923396.79,30790.94,58,6,68.97,3963.08,56.58,36.77,81.18,0,2,74,1,0.015,1,High,4,0.99996114
MRC00611,Retail Trader,52,652,2,1,0,3076937.7,142357.59,48,14,12.5,15942.68,16.58,-6.23,51.14,0,0,9,5,0.639,0,Low,3,4.874386e-05
MRC00612,Food & Beverages,44,578,2,1,1,2012750.22,101660.01,31,10,3.23,16102.0,7.29,-1.08,40.56,27,1,11,5,0.9,0,Low,2,7.3951596e-05
MRC00613,Small Mfg,109,597,2,1,1,754410.11,58625.35,41,15,-9.76,4572.18,7.82,1.25,52.7,26,0,2,4,0.353,0,Low,4,0.0001238346
MRC00614,Retail Trader,98,606,1,1,1,5618583.41,145687.37,44,13,11.36,31743.41,8.85,8.85,36.93,35,0,3,3,0.673,0,Low,3,4.895862e-05
MRC00615,Tech Services,85,624,3,0,1,2079385.07,176685.82,39,12,7.69,13244.49,12.92,10.32,0.0,25,1,10,4,0.607,0,Low,5,4.4302527e-05
MRC00616,Tech Services,56,671,2,1,0,431137.64,60673.0,55,19,-3.64,1950.85,22.53,8.54,40.53,0,0,13,3,0.36,0,Low,5,0.000101087324
MRC00617,Retail Trader,55,707,3,1,1,139188.16,3226.42,47,3,80.85,736.45,39.59,20.77,88.4,6,0,74,3,0.054,1,High,3,0.9993357
MRC00618,Retail Trader,112,645,2,0,0,443291.76,45228.19,51,16,5.88,2162.4,18.78,6.59,0.0,0,1,10,4,0.44,0,Low,3,4.3261327e-05
MRC00619,Food & Beverages,87,651,1,0,0,1197825.68,154111.66,42,15,-7.14,7087.73,24.29,-2.61,0.0,0,0,5,3,0.618,0,Low,2,5.300477e-05
MRC00620,Food & Beverages,70,661,2,1,0,1493511.24,90536.52,62,23,-11.29,5998.04,17.82,14.7,63.08,0,2,0,4,0.76,0,Low,2,0.0012996572
MRC00621,Retail Trader,115,608,1,1,0,3726444.87,138241.46,39,12,7.69,23735.32,21.31,-5.79,63.19,0,0,0,3,0.51,0,Low,3,4.9206697e-05
MRC00622,Retail Trader,117,575,2,0,1,196132.32,5027.69,44,12,18.18,1108.09,23.04,8.09,0.0,43,1,11,3,0.602,0,Low,3,0.00017510209
MRC00623,Textile & Apparel,77,509,2,1,1,430633.9,44659.92,51,7,58.82,2100.65,32.8,34.81,75.7,4,1,26,1,0.034,1,High,6,0.99926156
MRC00624,Agri-Allied,113,594,3,1,0,177518.27,16294.49,44,15,-2.27,1002.93,18.2,-2.98,59.84,0,0,12,5,0.664,0,Low,0,0.00015633048
MRC00625,Small Mfg,87,687,2,1,1,146303.86,7287.15,47,14,10.64,774.09,5.36,8.72,73.98,27,1,6,3,0.772,0,Low,4,0.00015916288
MRC00626,Textile & Apparel,73,593,2,1,1,343388.42,43991.58,55,16,12.73,1553.79,15.38,8.23,61.76,28,0,0,4,0.325,0,Low,6,7.269084e-05
MRC00627,Agri-Allied,81,630,1,1,0,1132496.1,130934.47,50,15,10.0,5634.31,14.38,-6.89,63.41,0,0,13,4,0.578,0,Low,0,6.078579e-05
MRC00628,Food & Beverages,66,687,4,1,0,1840730.98,102962.65,53,15,15.09,8641.93,15.45,6.96,43.1,0,0,12,4,0.787,0,Low,2,0.00015643964
MRC00629,Retail Trader,19,691,3,1,1,233742.43,27566.93,38,13,-2.63,1527.73,13.65,-4.9,51.51,37,1,10,5,0.918,0,Low,3,0.00012021577
MRC00630,Retail Trader,83,563,2,0,1,276196.79,14320.6,56,16,14.29,1227.54,23.13,14.32,0.0,28,2,13,3,0.352,0,Low,3,0.0011073052
MRC00631,Small Mfg,7,729,1,0,1,86181.62,9289.07,51,18,-5.88,420.4,22.78,5.08,0.0,39,0,5,4,0.614,0,Low,4,0.00012321703
MRC00632,Tech Services,118,740,2,0,1,943378.3,33405.83,59,18,8.47,3980.5,7.51,-9.91,0.0,26,1,13,4,0.311,0,Low,5,0.00015454924
MRC00633,Agri-Allied,63,559,1,1,1,302983.41,33325.49,46,17,-10.87,1637.75,15.66,-4.79,56.91,31,0,4,4,0.749,0,Low,0,6.0807768e-05
MRC00634,Agri-Allied,42,584,2,1,1,5366237.95,273896.4,55,6,67.27,24281.62,55.17,42.21,81.04,7,4,68,2,0.073,1,High,0,0.99993396
MRC00635,Retail Trader,42,745,1,1,1,1192748.13,112620.49,36,10,16.67,8225.85,16.97,-3.82,67.78,37,0,2,4,0.395,0,Low,3,0.00010123868
MRC00636,Textile & Apparel,59,638,2,0,1,593780.56,25188.35,59,21,-6.78,2505.4,21.03,3.93,0.0,17,1,11,5,0.857,0,Low,6,4.6810663e-05
MRC00637,Agri-Allied,20,472,2,0,1,337954.01,38653.73,43,13,9.3,1953.49,12.47,-4.86,0.0,24,1,11,4,0.901,0,Low,0,6.857644e-05
MRC00638,Retail Trader,73,538,1,1,1,121345.33,3387.28,29,9,6.9,1037.14,12.54,0.32,59.55,38,0,2,4,0.838,0,Low,3,0.00013427065
MRC00639,Retail Trader,17,630,2,1,0,141287.75,5864.05,55,20,-9.09,639.31,11.51,-5.67,45.75,0,0,2,4,0.522,0,Low,3,8.643879e-05
MRC00640,Textile & Apparel,27,556,3,1,1,345736.03,15190.86,50,16,4.0,1720.08,5.44,6.67,58.39,28,1,12,5,0.909,0,Low,6,6.377968e-05
MRC00641,Retail Trader,47,616,1,1,1,315311.57,8000.93,48,3,81.25,1633.74,31.37,52.5,94.69,6,3,40,2,0.023,1,High,3,0.9997373
MRC00642,Textile & Apparel,2,652,2,1,1,219914.43,25697.36,41,5,63.41,1332.81,44.23,47.96,81.23,3,2,30,1,0.05,1,High,6,0.99977237
MRC00643,Retail Trader,63,766,1,0,0,1146831.72,169185.0,53,18,-1.89,5384.19,12.34,14.19,0.0,0,0,9,5,0.587,0,Low,3,0.00022820337
MRC00644,Textile & Apparel,62,626,1,1,1,1352031.33,163854.99,39,11,15.38,8611.66,20.19,-0.02,70.75,32,1,10,5,0.602,0,Low,6,4.4644145e-05
MRC00645,Retail Trader,100,735,1,1,1,420685.63,55480.93,33,12,-9.09,3163.05,15.54,-4.61,45.08,30,1,12,4,0.955,0,Low,3,0.00011029172
MRC00646,Tech Services,19,764,2,1,1,7438521.93,154579.89,45,13,13.33,41096.81,12.24,14.97,33.55,25,0,10,4,0.568,0,Low,5,0.00012893935
MRC00647,Small Mfg,17,764,1,0,1,89672.98,3167.53,52,16,7.69,429.06,22.67,-8.55,0.0,28,0,9,5,0.365,0,Low,4,0.00017350657
MRC00648,Small Mfg,69,672,3,1,1,782145.98,72483.54,46,17,-10.87,4227.82,21.51,10.26,34.96,30,1,9,4,0.525,0,Low,4,0.000115779934
MRC00649,Food & Beverages,39,492,2,1,1,561127.68,82554.76,40,11,17.5,3485.27,24.54,-5.95,69.78,22,1,2,5,0.469,0,Low,2,9.890164e-05
MRC00650,Agri-Allied,82,686,1,0,1,376682.88,39887.96,47,14,10.64,1993.03,17.82,6.62,0.0,21,1,5,4,0.754,0,Low,0,6.432255e-05
MRC00651,Retail Trader,117,733,2,1,1,315781.12,21674.51,54,7,61.11,1455.21,56.83,55.67,92.37,5,4,77,2,0.155,1,High,3,0.9999536
MRC00652,Agri-Allied,118,643,1,1,0,723349.76,28210.21,50,19,-14.0,3598.76,11.49,10.98,71.68,0,0,13,4,0.767,0,Low,0,6.946843e-05
MRC00653,Small Mfg,71,789,2,0,0,556468.92,22185.66,33,5,54.55,4183.98,35.01,23.64,0.0,0,3,51,1,0.058,1,High,4,0.99972206
MRC00654,Food & Beverages,81,718,1,1,1,455772.09,30608.7,53,15,15.09,2139.78,7.12,-5.69,71.53,31,1,0,5,0.714,0,Low,2,6.632697e-05
MRC00655,Textile & Apparel,39,695,1,1,1,153512.37,17315.48,45,16,-6.67,848.13,17.92,6.63,63.1,40,1,12,5,0.543,0,Low,6,8.559876e-05
MRC00656,Retail Trader,36,736,2,1,1,104638.39,2525.61,47,15,4.26,553.64,7.27,-4.57,46.58,24,0,5,3,0.727,0,Low,3,0.000121909376
MRC00657,Textile & Apparel,40,676,4,1,1,515957.79,67478.55,38,14,-10.53,3372.27,23.13,-5.77,32.15,24,1,9,5,0.785,0,Low,6,7.393862e-05
MRC00658,Textile & Apparel,45,450,1,0,1,450216.87,64111.64,43,6,58.14,2602.41,30.8,39.31,0.0,6,2,28,3,0.003,1,High,6,0.99977034
MRC00659,Small Mfg,4,610,3,0,0,575823.1,78050.6,56,18,3.57,2559.21,9.52,-7.16,0.0,0,1,6,3,0.393,0,Low,4,5.2945416e-05
MRC00660,Agri-Allied,102,745,1,0,1,640275.51,88802.05,36,12,0.0,4415.69,10.58,7.6,0.0,29,0,3,5,0.783,0,Low,0,0.00014112066
MRC00661,Textile & Apparel,25,585,3,0,0,389647.28,8569.94,40,13,2.5,2420.17,19.2,14.8,0.0,0,0,10,4,0.63,0,Low,6,0.000120726625
MRC00662,Construction,69,632,2,1,0,565299.58,83162.92,52,18,-3.85,2704.78,21.48,6.89,56.37,0,0,6,4,0.787,0,Low,1,5.6292924e-05
MRC00663,Small Mfg,30,566,1,1,1,261912.57,17712.21,38,11,13.16,1711.85,21.79,7.71,35.9,30,0,3,5,0.337,0,Low,4,6.515684e-05
MRC00664,Retail Trader,76,792,1,0,0,4541350.4,604029.33,38,11,13.16,29682.03,17.02,9.57,0.0,0,1,2,5,0.42,0,Low,3,0.00021063667
MRC00665,Retail Trader,68,784,1,1,1,279375.44,12372.18,54,16,11.11,1287.44,8.1,12.23,66.77,20,0,4,4,0.599,0,Low,3,0.00018437239
MRC00666,Retail Trader,88,579,1,1,1,467345.06,36475.51,33,10,9.09,3513.87,21.37,-3.31,56.31,26,0,9,5,0.963,0,Low,3,0.000111138535
MRC00667,Retail Trader,29,661,1,0,1,306034.6,7877.75,37,11,10.81,2053.92,20.83,5.11,0.0,27,1,7,3,0.382,0,Low,3,5.2246738e-05
MRC00668,Retail Trader,73,595,2,1,0,299929.33,7561.18,50,15,10.0,1492.19,21.71,-4.58,52.21,0,0,8,4,0.402,0,Low,3,0.00017366564
MRC00669,Retail Trader,68,699,4,1,1,751307.18,107155.86,47,17,-8.51,3975.17,8.15,3.14,70.36,24,0,8,5,0.703,0,Low,3,0.00013664359
MRC00670,Textile & Apparel,51,690,1,1,1,645202.14,80894.71,32,9,15.62,5001.57,18.69,-4.78,67.17,27,0,4,3,0.361,0,Low,6,8.8930356e-05
MRC00671,Retail Trader,24,714,2,0,1,420267.85,37352.31,52,19,-9.62,2010.85,24.2,-8.4,0.0,29,0,11,5,0.318,0,Low,3,7.401523e-05
MRC00672,Tech Services,14,676,2,1,1,519088.05,45840.44,42,5,64.29,3071.53,33.39,34.21,75.98,5,0,71,3,0.143,1,High,5,0.99969935
MRC00673,Retail Trader,69,884,3,1,1,307497.96,36081.23,47,16,-2.13,1626.97,19.33,14.41,65.28,25,2,7,5,0.524,0,Low,3,0.0009133401
MRC00674,Agri-Allied,18,567,2,1,1,1181234.65,76091.52,43,12,16.28,6827.95,10.18,-9.85,44.28,24,0,4,5,0.908,0,Low,0,9.920371e-05
MRC00675,Textile & Apparel,42,513,2,0,1,8591048.02,1022704.18,49,14,14.29,43609.38,11.14,7.25,0.0,29,1,6,5,0.994,0,Low,6,6.858468e-05
MRC00676,Construction,57,618,2,1,1,255298.94,21202.86,43,16,-11.63,1475.72,14.71,12.18,36.22,31,1,7,3,0.904,0,Low,1,6.2201805e-05
MRC00677,Retail Trader,83,524,1,0,1,1170282.66,120456.33,48,17,-6.25,6063.64,22.9,-0.16,0.0,32,0,5,5,0.59,0,Low,3,0.00011389506
MRC00678,Textile & Apparel,12,530,1,1,1,769840.59,111956.25,39,14,-7.69,4903.44,5.77,7.7,60.35,27,1,9,5,0.748,0,Low,6,9.7093645e-05
MRC00679,Construction,82,569,1,0,1,1627174.62,132242.15,54,20,-11.11,7498.5,24.79,-1.28,0.0,24,0,11,4,0.533,0,Low,1,0.00010870529
MRC00680,Tech Services,17,576,1,0,0,1683106.17,125210.65,50,14,16.0,8373.66,20.44,3.22,0.0,0,1,4,4,0.361,0,Low,5,9.9426354e-05
MRC00681,Food & Beverages,30,573,2,1,1,933312.38,128561.35,37,12,2.7,6263.84,12.2,13.39,50.13,31,0,9,5,0.663,0,Low,2,0.000107045664
MRC00682,Retail Trader,88,691,1,0,0,695381.09,95500.49,35,12,-2.86,4931.78,12.08,-8.94,0.0,0,1,6,5,0.366,0,Low,3,0.00017559381
MRC00683,Retail Trader,75,609,2,1,1,433072.21,64534.01,41,12,12.2,2624.68,14.66,-3.32,65.45,28,0,9,3,0.485,0,Low,3,4.7894424e-05
MRC00684,Small Mfg,99,635,1,0,0,291282.12,26684.99,50,16,4.0,1449.16,22.51,-7.35,0.0,0,0,10,4,0.781,0,Low,4,8.7659006e-05
MRC00685,Tech Services,23,721,3,0,1,649387.71,42050.45,47,4,74.47,3435.91,58.25,55.28,0.0,9,1,71,3,0.141,1,High,5,0.9993981
MRC00686,Agri-Allied,81,588,3,1,1,156137.67,8002.17,38,10,21.05,1020.51,15.96,9.26,42.47,24,0,3,5,0.354,0,Medium,0,0.00017787839
MRC00687,Agri-Allied,1,628,1,1,1,357672.42,8738.84,37,10,18.92,2400.49,6.12,14.41,38.85,24,0,12,4,0.455,0,Low,0,3.5834804e-05
MRC00688,Retail Trader,79,679,1,0,0,2753062.12,315156.02,42,11,21.43,16290.31,7.31,-6.11,0.0,0,0,4,3,0.6,0,Medium,3,0.00017485383
MRC00689,Food & Beverages,32,494,2,1,1,820947.68,41336.28,43,14,2.33,4745.36,18.81,-8.9,71.2,32,0,4,5,0.589,0,Low,2,0.00010927545
MRC00690,Retail Trader,9,459,1,0,0,2129073.15,210487.23,39,5,61.54,13560.98,55.98,30.59,0.0,0,1,46,2,0.127,1,High,3,0.99951077
MRC00691,Textile & Apparel,15,677,1,1,1,4254861.05,592093.73,48,15,6.25,22045.91,5.83,14.22,31.86,26,0,6,4,0.757,0,Low,6,8.698287e-05
MRC00692,Textile & Apparel,28,689,1,1,1,589815.26,84654.87,32,11,-3.12,4572.21,8.28,-2.0,73.53,33,0,8,5,0.492,0,Low,6,0.00010932266
MRC00693,Agri-Allied,24,815,3,0,1,935457.51,19245.46,39,14,-7.69,5958.33,9.17,-3.32,0.0,30,0,11,4,0.8,0,Low,0,0.00014930358
MRC00694,Retail Trader,60,662,3,1,0,507770.54,31085.59,36,10,16.67,3501.87,20.4,8.38,57.34,0,0,2,4,0.628,0,Low,3,0.00018104364
MRC00695,Retail Trader,35,715,2,0,1,275095.36,35448.55,49,6,63.27,1396.42,55.82,20.41,0.0,3,3,86,2,0.196,1,High,3,0.99899155
MRC00696,Small Mfg,86,634,2,0,1,232451.78,20859.73,41,12,12.2,1408.8,19.7,-1.27,0.0,26,0,4,5,0.374,0,Low,4,7.895269e-05
MRC00697,Textile & Apparel,27,673,3,1,1,2006255.18,250734.02,51,18,-5.88,9786.61,12.4,-6.38,37.02,35,0,6,4,0.855,0,Low,6,9.402299e-05
MRC00698,Small Mfg,83,783,3,1,0,936919.59,122672.78,47,15,4.26,4957.25,7.26,14.36,61.95,0,0,2,3,0.318,0,Low,4,0.0003223821
MRC00699,Retail Trader,109,480,4,1,1,6688657.15,518647.9,59,5,74.58,28222.18,31.19,30.41,99.68,5,2,83,2,0.106,1,High,3,0.99992776
MRC00700,Agri-Allied,76,683,1,1,0,2341874.92,156127.61,39,11,15.38,14916.4,7.81,-3.27,35.39,0,0,5,4,0.754,0,Low,0,0.00013629679
MRC00701,Agri-Allied,20,820,1,1,1,303320.24,24024.88,30,9,10.0,2506.78,12.65,5.86,36.15,30,0,6,3,0.391,0,Low,0,0.0001175606
MRC00702,Retail Trader,65,672,2,1,0,1999505.82,209674.93,44,16,-9.09,11296.64,10.25,-9.58,72.04,0,0,13,4,0.818,0,Low,3,0.0001869545
MRC00703,Textile & Apparel,85,782,2,0,1,505806.44,34258.62,41,13,4.88,3065.49,10.93,6.34,0.0,29,0,10,4,0.964,0,Low,6,0.00015322029
MRC00704,Retail Trader,49,599,1,1,0,3141565.03,379339.19,57,19,0.0,13718.62,17.04,1.35,65.16,0,1,7,4,0.912,0,Low,3,7.999664e-05
MRC00705,Retail Trader,109,647,1,1,1,406931.18,55960.79,46,4,73.91,2199.63,47.9,41.4,89.42,5,0,60,3,0.104,1,High,3,0.9998024
MRC00706,Construction,1,652,3,1,1,206300.44,11697.33,31,8,22.58,1650.4,13.92,2.16,32.36,28,0,4,3,0.426,0,Medium,1,3.7268182e-05
MRC00707,Textile & Apparel,10,472,3,1,1,280714.64,40829.57,43,14,2.33,1622.63,17.77,14.97,47.83,26,1,7,4,0.342,0,Low,6,8.0590034e-05
MRC00708,Food & Beverages,47,556,1,0,1,298463.26,30131.14,45,15,0.0,1648.97,22.38,10.97,0.0,28,1,12,4,0.653,0,Low,2,5.002117e-05
MRC00709,Retail Trader,59,562,3,1,0,266118.74,35703.01,49,15,8.16,1350.86,12.42,14.35,46.76,0,3,0,5,0.865,0,Low,3,0.0014496627
MRC00710,Small Mfg,96,715,2,0,0,366909.34,12294.82,43,12,16.28,2120.86,11.37,13.15,0.0,0,0,8,4,0.897,0,Low,4,0.00012585189
MRC00711,Food & Beverages,62,719,3,1,0,2039122.74,107451.34,40,14,-5.0,12665.36,12.36,10.51,60.13,0,1,5,5,0.732,0,Low,2,0.0001746632
MRC00712,Small Mfg,103,675,1,1,1,6294917.06,388600.84,57,16,15.79,27488.72,15.02,-1.63,50.11,30,0,9,4,0.716,0,Low,4,9.4277595e-05
MRC00713,Agri-Allied,86,715,1,1,1,147823.25,8775.81,43,15,-4.65,854.47,11.26,8.25,33.57,28,0,3,4,0.673,0,Low,0,0.00013675883
MRC00714,Textile & Apparel,18,636,1,1,1,3322458.74,140679.38,38,14,-10.53,21715.42,10.01,-0.21,56.8,34,0,11,5,0.594,0,Low,6,4.1007712e-05
MRC00715,Textile & Apparel,112,746,2,1,0,411167.33,54630.21,41,6,56.1,2491.92,50.58,51.65,86.95,0,1,65,3,0.027,1,High,6,0.9998573
MRC00716,Tech Services,46,650,2,1,1,1107326.42,82406.77,46,13,15.22,5985.55,20.56,11.83,47.36,20,0,2,5,0.402,0,Low,5,4.2744046e-05
MRC00717,Food & Beverages,32,654,1,1,1,100210.15,14551.21,49,18,-10.2,508.68,10.06,-4.87,30.65,31,0,2,3,0.666,0,Low,2,5.0749437e-05
MRC00718,Construction,27,628,4,1,1,1367974.89,131122.32,36,6,50.0,9434.31,60.06,38.67,94.8,6,1,61,3,0.177,1,High,1,0.99979514
MRC00719,Retail Trader,92,704,1,1,1,65750.67,2497.95,45,16,-6.67,363.26,10.7,13.26,61.45,39,0,1,4,0.852,0,Low,3,0.000139633
MRC00720,Food & Beverages,18,616,1,0,1,1063123.77,96709.83,54,19,-5.56,4899.19,17.06,7.49,0.0,31,0,5,4,0.642,0,Low,2,4.81518e-05
MRC00721,Construction,39,728,2,0,1,993219.79,148149.53,50,16,4.0,4941.39,24.42,-8.38,0.0,36,0,9,5,0.713,0,Low,1,8.383704e-05
MRC00722,Retail Trader,49,559,2,1,0,917317.71,85743.81,39,13,0.0,5842.79,24.04,-6.96,74.97,0,0,3,4,0.362,0,Low,3,0.00014916455
MRC00723,Retail Trader,93,562,1,1,1,301977.51,6112.94,43,12,16.28,1745.53,13.69,4.49,58.47,35,1,4,3,0.71,0,Low,3,6.2577696e-05
MRC00724,Food & Beverages,82,704,2,1,1,1410467.84,199299.65,38,12,5.26,9218.74,6.35,9.97,39.95,28,0,3,5,0.858,0,Low,2,0.00011298253
MRC00725,Agri-Allied,44,642,2,0,0,1166242.75,58937.56,61,20,1.64,4760.17,23.05,9.82,0.0,0,1,12,4,0.733,0,Low,0,4.897557e-05
MRC00726,Food & Beverages,72,613,2,1,0,566967.16,62087.88,43,14,2.33,3277.27,7.54,0.62,41.03,0,0,10,5,0.325,0,Low,2,5.5541175e-05
MRC00727,Retail Trader,54,721,2,1,0,1633475.27,142047.7,38,5,60.53,10676.31,49.03,26.73,93.82,0,4,79,2,0.044,1,High,3,0.9997731
MRC00728,Food & Beverages,95,601,1,0,1,650355.9,40521.33,53,18,-1.89,3053.31,19.65,9.69,0.0,35,1,3,3,0.686,0,Low,2,0.00010136725
MRC00729,Retail Trader,34,633,2,1,0,1375781.64,78066.17,46,13,15.22,7436.66,23.68,13.6,53.4,0,0,11,4,0.369,0,Low,3,5.6209028e-05
MRC00730,Retail Trader,71,761,3,1,1,627152.37,88264.66,31,9,12.9,5017.22,18.31,1.1,53.57,34,1,2,5,0.591,0,Low,3,0.00015528813
MRC00731,Retail Trader,36,773,1,1,0,946042.14,131074.48,50,6,64.0,4706.68,34.59,21.95,92.86,0,3,34,2,0.108,1,High,3,0.9996551
MRC00732,Food & Beverages,18,775,1,0,1,1453765.33,126052.4,30,10,0.0,12014.59,14.34,5.24,0.0,29,0,10,4,0.957,0,Low,2,0.0001199276
MRC00733,Small Mfg,38,627,3,0,1,452482.75,24255.06,49,14,14.29,2296.87,11.59,-8.21,0.0,36,1,6,4,0.68,0,Low,4,2.6518648e-05
MRC00734,Agri-Allied,59,748,1,0,1,165942.41,5526.62,52,7,59.62,793.98,32.28,52.62,0.0,4,1,79,1,0.042,1,High,0,0.99981517
MRC00735,Textile & Apparel,9,574,2,0,0,1015909.48,40996.96,38,11,13.16,6639.93,12.01,-5.68,0.0,0,0,8,3,0.355,0,Low,6,0.00010878586
MRC00736,Tech Services,73,577,4,0,1,3039700.82,267167.59,57,8,57.89,13273.8,62.08,57.17,0.0,5,1,59,1,0.133,1,High,5,0.9998672
MRC00737,Textile & Apparel,110,461,1,1,1,1044429.3,62684.45,54,17,5.56,4813.04,22.7,5.64,35.19,30,1,4,5,0.516,0,Low,6,0.00011385293
MRC00738,Food & Beverages,72,783,1,0,1,1068504.73,27213.6,59,10,49.15,4508.46,50.81,50.81,0.0,3,4,31,2,0.188,1,High,2,0.99964714
MRC00739,Textile & Apparel,51,580,3,1,0,693418.28,54899.15,51,16,5.88,3382.53,19.51,10.68,43.76,0,0,6,4,0.668,0,Low,6,9.90723e-05
MRC00740,Textile & Apparel,35,639,3,1,0,1770800.71,207191.84,50,17,-2.0,8809.95,10.76,-0.63,56.39,0,0,10,4,0.761,0,Low,6,5.5272976e-05
MRC00741,Agri-Allied,82,577,2,0,1,583545.38,79315.7,49,17,-4.08,2962.16,24.8,-6.12,0.0,32,1,13,5,0.752,0,Low,0,0.00012650256
MRC00742,Textile & Apparel,5,705,2,1,0,423082.07,40652.66,43,12,16.28,2445.56,10.61,1.6,70.93,0,3,5,5,0.981,0,Low,6,0.0021100973
MRC00743,Food & Beverages,14,619,3,1,0,2747928.47,313340.72,48,17,-6.25,14237.97,8.18,14.09,60.76,0,0,8,5,0.369,0,Low,2,4.653946e-05
MRC00744,Agri-Allied,92,545,2,1,1,385907.9,25982.86,38,10,21.05,2522.27,20.56,12.0,42.42,30,2,1,5,0.811,0,Medium,0,0.0010123329
MRC00745,Retail Trader,30,685,1,0,1,2120929.8,179241.82,42,14,0.0,12549.88,21.78,-2.22,0.0,27,0,10,4,0.643,0,Low,3,8.922247e-05
MRC00746,Tech Services,4,535,1,1,1,2750030.48,315845.1,47,16,-2.13,14550.43,12.88,-3.93,43.16,31,0,0,5,0.884,0,Low,5,8.938248e-05
MRC00747,Textile & Apparel,39,583,2,0,1,1440038.37,165022.02,50,16,4.0,7164.37,15.82,2.08,0.0,32,0,7,4,0.88,0,Low,6,7.1991206e-05
MRC00748,Agri-Allied,84,481,3,1,1,162904.17,12248.51,48,14,12.5,844.06,13.28,6.38,50.11,28,0,4,3,0.934,0,Low,0,0.0001557869
MRC00749,Tech Services,64,536,3,0,1,753576.55,68331.88,50,17,-2.0,3749.14,10.88,13.17,0.0,32,2,6,4,0.94,0,Low,5,0.00088358537
MRC00750,Small Mfg,25,664,4,1,1,572403.82,80194.46,34,9,20.59,4178.13,21.27,5.33,39.42,35,2,6,4,0.436,0,Medium,4,0.0010029351
MRC00751,Retail Trader,28,492,3,0,1,402238.67,41092.58,42,15,-7.14,2380.11,20.14,10.9,0.0,33,0,9,3,0.412,0,Low,3,0.00010821805
MRC00752,Construction,76,531,2,0,0,865707.1,89630.73,48,17,-6.25,4485.53,14.71,7.4,0.0,0,2,4,4,0.405,0,Low,1,0.00097049837
MRC00753,Small Mfg,66,649,1,1,0,1835904.1,223981.47,41,5,63.41,11126.69,54.88,33.41,80.03,0,1,18,1,0.008,1,High,4,0.99941874
MRC00754,Textile & Apparel,107,606,2,1,1,420725.89,14716.56,49,17,-4.08,2135.66,8.6,12.29,54.72,27,0,12,5,0.991,0,Low,6,3.051835e-05
MRC00755,Retail Trader,78,809,2,1,1,593825.5,52241.77,44,3,79.55,3354.95,42.99,52.7,76.78,3,0,77,1,0.133,1,High,3,0.99991965
MRC00756,Food & Beverages,22,796,2,0,1,546193.88,79048.52,42,5,64.29,3231.92,31.73,15.47,0.0,1,1,72,1,0.135,1,High,2,0.98985565
MRC00757,Small Mfg,31,580,1,1,1,2948022.77,197564.25,41,15,-9.76,17866.8,19.38,11.01,70.4,26,0,3,5,0.511,0,Low,4,0.000106754014
MRC00758,Agri-Allied,23,694,3,1,0,535780.19,31257.63,34,11,2.94,3910.8,15.13,14.48,41.82,0,1,12,5,0.973,0,Low,0,0.00016506277
MRC00759,Tech Services,48,709,2,0,0,165829.13,16277.3,46,16,-4.35,896.37,5.77,-2.23,0.0,0,0,13,4,0.533,0,Low,5,0.000198167
MRC00760,Food & Beverages,20,602,1,1,0,110401.41,5381.57,50,17,-2.0,549.26,23.61,-0.42,36.83,0,2,5,4,0.33,0,Low,2,0.0007985778
MRC00761,Retail Trader,38,530,2,1,1,1127231.83,104012.92,44,16,-9.09,6368.54,11.16,2.14,33.85,26,0,5,5,0.938,0,Low,3,7.6582306e-05
MRC00762,Textile & Apparel,55,649,2,0,1,292781.51,11779.99,49,15,8.16,1486.2,11.0,2.45,0.0,34,0,0,4,0.984,0,Low,6,4.668001e-05
MRC00763,Retail Trader,68,636,1,1,1,1627359.64,155206.41,50,16,4.0,8096.32,14.39,8.76,68.8,24,0,2,4,0.451,0,Low,3,5.1175935e-05
MRC00764,Food & Beverages,79,615,3,1,1,147640.57,14514.44,48,17,-6.25,764.98,13.58,10.43,52.56,26,0,4,4,0.573,0,Low,2,7.00294e-05
MRC00765,Retail Trader,88,685,1,1,1,382049.48,28421.45,50,18,-8.0,1900.74,24.25,14.78,36.22,33,0,1,4,0.577,0,Low,3,6.4634536e-05
MRC00766,Agri-Allied,89,589,1,0,1,147755.98,10307.02,40,13,2.5,917.74,8.3,10.11,0.0,34,0,3,3,0.754,0,Low,0,0.00014033551
MRC00767,Food & Beverages,1,557,1,1,1,1228780.61,63785.48,39,12,7.69,7826.63,18.78,-2.51,55.53,33,1,10,3,0.317,0,Low,2,9.5563344e-05
MRC00768,Tech Services,7,658,2,0,1,1589002.55,100138.78,46,6,60.87,8589.2,44.5,57.98,0.0,2,4,15,1,0.079,1,High,5,0.9997508
MRC00769,Textile & Apparel,57,680,4,1,1,1095093.37,92847.47,49,15,8.16,5558.85,10.54,5.45,61.08,27,0,13,3,0.703,0,Low,6,0.000116165655
MRC00770,Food & Beverages,95,555,3,0,1,198169.19,10343.57,47,16,-2.13,1048.51,19.44,7.17,0.0,27,0,0,3,0.367,0,Low,2,0.00017684695
MRC00771,Retail Trader,12,724,3,1,1,298069.96,36295.53,39,4,69.23,1898.53,33.09,53.74,96.78,5,4,67,1,0.008,1,High,3,0.99991953
MRC00772,Food & Beverages,106,508,1,1,1,966248.94,108388.57,48,15,6.25,5006.47,14.38,-1.41,43.33,38,0,4,4,0.998,0,Low,2,0.00010532044
MRC00773,Retail Trader,5,603,1,0,1,96250.58,5294.72,47,16,-2.13,509.26,20.79,-4.93,0.0,39,0,3,3,0.338,0,Low,3,0.0001425555
MRC00774,Textile & Apparel,108,629,2,1,1,546144.06,17840.65,44,7,52.27,3085.56,33.13,46.08,89.24,6,2,80,2,0.061,1,High,6,0.99992895
MRC00775,Food & Beverages,50,599,1,1,1,4503144.21,90168.28,48,18,-12.5,23332.35,23.72,-5.78,43.93,38,0,4,4,0.526,0,Low,2,7.862091e-05
MRC00776,Retail Trader,42,604,3,0,0,587747.87,57348.59,43,12,16.28,3397.39,11.85,4.52,0.0,0,0,12,5,0.497,0,Low,3,9.6187774e-05
MRC00777,Retail Trader,102,799,2,1,1,122240.59,5803.65,38,14,-10.53,798.96,11.24,1.68,52.16,18,0,0,4,0.717,0,Low,3,0.00020635457
MRC00778,Small Mfg,12,581,4,1,1,351902.32,7613.66,39,3,76.92,2241.42,58.31,21.98,86.58,3,4,84,2,0.049,1,High,4,0.9996057
MRC00779,Small Mfg,103,845,1,0,0,342206.35,22818.69,49,14,14.29,1737.09,18.08,6.22,0.0,0,0,3,5,0.982,0,Low,4,0.00015398864
MRC00780,Small Mfg,18,684,2,1,1,9514909.39,1380230.85,46,16,-4.35,51431.94,12.85,0.41,63.96,19,1,13,4,0.417,0,Low,4,0.00011094477
MRC00781,Small Mfg,66,657,2,1,1,5383314.91,590509.62,49,7,57.14,27326.47,42.38,31.15,76.56,6,3,27,1,0.094,1,High,4,0.99994373
MRC00782,Agri-Allied,74,688,1,0,1,1753496.8,230601.1,44,16,-9.09,9906.76,17.37,6.28,0.0,21,0,7,5,0.947,0,Low,0,0.00010392366
MRC00783,Retail Trader,79,852,2,1,1,483259.42,18758.24,46,7,54.35,2612.21,30.3,51.23,77.52,7,1,66,2,0.079,1,High,3,0.9991092
MRC00784,Textile & Apparel,94,570,1,0,1,3080971.7,90973.27,31,10,3.23,24647.77,7.64,0.81,0.0,35,1,3,5,0.882,0,Low,6,9.212654e-05
MRC00785,Retail Trader,108,560,1,1,1,187184.2,4024.25,39,12,7.69,1192.26,17.78,-5.11,55.68,19,1,11,3,0.38,0,Low,3,0.00014826961
MRC00786,Tech Services,17,589,1,1,0,2654827.87,382922.01,45,13,13.33,14667.56,18.95,-9.04,58.29,0,1,4,3,0.524,0,Low,5,9.509791e-05
MRC00787,Small Mfg,68,652,1,0,1,2221222.43,131110.66,41,11,19.51,13461.95,12.28,-9.13,0.0,27,1,6,5,0.479,0,Low,4,4.5737248e-05
MRC00788,Textile & Apparel,71,511,2,1,1,608276.68,48501.33,37,12,2.7,4082.39,21.64,-5.81,72.48,34,0,2,5,0.543,0,Low,6,0.00012883366
MRC00789,Agri-Allied,62,651,1,1,1,2861978.07,204024.9,41,13,4.88,17345.32,6.47,0.85,62.03,32,0,8,5,0.571,0,Low,0,4.821452e-05
MRC00790,Construction,41,785,1,0,0,426485.93,49028.57,44,12,18.18,2409.53,14.92,4.17,0.0,0,1,9,4,0.369,0,Low,1,0.00012405052
MRC00791,Retail Trader,95,662,1,1,1,159835.0,9637.32,56,17,8.93,710.38,24.13,9.9,54.75,34,0,12,3,0.624,0,Low,3,0.00012396503
MRC00792,Small Mfg,115,626,1,1,1,2358551.02,211347.1,42,7,50.0,13955.92,34.3,18.04,81.88,3,4,24,1,0.132,1,High,4,0.99905056
MRC00793,Agri-Allied,119,600,1,1,1,658492.55,98395.71,52,18,-3.85,3150.68,8.45,3.0,59.63,29,0,8,5,0.418,0,Low,0,0.00012069544
MRC00794,Small Mfg,103,721,1,1,1,1501742.6,116727.84,39,14,-7.69,9565.24,12.57,-9.09,74.14,45,1,2,5,0.815,0,Low,4,0.0001269694
MRC00795,Retail Trader,119,583,2,0,1,6485399.06,594486.05,46,15,2.17,35056.21,10.36,-2.55,0.0,27,2,5,3,0.504,0,Low,3,0.00080640626
MRC00796,Tech Services,34,797,2,0,0,306598.73,26161.66,49,15,8.16,1556.34,9.43,7.31,0.0,0,1,1,3,0.871,0,Low,5,0.00012797718
MRC00797,Construction,70,804,2,1,1,614119.37,76405.17,55,20,-9.09,2778.82,24.0,-3.24,31.01,26,0,13,4,0.49,0,Low,1,0.00014057003
MRC00798,Agri-Allied,114,670,3,1,1,4797288.43,262359.65,46,17,-10.87,25931.29,11.9,4.86,41.63,26,0,4,4,0.724,0,Low,0,0.000109732806
MRC00799,Small Mfg,102,649,2,1,0,1627373.75,68605.1,40,6,55.0,10107.91,63.22,47.01,97.32,0,1,51,1,0.107,1,High,4,0.9998554
MRC00800,Tech Services,45,732,2,0,1,314978.83,37177.62,48,16,0.0,1632.01,23.0,-2.37,0.0,39,1,12,4,0.579,0,Low,5,5.0902403e-05
MRC00801,Small Mfg,58,737,3,1,1,231880.81,17166.22,51,5,70.59,1131.13,62.64,16.46,82.3,5,0,69,3,0.142,1,High,4,0.9992405
MRC00802,Retail Trader,51,585,1,1,1,387047.7,53716.18,43,15,-4.65,2237.27,19.72,-7.15,71.14,29,0,8,4,0.476,0,Low,3,4.6954494e-05
MRC00803,Agri-Allied,34,607,2,0,1,300710.22,31195.89,54,18,0.0,1385.76,12.35,8.17,0.0,24,0,13,3,0.327,0,Low,0,6.6034634e-05
MRC00804,Small Mfg,44,544,1,0,0,969773.43,90542.51,51,16,5.88,4730.6,23.7,-9.44,0.0,0,0,11,4,0.923,0,Low,4,9.335063e-05
MRC00805,Textile & Apparel,15,682,1,1,1,801404.75,23368.5,54,17,5.56,3693.11,10.76,-9.12,37.86,22,0,9,5,0.776,0,Low,6,9.808874e-05
MRC00806,Food & Beverages,78,703,2,0,1,1019767.59,117225.9,44,16,-9.09,5761.4,18.26,11.76,0.0,28,0,3,4,0.556,0,Low,2,0.00012141435
MRC00807,Construction,70,542,1,0,1,265939.64,29036.69,48,14,12.5,1377.93,21.49,4.51,0.0,29,1,11,5,0.876,0,Low,1,0.00013596022
MRC00808,Tech Services,50,613,1,1,1,669977.43,69147.94,45,14,6.67,3701.53,9.76,-5.93,33.94,33,0,2,4,0.382,0,Low,5,4.1178257e-05
MRC00809,Textile & Apparel,101,542,1,1,0,61892.87,3393.48,55,18,1.82,280.06,21.03,5.04,49.5,0,0,0,5,0.876,0,Low,6,0.00014693732
MRC00810,Retail Trader,114,578,1,1,0,868052.59,124197.59,51,18,-5.88,4234.4,20.85,-0.75,39.0,0,1,12,3,0.855,0,Low,3,0.00010917525
MRC00811,Construction,32,694,1,1,1,2989237.13,184780.19,36,11,8.33,20615.43,24.28,-3.25,38.12,34,1,1,3,0.949,0,Low,1,8.44404e-05
MRC00812,Food & Beverages,67,591,2,1,1,131966.7,5250.96,47,7,55.32,698.24,42.78,54.25,81.03,5,1,55,1,0.063,1,High,2,0.99989724
MRC00813,Retail Trader,3,625,2,1,0,1302914.03,193269.25,46,14,8.7,7042.78,12.77,1.93,67.19,0,0,0,3,0.852,0,Low,3,4.4556575e-05
MRC00814,Tech Services,86,519,2,0,1,350383.23,40999.05,47,17,-8.51,1853.88,16.81,-2.66,0.0,29,0,1,4,0.805,0,Low,5,7.186383e-05
MRC00815,Tech Services,86,664,1,0,1,1910740.43,141246.32,24,8,0.0,19698.35,23.51,13.59,0.0,23,1,9,4,0.461,0,Low,5,8.955209e-05
MRC00816,Agri-Allied,74,646,4,0,0,882378.99,125005.87,50,4,76.0,4389.95,68.46,45.53,0.0,0,0,79,2,0.128,1,High,0,0.9996804
MRC00817,Small Mfg,51,591,2,0,0,1185464.14,37751.41,46,5,67.39,6407.91,32.94,46.69,0.0,0,2,77,2,0.182,1,High,4,0.99968386
MRC00818,Textile & Apparel,67,634,1,0,0,788421.94,24753.26,47,6,61.7,4171.54,49.94,17.39,0.0,0,5,40,2,0.033,1,High,6,0.99922156
MRC00819,Retail Trader,76,664,3,0,1,3591204.31,390430.82,48,14,12.5,18607.28,19.78,-6.89,0.0,28,2,3,4,0.611,0,Low,3,0.0009893577
MRC00820,Textile & Apparel,93,584,2,0,1,1106699.34,47738.99,47,16,-2.13,5855.55,20.93,-3.68,0.0,32,1,10,5,0.531,0,Low,6,0.00011053926
MRC00821,Food & Beverages,48,531,2,0,1,312853.89,43558.06,50,3,82.0,1556.49,31.25,49.16,0.0,4,0,26,2,0.131,1,High,2,0.9984732
MRC00822,Retail Trader,17,794,1,1,1,821147.53,106130.6,42,15,-7.14,4858.86,24.92,6.8,70.47,28,1,1,3,0.367,0,Low,3,0.00017051959
MRC00823,Textile & Apparel,7,599,2,0,1,468524.07,28030.74,50,14,16.0,2330.97,14.59,9.09,0.0,29,1,4,4,0.895,0,Low,6,8.7146094e-05
MRC00824,Textile & Apparel,13,642,3,1,0,886361.26,120145.51,45,15,0.0,4897.02,16.23,4.39,49.17,0,1,12,3,0.911,0,Low,6,6.8154826e-05
MRC00825,Agri-Allied,66,730,2,0,1,440769.06,11272.84,48,7,56.25,2283.78,45.07,58.79,0.0,6,0,50,1,0.002,1,High,0,0.9993327
MRC00826,Tech Services,4,900,2,1,0,323782.45,29568.76,45,15,0.0,1788.85,24.48,0.8,46.12,0,0,0,3,0.844,0,Low,5,0.00014814836
MRC00827,Textile & Apparel,10,550,2,1,1,926460.47,131208.26,38,3,76.32,6055.3,35.5,43.74,83.81,4,1,47,1,0.153,1,High,6,0.9995253
MRC00828,Textile & Apparel,103,685,3,1,1,779920.72,102325.43,37,12,2.7,5234.37,24.73,-1.41,54.93,28,0,0,5,0.583,0,Low,6,0.0001251512
MRC00829,Food & Beverages,88,593,1,1,0,2614927.72,173342.33,46,14,8.7,14134.74,24.7,12.29,44.92,0,0,4,3,0.961,0,Low,2,9.691133e-05
MRC00830,Textile & Apparel,17,606,2,1,1,443322.58,19405.63,47,13,17.02,2345.62,22.91,-3.11,66.43,22,0,9,3,0.711,0,Low,6,4.530039e-05
MRC00831,Retail Trader,52,592,1,0,1,67709.07,3207.4,41,14,-2.44,410.36,23.62,-6.07,0.0,33,0,5,5,0.742,0,Low,3,0.00011250831
MRC00832,Textile & Apparel,6,559,2,1,1,471349.46,40953.68,40,14,-5.0,2927.64,7.4,-3.62,74.66,37,0,4,5,0.786,0,Low,6,0.00015521827
MRC00833,Retail Trader,83,646,2,1,0,103599.01,10109.24,49,17,-4.08,525.88,8.47,2.48,35.56,0,0,9,5,0.581,0,Low,3,9.8584416e-05
MRC00834,Retail Trader,69,532,1,1,0,1201169.67,29147.42,49,18,-10.2,6097.31,22.7,13.15,38.26,0,0,4,3,0.431,0,Low,3,0.00011731412
MRC00835,Agri-Allied,96,725,2,0,1,97862.87,7218.53,41,5,63.41,593.11,58.62,29.58,0.0,3,2,40,2,0.0,1,High,0,0.9998821
MRC00836,Textile & Apparel,74,654,1,1,1,222783.28,28505.19,47,15,4.26,1178.75,22.5,4.5,54.94,24,0,0,5,0.415,0,Low,6,6.777103e-05
MRC00837,Tech Services,9,683,1,1,0,472219.24,36721.07,56,19,-1.79,2098.75,20.4,-4.56,46.2,0,0,1,3,0.959,0,Low,5,8.974324e-05
MRC00838,Textile & Apparel,91,612,1,1,1,4651688.02,195337.41,45,14,6.67,25699.93,7.79,6.94,48.47,25,0,4,4,0.358,0,Low,6,5.2035266e-05
MRC00839,Small Mfg,77,620,1,1,1,201296.02,29013.17,58,4,79.31,863.93,51.93,47.04,99.4,3,0,43,1,0.178,1,High,4,0.99908566
MRC00840,Small Mfg,83,673,1,0,1,740355.67,40435.13,49,6,63.27,3758.15,67.34,39.59,0.0,4,0,60,2,0.166,1,High,4,0.99967146
MRC00841,Retail Trader,21,556,1,0,0,1462959.35,181108.04,45,16,-6.67,8082.65,16.42,11.4,0.0,0,1,2,4,0.886,0,Low,3,9.728827e-05
MRC00842,Small Mfg,24,621,2,1,1,4329110.55,195646.54,44,12,18.18,24458.25,15.65,-1.63,50.21,30,0,6,4,0.593,0,Low,4,4.169265e-05
MRC00843,Retail Trader,102,581,2,0,0,1854922.92,139142.32,38,12,5.26,12123.68,16.48,13.45,0.0,0,0,7,4,0.799,0,Low,3,0.000120194
MRC00844,Construction,4,578,2,0,1,2710621.07,227027.88,39,13,0.0,17265.1,12.81,1.71,0.0,27,0,11,4,0.844,0,Low,1,0.0001017492
MRC00845,Retail Trader,24,481,1,0,1,2057842.11,175086.53,42,12,14.29,12176.58,21.06,13.42,0.0,32,0,4,4,0.695,0,Low,3,0.00010846362
MRC00846,Textile & Apparel,59,757,3,0,0,170937.36,14895.76,49,4,75.51,867.7,39.33,56.53,0.0,0,1,88,2,0.061,1,High,6,0.999772
MRC00847,Retail Trader,99,595,2,1,1,1123130.6,55306.52,47,16,-2.13,5942.49,10.06,12.43,71.79,37,1,3,3,0.763,0,Low,3,0.00013362781
MRC00848,Construction,3,743,1,0,0,2019565.89,175841.62,48,15,6.25,10464.07,5.76,-1.66,0.0,0,0,12,4,0.392,0,Low,1,0.0001808066
MRC00849,Agri-Allied,68,735,3,1,1,231468.63,19124.55,56,18,3.57,1028.75,9.06,8.77,49.32,25,0,10,5,0.895,0,Low,0,0.00015140054
MRC00850,Small Mfg,101,547,1,1,0,363774.03,17145.96,42,14,0.0,2152.51,20.15,14.2,33.13,0,0,0,3,0.616,0,Low,4,7.499462e-05
MRC00851,Retail Trader,40,562,2,1,0,278220.5,41305.98,49,5,69.39,1412.29,35.57,59.99,95.34,0,1,76,1,0.04,1,High,3,0.99984384
MRC00852,Food & Beverages,48,854,2,0,1,1843446.7,244299.53,54,15,16.67,8495.15,11.97,1.59,0.0,30,2,7,5,0.935,0,Low,2,0.00080745586
MRC00853,Retail Trader,54,790,1,1,1,671227.0,90874.02,50,18,-8.0,3339.44,8.05,-1.38,33.67,39,0,3,5,0.468,0,Low,3,0.000100219084
MRC00854,Tech Services,35,647,3,1,0,496324.35,54161.02,44,5,65.91,2804.09,49.76,46.4,83.63,0,3,24,2,0.015,1,High,5,0.99989295
MRC00855,Retail Trader,95,670,1,1,0,156685.53,6390.67,33,10,9.09,1178.09,9.29,7.65,59.8,0,0,6,5,0.876,0,Low,3,0.00021137403
MRC00856,Retail Trader,56,599,1,1,0,672748.54,63138.77,41,11,19.51,4077.26,9.84,3.51,74.93,0,0,3,4,0.536,0,Low,3,0.00017009884
MRC00857,Retail Trader,108,684,3,1,1,369126.24,46800.46,45,4,73.33,2039.37,55.95,31.52,97.17,1,2,78,2,0.14,1,High,3,0.9999294
MRC00858,Agri-Allied,89,592,3,1,1,976770.97,24454.19,36,11,8.33,6736.35,23.21,-8.54,30.44,36,0,1,4,0.323,0,Low,0,0.0001378276
MRC00859,Agri-Allied,40,487,2,0,1,185060.74,15630.16,43,13,9.3,1069.72,11.53,4.99,0.0,22,0,10,5,0.803,0,Low,0,0.00011743524
MRC00860,Retail Trader,77,544,2,0,1,903008.74,64561.49,53,17,3.77,4239.48,8.44,3.13,0.0,31,0,12,5,0.499,0,Low,3,0.00011768443
MRC00861,Food & Beverages,68,651,1,1,0,430739.63,20492.96,40,14,-5.0,2675.4,24.07,-9.02,74.69,0,0,13,3,0.636,0,Low,2,7.585997e-05
MRC00862,Textile & Apparel,46,559,2,0,1,162892.16,11267.66,41,3,78.05,987.23,34.86,34.14,0.0,3,0,37,3,0.197,1,High,6,0.99772555
MRC00863,Agri-Allied,78,644,1,0,0,148339.55,21932.7,47,15,4.26,784.87,19.95,5.15,0.0,0,0,10,4,0.377,0,Low,0,8.5045336e-05
MRC00864,Textile & Apparel,13,564,1,1,1,177650.88,20256.04,47,17,-8.51,939.95,9.61,-7.05,36.75,25,0,12,3,0.667,0,Low,6,0.00011945987
MRC00865,Textile & Apparel,27,587,2,0,1,569390.14,33559.75,51,7,58.82,2777.51,69.4,43.06,0.0,4,1,87,2,0.149,1,High,6,0.99957603
MRC00866,Agri-Allied,6,718,1,1,1,843398.23,83240.16,40,13,2.5,5238.5,9.64,13.73,33.87,27,0,1,4,0.775,0,Low,0,9.9635545e-05
MRC00867,Retail Trader,17,669,1,1,0,1008312.16,52498.09,36,10,16.67,6953.88,17.75,-5.56,40.27,0,1,0,5,0.352,0,Low,3,0.00013782708
MRC00868,Retail Trader,36,649,1,0,0,1055012.85,104878.52,56,18,3.57,4688.95,13.82,9.96,0.0,0,0,1,5,0.679,0,Low,3,5.690498e-05
MRC00869,Tech Services,104,720,1,0,1,293540.85,40068.82,41,4,70.73,1779.04,47.81,48.11,0.0,6,4,72,2,0.172,1,High,5,0.9998487
MRC00870,Construction,113,688,1,0,1,2597561.01,239999.01,40,11,17.5,16133.92,19.61,1.2,0.0,35,0,11,5,0.527,0,Low,1,0.00010482538
MRC00871,Textile & Apparel,99,765,1,0,0,429050.27,49484.17,55,15,18.18,1941.4,23.71,6.26,0.0,0,0,12,5,0.592,0,Low,6,0.00014587287
MRC00872,Retail Trader,81,613,1,0,0,1251908.46,98818.23,34,12,-5.88,9138.02,12.53,10.06,0.0,0,0,8,5,0.801,0,Low,3,4.9658625e-05
MRC00873,Small Mfg,105,615,2,0,1,598997.97,52793.35,47,6,61.7,3169.3,68.16,52.52,0.0,5,0,50,1,0.094,1,High,4,0.9996817
MRC00874,Textile & Apparel,2,545,3,1,1,1144805.69,126340.48,48,14,12.5,5931.64,24.38,6.51,63.92,21,0,12,4,0.946,0,Low,6,0.00013083602
MRC00875,Retail Trader,77,615,2,0,1,563998.19,70845.31,56,18,3.57,2506.66,11.73,8.67,0.0,27,0,1,4,0.429,0,Low,3,5.0212962e-05
MRC00876,Retail Trader,52,727,2,1,0,1169821.64,123683.7,40,12,10.0,7265.97,10.8,5.19,54.39,0,0,12,5,0.353,0,Low,3,0.00014056319
MRC00877,Small Mfg,66,753,1,1,1,722977.48,106331.16,38,10,21.05,4725.34,20.38,4.13,39.77,34,0,10,4,0.818,0,Medium,4,0.00016314113
MRC00878,Small Mfg,52,726,1,1,0,1936918.15,245169.17,43,13,9.3,11196.06,13.91,-8.38,47.42,0,0,12,4,0.683,0,Low,4,0.00012398596
MRC00879,Retail Trader,92,506,1,1,1,273095.81,33053.01,36,3,75.0,1883.42,61.69,44.88,86.51,8,0,83,2,0.096,1,High,3,0.9994727
MRC00880,Retail Trader,43,736,2,0,0,87214.89,11326.01,42,7,50.0,516.06,46.86,50.68,0.0,0,3,61,1,0.064,1,High,3,0.99987173
MRC00881,Retail Trader,90,502,2,1,0,226833.4,12829.11,34,12,-5.88,1655.72,23.71,6.24,42.68,0,0,11,4,0.315,0,Low,3,8.529752e-05
MRC00882,Small Mfg,22,721,2,0,0,2630546.29,200358.53,40,12,10.0,16338.8,6.68,-8.11,0.0,0,1,2,5,0.349,0,Low,4,0.0001687253
MRC00883,Retail Trader,111,620,1,0,1,605935.86,56582.4,29,9,6.9,5178.94,14.31,3.61,0.0,17,0,11,5,0.992,0,Low,3,4.9496033e-05
MRC00884,Retail Trader,107,706,1,1,1,814618.15,65259.24,44,7,52.27,4602.36,52.59,56.1,89.51,3,1,68,2,0.121,1,High,3,0.99992824
MRC00885,Food & Beverages,55,543,2,0,1,206000.95,26815.04,60,18,10.0,854.78,22.67,9.15,0.0,29,0,2,4,0.453,0,Low,2,0.00012365419
MRC00886,Retail Trader,67,743,1,0,1,789112.73,18559.07,50,9,46.0,3925.93,51.35,38.0,0.0,9,4,26,2,0.033,1,High,3,0.9995277
MRC00887,Small Mfg,99,532,2,1,1,213763.35,10088.09,46,13,15.22,1155.48,6.79,3.02,72.86,32,1,1,5,0.7,0,Low,4,0.0001650505
MRC00888,Retail Trader,60,596,2,1,1,255011.13,34330.07,51,15,11.76,1243.96,24.28,4.28,70.95,20,0,2,4,0.85,0,Low,3,0.00017373139
MRC00889,Retail Trader,58,570,2,0,1,450007.52,12457.57,53,18,-1.89,2112.71,16.27,13.32,0.0,31,0,8,3,0.439,0,Low,3,7.901958e-05
MRC00890,Retail Trader,12,509,3,0,1,1244341.1,61605.44,40,11,17.5,7728.83,21.52,12.67,0.0,41,0,13,5,0.476,0,Low,3,0.0001247197
MRC00891,Small Mfg,88,657,3,1,0,1414401.59,92873.21,42,14,0.0,8369.24,14.41,9.82,55.46,0,1,13,4,0.876,0,Low,4,6.9312264e-05
MRC00892,Tech Services,69,794,2,1,1,1461324.65,171846.33,28,10,-7.14,12932.08,13.71,-1.59,66.09,29,0,9,3,0.561,0,Low,5,0.00014690903
MRC00893,Food & Beverages,84,863,2,0,0,108477.61,10069.27,35,4,65.71,769.34,40.11,18.2,0.0,0,1,15,1,0.043,1,High,2,0.99751174
MRC00894,Textile & Apparel,103,657,1,1,1,723606.2,104270.65,49,17,-4.08,3673.13,24.8,-1.96,65.15,29,0,5,4,0.696,0,Low,6,6.061631e-05
MRC00895,Small Mfg,39,739,3,1,1,575999.34,28583.25,62,20,3.23,2313.25,17.37,8.8,59.61,36,1,6,5,0.559,0,Low,4,7.99136e-05
MRC00896,Retail Trader,13,668,2,0,1,116004.13,15472.13,54,5,72.22,534.58,49.95,15.91,0.0,7,1,74,3,0.076,1,High,3,0.99849904
MRC00897,Textile & Apparel,41,689,1,1,1,743541.99,42217.39,43,13,9.3,4297.93,22.25,7.64,69.42,31,1,3,5,0.762,0,Low,6,7.413942e-05
MRC00898,Tech Services,57,622,1,1,0,540087.98,28038.55,48,16,0.0,2798.38,15.88,-7.37,33.6,0,0,0,5,0.788,0,Low,5,4.1141127e-05
MRC00899,Retail Trader,53,665,1,0,1,1347593.28,114260.78,35,11,5.71,9557.4,23.82,-6.04,0.0,26,0,4,4,0.916,0,Low,3,6.51341e-05
MRC00900,Retail Trader,109,692,2,1,1,804114.13,23525.63,44,6,59.09,4543.02,50.79,43.51,85.78,6,3,79,2,0.15,1,High,3,0.99995637
MRC00901,Retail Trader,12,603,2,0,0,377307.34,26396.39,43,12,16.28,2180.97,22.7,-0.7,0.0,0,0,7,4,0.356,0,Low,3,8.6891756e-05
MRC00902,Retail Trader,13,643,1,1,1,2215336.66,146739.19,32,11,-3.12,17173.15,11.19,-0.77,36.95,34,0,4,4,0.323,0,Low,3,4.572268e-05
MRC00903,Retail Trader,74,645,1,1,0,50742.54,2070.97,36,12,0.0,349.95,5.61,-0.18,55.54,0,0,1,4,0.749,0,Low,3,8.389213e-05
MRC00904,Small Mfg,97,716,3,0,1,675279.42,89071.6,43,13,9.3,3903.35,20.74,9.9,0.0,31,1,10,3,0.71,0,Low,4,0.00013092875
MRC00905,Textile & Apparel,57,564,2,1,1,87912.64,6168.45,44,15,-2.27,496.68,23.6,7.48,42.54,31,0,13,5,0.539,0,Low,6,0.00014649273
MRC00906,Tech Services,40,645,3,1,1,244108.5,36042.53,41,3,78.05,1479.45,34.38,40.55,95.86,2,1,69,1,0.125,1,High,5,0.9997693
MRC00907,Food & Beverages,118,802,1,0,0,1369253.75,187535.78,45,13,13.33,7564.94,15.68,-1.39,0.0,0,0,4,4,0.803,0,Low,2,0.00019163932
MRC00908,Textile & Apparel,80,743,2,0,0,158096.84,7165.8,50,16,4.0,786.55,19.99,6.85,0.0,0,1,8,4,0.635,0,Low,6,0.00033001334
MRC00909,Retail Trader,45,757,2,0,0,132129.61,11319.0,43,15,-4.65,763.75,11.63,14.4,0.0,0,0,7,5,0.346,0,Low,3,0.00028090135
MRC00910,Textile & Apparel,35,651,1,1,0,12715521.62,1249103.39,40,13,2.5,78978.4,7.94,12.81,53.86,0,0,5,5,0.789,0,Low,6,4.866657e-05
MRC00911,Small Mfg,3,675,1,1,1,142750.43,18052.91,38,4,68.42,933.01,42.65,27.78,93.66,6,4,18,1,0.087,1,High,4,0.99962974
MRC00912,Retail Trader,5,730,1,1,1,5286278.63,714353.64,56,17,8.93,23494.57,14.13,-8.35,64.49,35,0,1,4,0.906,0,Low,3,9.876489e-05
MRC00913,Small Mfg,90,774,1,1,1,593241.83,59990.0,49,14,14.29,3011.38,19.84,4.33,35.42,42,0,8,4,0.521,0,Low,4,0.00014517643
MRC00914,Textile & Apparel,11,493,4,1,1,388560.85,9545.95,39,11,15.38,2474.91,8.97,0.16,33.22,29,1,9,5,0.747,0,Low,6,8.867268e-05
MRC00915,Agri-Allied,71,544,1,0,0,1439985.6,118893.76,45,17,-13.33,7955.72,21.3,-5.42,0.0,0,0,2,4,0.46,0,Low,0,8.931654e-05
MRC00916,Textile & Apparel,117,754,1,0,1,3626987.21,489731.99,43,12,16.28,20965.24,15.04,6.29,0.0,27,0,11,5,0.383,0,Low,6,0.00014401892
MRC00917,Textile & Apparel,56,627,2,1,0,184373.43,20803.16,42,15,-7.14,1090.97,23.08,-5.99,59.01,0,0,0,5,0.691,0,Low,6,5.954698e-05
MRC00918,Construction,10,596,1,1,1,395418.61,52637.51,54,17,5.56,1822.21,16.32,-1.21,61.73,30,1,3,4,0.754,0,Low,1,5.77778e-05
MRC00919,Food & Beverages,106,549,2,1,0,2015229.58,216899.91,48,13,18.75,10441.6,13.94,9.86,59.63,0,1,10,5,0.992,0,Low,2,0.00010676817
MRC00920,Retail Trader,116,605,1,1,1,1030539.67,26510.17,40,2,85.0,6400.87,47.81,27.52,75.65,4,1,40,2,0.142,1,High,3,0.99685836
MRC00921,Tech Services,34,537,2,1,0,2736804.06,399137.87,41,13,4.88,16586.69,7.12,5.18,38.89,0,2,7,4,0.317,0,Low,5,0.0007728909
MRC00922,Agri-Allied,67,817,1,1,1,1353405.2,188586.74,56,7,62.5,6015.13,64.7,48.79,94.54,3,2,23,2,0.058,1,High,0,0.9999193
MRC00923,Tech Services,72,648,2,0,1,6387597.71,232862.05,52,19,-9.62,30562.67,13.27,-6.86,0.0,14,0,11,4,0.925,0,Low,5,5.165492e-05
MRC00924,Food & Beverages,31,645,2,1,1,903748.43,31314.75,50,18,-8.0,4496.26,16.37,7.27,74.03,29,0,13,5,0.642,0,Low,2,5.896367e-05
MRC00925,Textile & Apparel,75,697,3,1,1,951860.13,85743.76,32,9,15.62,7378.76,22.2,-7.07,33.11,26,1,1,4,0.634,0,Low,6,0.00011656368
MRC00926,Retail Trader,109,726,3,1,1,1073103.68,127073.3,36,12,0.0,7400.72,14.28,-6.59,43.43,26,0,7,5,0.458,0,Low,3,0.00012070821
MRC00927,Retail Trader,71,725,2,1,1,614776.08,42839.14,40,13,2.5,3818.48,11.29,2.66,34.47,28,1,11,4,0.523,0,Low,3,0.00011296821
MRC00928,Agri-Allied,109,735,1,1,1,2018175.8,76145.13,41,7,48.78,12231.37,30.38,23.96,91.24,8,3,70,1,0.188,1,High,0,0.9984383
MRC00929,Small Mfg,66,599,2,1,0,969416.35,83730.71,47,13,17.02,5129.19,19.68,2.52,66.8,0,0,6,4,0.437,0,Low,4,0.00013050235
MRC00930,Retail Trader,70,626,2,0,1,1878184.19,119985.16,48,15,6.25,9731.52,11.14,-9.76,0.0,36,0,1,5,0.424,0,Low,3,4.5430654e-05
MRC00931,Retail Trader,41,711,3,1,1,2265712.47,148926.08,38,11,13.16,14808.58,8.34,5.06,60.54,30,0,7,3,0.502,0,Low,3,8.1563645e-05
MRC00932,Food & Beverages,63,607,1,1,1,1219736.75,126667.37,56,19,-1.79,5421.05,10.82,-2.2,34.8,33,0,6,4,0.665,0,Low,2,5.0676987e-05
MRC00933,Construction,32,649,1,0,1,1331823.47,179968.04,51,15,11.76,6496.7,7.47,-7.92,0.0,18,1,6,3,0.338,0,Low,1,4.2899388e-05
MRC00934,Agri-Allied,20,681,2,0,1,216989.5,20096.9,52,17,1.92,1038.23,23.07,9.52,0.0,19,0,5,5,0.3,0,Low,0,0.00018789558
MRC00935,Retail Trader,57,712,1,1,0,376839.9,41221.89,46,17,-10.87,2036.97,17.23,-0.25,46.24,0,0,1,4,0.507,0,Low,3,0.00010900538
MRC00936,Retail Trader,98,507,1,0,0,2006816.4,212307.35,42,13,7.14,11874.65,22.27,1.1,0.0,0,1,5,5,0.578,0,Low,3,9.468492e-05
MRC00937,Retail Trader,50,707,1,1,1,4026296.05,369006.03,53,6,66.04,18902.8,52.03,18.8,98.23,6,1,19,1,0.179,1,High,3,0.99737585
MRC00938,Tech Services,80,631,2,1,1,71074.49,4292.8,45,14,6.67,392.68,8.06,-7.91,54.46,40,1,0,4,0.37,0,Low,5,6.6275185e-05
MRC00939,Retail Trader,25,706,4,0,0,369004.54,25503.1,46,14,8.7,1994.62,13.86,1.5,0.0,0,1,7,5,0.785,0,Low,3,0.000123972
MRC00940,Agri-Allied,12,712,2,1,0,750387.28,45804.76,58,19,1.72,3220.55,24.44,6.64,71.47,0,0,5,3,0.403,0,Low,0,0.00020469965
MRC00941,Retail Trader,71,778,1,1,1,253944.41,35368.04,35,11,5.71,1801.02,9.68,12.58,49.91,23,0,10,3,0.612,0,Low,3,7.952234e-05
MRC00942,Agri-Allied,39,758,1,1,0,271842.04,34649.1,43,16,-11.63,1571.34,6.0,9.1,42.9,0,0,8,3,0.682,0,Low,0,8.8875255e-05
MRC00943,Small Mfg,17,757,1,1,1,1289678.92,122925.95,45,13,13.33,7125.3,11.92,-8.02,32.57,37,0,10,4,0.933,0,Low,4,0.00012104629
MRC00944,Food & Beverages,45,765,2,1,0,4865359.49,674298.2,46,14,8.7,26299.24,15.22,-5.85,36.55,0,1,8,4,0.767,0,Low,2,0.0001499559
MRC00945,Retail Trader,11,673,2,0,0,63691.84,8613.25,53,5,71.7,299.02,55.78,25.82,0.0,0,1,35,2,0.126,1,High,3,0.9941964
MRC00946,Retail Trader,70,652,1,0,1,594471.84,83582.9,60,20,0.0,2466.69,13.53,-7.02,0.0,32,1,12,3,0.545,0,Low,3,3.85343e-05
MRC00947,Retail Trader,23,719,2,0,1,1271790.63,62102.3,41,11,19.51,7707.82,10.07,2.01,0.0,32,0,5,5,0.819,0,Low,3,0.000105055035
MRC00948,Tech Services,91,708,2,1,1,1860315.71,210728.0,55,3,83.64,8417.72,43.59,16.46,75.62,4,2,43,1,0.057,1,High,5,0.9998598
MRC00949,Tech Services,110,625,1,1,1,1069768.48,106120.16,39,4,69.23,6813.81,48.04,21.57,87.31,6,3,73,3,0.089,1,High,5,0.999739
MRC00950,Small Mfg,70,682,1,1,0,6038601.84,696842.47,42,15,-7.14,35731.37,7.11,-9.19,57.89,0,1,2,3,0.826,0,Low,4,0.0001422238
MRC00951,Small Mfg,38,647,4,1,1,755162.25,40959.49,47,14,10.64,3995.57,6.53,11.43,70.61,22,2,2,3,0.904,0,Low,4,0.0004094896
MRC00952,Small Mfg,2,581,1,0,1,3521478.01,388507.69,42,12,14.29,20837.15,16.92,6.94,0.0,34,1,5,5,0.558,0,Low,4,9.074249e-05
MRC00953,Retail Trader,86,753,2,0,1,335829.48,24608.81,50,15,10.0,1670.79,23.96,14.23,0.0,33,1,1,4,0.85,0,Low,3,9.339132e-05
MRC00954,Tech Services,84,654,2,1,1,781976.16,100430.71,42,13,7.14,4627.08,21.09,13.82,73.19,29,1,11,4,0.828,0,Low,5,6.372642e-05
MRC00955,Textile & Apparel,89,813,2,1,1,170202.11,21002.52,53,5,71.7,799.07,63.95,31.41,86.11,3,1,32,2,0.03,1,High,6,0.9998684
MRC00956,Textile & Apparel,79,519,2,1,1,2150126.7,102080.47,48,17,-6.25,11140.55,19.7,-6.05,42.19,29,0,8,4,0.385,0,Low,6,0.00011273963
MRC00957,Agri-Allied,113,605,2,0,1,631257.14,27712.94,46,16,-4.35,3412.2,24.12,-4.45,0.0,28,1,7,5,0.85,0,Low,0,0.00012193356
MRC00958,Retail Trader,93,652,3,1,1,1120611.72,126971.05,47,16,-2.13,5929.16,24.01,-3.06,51.15,30,0,10,5,0.528,0,Low,3,5.9632617e-05
MRC00959,Retail Trader,72,740,3,1,1,500797.77,45853.91,47,17,-8.51,2649.72,20.57,0.67,37.58,35,0,4,5,0.784,0,Low,3,0.0001368483
MRC00960,Food & Beverages,37,681,2,1,0,1474329.99,136282.3,47,15,4.26,7800.69,19.32,4.27,55.72,0,1,2,3,0.446,0,Low,2,9.6824406e-05
MRC00961,Retail Trader,49,674,1,0,1,1175166.94,138466.39,28,4,57.14,10399.71,49.52,18.89,0.0,1,1,74,2,0.04,1,High,3,0.997166
MRC00962,Small Mfg,52,559,1,1,0,221110.59,28997.81,40,13,2.5,1373.36,6.82,-8.11,50.44,0,0,12,5,0.577,0,Low,4,0.00011770361
MRC00963,Retail Trader,33,557,2,1,0,237015.09,12103.25,53,7,60.38,1112.75,38.05,47.57,88.36,0,0,49,3,0.01,1,High,3,0.9996747
MRC00964,Textile & Apparel,22,675,2,1,1,705510.92,65062.32,41,13,4.88,4275.82,19.73,-8.52,32.36,40,1,12,4,0.482,0,Low,6,9.1904454e-05
MRC00965,Textile & Apparel,114,540,1,0,1,1609587.91,205647.57,40,13,2.5,9997.44,5.57,10.68,0.0,25,1,4,4,0.831,0,Low,6,9.212654e-05
MRC00966,Textile & Apparel,111,607,1,0,1,6820713.64,910314.56,43,6,58.14,39426.09,37.35,36.78,0.0,4,0,19,2,0.105,1,High,6,0.99751675
MRC00967,Small Mfg,5,690,2,1,1,1049252.99,60188.53,40,12,10.0,6517.1,12.33,-0.25,56.34,39,0,1,3,0.991,0,Low,4,0.00010123095
MRC00968,Textile & Apparel,103,571,1,0,1,2443733.82,81962.84,42,12,14.29,14459.96,8.84,0.5,0.0,36,1,5,3,0.756,0,Low,6,9.592681e-05
MRC00969,Agri-Allied,18,778,2,1,0,105301.07,5293.17,39,13,0.0,670.71,13.15,4.26,33.72,0,1,0,4,0.568,0,Low,0,0.000265899
MRC00970,Agri-Allied,38,747,2,0,0,8166467.67,1167110.21,45,16,-6.67,45118.61,19.07,-7.61,0.0,0,0,2,3,0.45,0,Low,0,0.0001427477
MRC00971,Small Mfg,118,524,2,0,1,1508797.38,120888.41,38,14,-10.53,9861.42,10.5,13.33,0.0,39,0,11,3,0.784,0,Low,4,0.00011914009
MRC00972,Construction,117,575,1,1,1,687264.56,51142.51,51,14,17.65,3352.51,8.47,-0.42,66.36,25,0,6,4,0.836,0,Low,1,0.000111831454
MRC00973,Food & Beverages,37,467,1,1,1,598609.5,12990.4,40,6,55.0,3718.07,36.66,38.61,79.35,6,2,52,1,0.177,1,High,2,0.9996989
MRC00974,Retail Trader,94,587,1,1,0,193176.63,5144.66,36,12,0.0,1332.25,22.61,-3.92,66.38,0,0,3,3,0.522,0,Low,3,0.00016204627
MRC00975,Retail Trader,115,711,1,1,0,272244.5,29111.23,38,10,21.05,1779.38,16.71,9.52,40.59,0,1,1,4,0.729,0,Medium,3,0.000121692305
MRC00976,Retail Trader,95,616,2,0,0,7221135.42,698121.46,39,13,0.0,45994.49,15.48,-9.81,0.0,0,0,2,4,0.33,0,Low,3,5.430112e-05
MRC00977,Small Mfg,64,686,2,1,1,222614.01,21107.97,36,10,16.67,1535.27,20.1,-7.34,69.34,38,0,11,4,0.553,0,Low,4,6.872203e-05
MRC00978,Retail Trader,10,528,1,0,0,217527.09,7470.31,49,17,-4.08,1104.2,19.65,1.77,0.0,0,0,10,4,0.892,0,Low,3,0.00014806759
MRC00979,Agri-Allied,79,713,1,1,1,314058.77,20655.0,38,13,-2.63,2052.67,5.13,14.21,63.23,27,0,0,3,0.78,0,Low,0,6.547363e-05
MRC00980,Small Mfg,42,605,1,0,1,173196.68,21754.64,45,15,0.0,956.89,10.64,-9.11,0.0,35,0,9,4,0.519,0,Low,4,8.639075e-05
MRC00981,Textile & Apparel,48,650,4,0,1,742938.01,31752.03,31,9,12.9,5943.5,23.64,-8.45,0.0,30,0,7,5,0.644,0,Low,6,4.1331336e-05
MRC00982,Food & Beverages,44,642,2,0,0,2694417.55,363070.99,48,18,-12.5,13960.71,24.2,7.87,0.0,0,1,0,5,0.478,0,Low,2,4.2871125e-05
MRC00983,Retail Trader,82,548,3,0,0,350602.79,12548.84,31,11,-6.45,2804.82,15.21,8.39,0.0,0,0,6,3,0.533,0,Low,3,0.00012748197
MRC00984,Retail Trader,87,557,3,1,1,140366.32,5893.9,52,19,-9.62,671.61,16.2,12.42,45.94,34,1,11,5,0.557,0,Low,3,0.00014945913
MRC00985,Small Mfg,97,727,2,1,1,1035332.9,85008.59,40,12,10.0,6430.64,5.01,4.42,57.8,32,0,0,5,0.467,0,Low,4,0.00011643326
MRC00986,Agri-Allied,16,681,2,1,1,682194.98,97478.15,44,14,4.55,3854.21,18.45,0.09,55.46,27,1,13,3,0.664,0,Low,0,9.941953e-05
MRC00987,Small Mfg,54,734,1,1,1,2429678.4,152683.9,47,13,17.02,12855.44,9.25,1.28,49.39,29,0,3,4,0.773,0,Low,4,7.331921e-05
MRC00988,Textile & Apparel,102,675,2,0,1,422772.73,44631.42,44,4,72.73,2388.55,35.25,53.47,0.0,8,2,18,2,0.026,1,High,6,0.9992756
MRC00989,Retail Trader,35,661,1,0,0,533818.87,51528.07,48,7,56.25,2765.9,36.67,46.4,0.0,0,0,76,2,0.15,1,High,3,0.99959904
MRC00990,Food & Beverages,98,511,3,0,0,609603.22,24049.42,35,11,5.71,4323.43,18.3,-0.5,0.0,0,0,4,5,0.367,0,Low,2,0.00012639657
MRC00991,Food & Beverages,28,628,1,0,1,811634.13,42417.38,56,17,8.93,3607.26,13.73,-7.6,0.0,25,0,11,5,0.927,0,Low,2,4.3411877e-05
MRC00992,Small Mfg,2,647,2,1,1,455397.52,64174.55,34,11,2.94,3324.07,11.98,-2.76,50.34,23,1,2,4,0.756,0,Low,4,4.656188e-05
MRC00993,Retail Trader,94,806,1,1,0,374904.67,16506.25,33,4,63.64,2818.83,39.88,30.61,79.41,0,3,45,3,0.111,1,High,3,0.99989796
MRC00994,Small Mfg,13,704,3,0,1,79185.37,8738.21,45,16,-6.67,437.49,21.27,0.71,0.0,30,1,8,4,0.922,0,Low,4,0.00013425657
MRC00995,Textile & Apparel,41,772,1,0,1,370102.53,53816.71,47,17,-8.51,1958.21,22.38,-2.1,0.0,32,0,10,5,0.791,0,Low,6,5.465465e-05
MRC00996,Retail Trader,80,697,2,0,1,1720745.05,61148.02,48,17,-6.25,8915.78,13.9,-2.23,0.0,32,1,12,5,0.68,0,Low,3,0.00010879197
MRC00997,Tech Services,59,593,2,0,0,2023409.71,145470.33,48,3,81.25,10483.99,45.84,45.73,0.0,0,1,55,1,0.068,1,High,5,0.99981815
MRC00998,Retail Trader,69,659,1,0,0,414432.08,20353.25,44,12,18.18,2341.42,22.7,5.83,0.0,0,1,7,5,0.819,0,Low,3,5.715488e-05
MRC00999,Construction,119,668,2,1,1,3469021.76,169298.66,41,11,19.51,21024.37,23.18,8.11,70.42,28,1,7,4,0.344,0,Low,1,0.00013662159
MRC01000,Textile & Apparel,92,574,3,0,1,704719.49,24995.1,33,10,9.09,5298.64,14.84,-1.18,0.0,25,2,7,4,0.709,0,Low,6,0.0008458158
MRC01001,Retail Trader,53,619,1,1,1,146471.24,15297.7,46,16,-4.35,791.74,12.11,11.82,36.67,32,1,10,3,0.709,0,Low,3,3.626311e-05
MRC01002,Agri-Allied,103,633,3,0,1,100422.26,11751.88,55,19,-3.64,454.4,23.0,8.57,0.0,25,1,13,5,0.402,0,Low,0,7.799343e-05
MRC01003,Tech Services,45,778,2,0,1,3146840.55,339805.94,54,17,5.56,14501.57,10.23,5.02,0.0,28,2,2,4,0.929,0,Low,5,0.00069308176
MRC01004,Food & Beverages,20,483,3,1,1,466211.9,65365.4,40,15,-12.5,2895.73,20.94,7.6,48.28,31,0,4,4,0.446,0,Low,2,0.00011626506
MRC01005,Food & Beverages,24,746,1,1,0,169926.72,6616.65,52,18,-3.85,813.05,23.17,9.24,42.47,0,0,13,5,0.839,0,Low,2,0.00023822305
MRC01006,Small Mfg,61,575,2,0,1,48478.16,2985.28,48,14,12.5,251.18,19.79,3.18,0.0,28,0,7,4,0.783,0,Low,4,0.00015742876
MRC01007,Small Mfg,91,540,3,1,1,453676.95,29395.76,38,12,5.26,2965.21,18.6,-0.05,61.9,32,0,9,4,0.82,0,Low,4,0.00013090204
MRC01008,Food & Beverages,94,744,1,0,1,1185530.64,59478.87,49,8,51.02,6017.92,65.74,42.69,0.0,5,3,50,3,0.125,1,High,2,0.999902
MRC01009,Retail Trader,58,708,2,0,1,315770.39,12152.94,45,6,60.0,1744.59,35.77,56.69,0.0,5,1,46,1,0.134,1,High,3,0.999561
MRC01010,Agri-Allied,109,750,1,1,1,206097.74,17162.06,45,14,6.67,1138.66,18.33,3.75,41.82,46,0,8,4,0.584,0,Low,0,0.00017007791
MRC01011,Retail Trader,27,714,1,1,1,377282.33,48472.16,43,13,9.3,2180.82,20.7,13.7,52.66,32,0,5,3,0.929,0,Low,3,5.5883167e-05
MRC01012,Construction,26,814,2,0,0,3242419.68,467200.78,42,13,7.14,19185.92,6.27,-6.13,0.0,0,3,5,4,0.519,0,Low,1,0.0019415665
MRC01013,Construction,7,694,2,0,0,137093.99,5047.02,47,7,55.32,725.37,43.1,45.74,0.0,0,5,42,2,0.183,1,High,1,0.99943477
MRC01014,Retail Trader,42,637,2,1,0,337715.38,42893.38,54,5,72.22,1556.29,68.64,20.14,76.89,0,2,59,3,0.099,1,High,3,0.999203
MRC01015,Small Mfg,47,677,1,0,0,3118645.36,396677.8,47,17,-8.51,16500.77,17.9,13.93,0.0,0,1,1,5,0.793,0,Low,4,0.000106940264
MRC01016,Tech Services,53,749,1,0,1,1319827.42,93136.47,41,15,-9.76,7998.95,15.24,4.87,0.0,31,0,5,3,0.846,0,Low,5,8.771963e-05
MRC01017,Retail Trader,59,587,1,1,1,904333.4,31022.12,48,17,-6.25,4685.67,5.17,0.82,69.28,33,0,7,3,0.422,0,Low,3,0.00011513521
MRC01018,Agri-Allied,38,597,2,1,1,334992.91,49813.79,43,16,-11.63,1936.38,8.03,-1.33,72.02,27,0,12,4,0.998,0,Low,0,5.2742682e-05
MRC01019,Tech Services,69,625,3,0,1,756611.94,79616.08,42,12,14.29,4476.99,20.04,-4.95,0.0,32,0,3,4,0.416,0,Low,5,5.303754e-05
MRC01020,Retail Trader,87,481,2,1,1,382546.36,56496.53,58,19,1.72,1641.83,10.95,7.86,42.58,30,1,0,4,0.612,0,Low,3,6.936311e-05
MRC01021,Small Mfg,92,661,1,1,1,260077.94,21554.02,45,13,13.33,1436.89,7.34,5.9,65.37,38,0,0,5,0.986,0,Low,4,0.0001216314
MRC01022,Textile & Apparel,98,499,3,1,0,199572.14,14244.48,40,14,-5.0,1239.58,6.02,12.25,41.03,0,0,0,4,0.395,0,Low,6,0.00017398487
MRC01023,Tech Services,53,654,2,1,1,1869001.18,97438.72,44,16,-9.09,10559.33,22.01,4.93,41.91,43,0,11,5,0.871,0,Low,5,3.6219633e-05
MRC01024,Construction,15,719,2,1,0,678413.76,100313.22,44,3,79.55,3832.85,38.86,36.12,88.37,0,3,71,1,0.115,1,High,1,0.99994123
MRC01025,Construction,96,611,1,0,1,1063862.27,56303.26,48,16,0.0,5512.24,15.07,7.07,0.0,29,0,4,5,0.929,0,Low,1,5.2093907e-05
MRC01026,Agri-Allied,26,784,2,0,1,875025.08,20203.59,53,16,9.43,4108.1,6.23,11.97,0.0,34,1,9,5,0.551,0,Low,0,0.00013645142
MRC01027,Tech Services,48,533,1,1,1,1238117.44,107246.84,43,13,9.3,7156.75,14.77,14.76,33.27,23,2,11,3,0.364,0,Low,5,0.0005635381
MRC01028,Food & Beverages,95,745,1,1,0,537313.74,37083.55,38,4,68.42,3511.85,64.71,37.83,89.06,0,2,88,2,0.116,1,High,2,0.9999312
MRC01029,Textile & Apparel,19,704,1,1,0,409221.17,22089.65,49,17,-4.08,2077.26,7.46,-2.76,60.28,0,0,12,4,0.334,0,Low,6,0.00010689204
MRC01030,Food & Beverages,9,512,1,1,1,274213.86,28106.66,56,16,14.29,1218.73,23.05,4.13,51.35,42,1,4,5,0.705,0,Low,2,0.00013133275
MRC01031,Retail Trader,64,866,1,1,1,133684.4,9004.3,37,11,10.81,897.21,20.67,2.87,35.75,19,0,9,4,0.852,0,Low,3,0.00019342608
MRC01032,Small Mfg,93,644,1,1,0,189768.5,13718.86,51,7,58.82,925.7,64.61,15.23,83.52,0,2,52,1,0.183,1,High,4,0.9763298
MRC01033,Retail Trader,54,579,1,1,1,470475.3,10819.02,54,15,16.67,2168.09,15.73,-8.03,56.46,40,1,4,5,0.744,0,Low,3,4.2474563e-05
MRC01034,Retail Trader,51,537,2,1,0,106548.19,10290.34,32,2,81.25,825.95,45.3,41.28,92.08,0,1,51,2,0.13,1,High,3,0.99972385
MRC01035,Retail Trader,39,632,1,0,1,138864.92,4980.98,48,14,12.5,719.51,17.81,3.1,0.0,23,1,4,3,0.999,0,Low,3,4.070164e-05
MRC01036,Small Mfg,4,639,2,1,1,2547359.45,121750.11,47,15,4.26,13478.09,9.51,9.95,49.85,36,1,10,5,0.801,0,Low,4,4.335516e-05
MRC01037,Textile & Apparel,3,658,1,1,1,954569.17,108081.4,46,16,-4.35,5159.83,7.74,-5.46,56.7,32,1,0,4,0.705,0,Low,6,4.475041e-05
MRC01038,Small Mfg,64,626,3,1,1,424130.27,25753.85,48,15,6.25,2197.57,15.77,-5.89,41.94,25,0,10,3,0.93,0,Low,4,2.7641034e-05
MRC01039,Retail Trader,29,700,3,1,0,11138179.41,459085.97,50,18,-8.0,55413.83,14.57,9.0,48.24,0,0,2,3,0.801,0,Low,3,0.00017074785
MRC01040,Textile & Apparel,116,618,1,0,0,100921.71,9594.14,45,16,-6.67,557.58,8.01,7.26,0.0,0,0,10,4,0.944,0,Low,6,6.856323e-05
MRC01041,Agri-Allied,11,495,2,1,1,2351898.73,112744.34,51,9,47.06,11472.68,66.02,17.24,97.85,5,3,43,3,0.183,1,High,0,0.9992613
MRC01042,Food & Beverages,97,638,1,1,0,638093.88,35240.12,51,3,82.35,3112.65,51.61,50.78,79.77,0,0,18,2,0.007,1,High,2,0.9994778
MRC01043,Textile & Apparel,102,460,3,1,1,1871136.26,188562.09,44,16,-9.09,10571.39,22.43,1.82,63.41,21,0,6,4,0.686,0,Low,6,0.0001412891
MRC01044,Small Mfg,58,678,2,1,1,831298.7,96581.97,51,16,5.88,4055.12,20.18,10.87,65.29,32,0,11,4,0.415,0,Low,4,0.00013067482
MRC01045,Tech Services,75,571,1,0,1,77134.5,8959.62,48,7,56.25,399.66,53.61,44.1,0.0,6,3,51,1,0.032,1,High,5,0.9998419
MRC01046,Small Mfg,27,663,1,1,1,817946.79,67637.36,38,13,-2.63,5346.06,21.36,-7.43,53.29,32,0,1,3,0.549,0,Low,4,9.0313966e-05
MRC01047,Retail Trader,97,755,1,1,1,1091067.38,86258.26,41,11,19.51,6612.53,24.38,10.23,44.86,30,0,3,4,0.91,0,Low,3,0.00014374412
MRC01048,Retail Trader,21,574,1,1,1,52555.11,6432.42,37,12,2.7,352.72,19.33,3.13,45.68,28,0,0,3,0.72,0,Low,3,0.00012250975
MRC01049,Tech Services,39,734,2,1,1,7518355.23,339036.58,45,15,0.0,41537.87,20.74,6.56,32.96,32,1,8,5,0.36,0,Low,5,7.9006466e-05
MRC01050,Retail Trader,95,615,2,1,1,1059649.88,42159.57,41,15,-9.76,6422.12,10.33,8.63,72.56,35,1,2,4,0.41,0,Low,3,6.5008826e-05
MRC01051,Tech Services,102,790,1,0,1,1633744.68,173847.36,41,15,-9.76,9901.48,24.84,-2.49,0.0,27,1,8,4,0.524,0,Low,5,0.0001364211
MRC01052,Agri-Allied,46,620,1,1,1,180117.51,13191.07,50,16,4.0,896.11,8.53,-2.55,48.37,30,1,9,5,0.765,0,Low,0,3.7098685e-05
MRC01053,Construction,66,582,1,0,1,1670679.56,187616.98,50,18,-8.0,8311.84,20.02,-3.4,0.0,37,1,6,4,0.577,0,Low,1,9.234044e-05
MRC01054,Food & Beverages,91,704,1,1,1,2696338.64,143871.32,52,14,19.23,12901.14,12.9,-5.82,44.85,45,0,13,4,0.345,0,Low,2,0.000115022616
MRC01055,Construction,36,615,3,0,1,988834.12,61538.45,49,15,8.16,5019.46,12.14,-2.38,0.0,27,0,13,3,0.792,0,Low,1,5.0494353e-05
MRC01056,Textile & Apparel,75,582,1,0,1,721259.4,98501.02,39,11,15.38,4594.01,10.7,13.82,0.0,39,0,9,4,0.374,0,Low,6,0.00011746816
MRC01057,Food & Beverages,111,611,2,1,1,249619.8,18675.39,36,10,16.67,1721.52,13.82,-7.85,53.54,27,2,1,5,0.986,0,Low,2,0.00047773885
MRC01058,Textile & Apparel,82,646,1,1,1,562728.02,54485.55,49,17,-4.08,2856.49,20.82,-3.98,37.37,27,0,1,5,0.953,0,Low,6,4.896497e-05
MRC01059,Agri-Allied,65,757,1,1,1,394575.03,13363.74,55,9,50.91,1785.41,48.48,40.11,92.87,5,3,20,2,0.05,1,High,0,0.99976474
MRC01060,Small Mfg,63,495,2,1,1,1449015.28,62666.71,44,14,4.55,8186.53,13.32,-6.15,64.18,24,0,12,4,0.383,0,Low,4,0.00011997449
MRC01061,Tech Services,99,651,2,1,1,263063.02,6488.56,49,15,8.16,1335.35,18.03,-8.06,65.14,26,1,11,4,0.767,0,Low,5,6.4903084e-05
MRC01062,Construction,35,699,1,1,0,1436299.92,107964.09,33,9,18.18,10799.25,20.76,-5.95,45.21,0,0,9,4,0.534,0,Low,1,0.000121020435
MRC01063,Food & Beverages,31,665,2,1,1,266523.4,39594.61,38,13,-2.63,1741.98,6.99,3.19,54.32,32,1,5,5,0.951,0,Low,2,4.9788785e-05
MRC01064,Textile & Apparel,28,754,2,1,0,532414.15,71132.4,49,17,-4.08,2702.61,24.21,4.92,39.32,0,0,11,4,0.963,0,Low,6,0.00019597138
MRC01065,Textile & Apparel,103,644,1,1,1,1527668.5,156247.12,54,8,55.56,7039.95,43.48,24.92,79.3,8,1,76,2,0.1,1,High,6,0.96655864
MRC01066,Food & Beverages,1,635,2,1,1,313465.3,41359.41,44,15,-2.27,1770.99,23.3,2.6,36.52,36,3,10,4,0.621,0,Low,2,0.0005624579
MRC01067,Retail Trader,25,697,2,1,1,1592226.31,154831.3,32,10,6.25,12342.84,24.73,-9.84,49.71,28,0,3,3,0.418,0,Low,3,0.00011187337
MRC01068,Retail Trader,43,657,1,0,1,1416349.0,96226.69,46,17,-10.87,7655.94,7.01,5.05,0.0,31,0,5,3,0.991,0,Low,3,3.5037487e-05
MRC01069,Textile & Apparel,102,618,2,1,0,526949.08,22427.5,45,13,13.33,2911.32,22.85,-9.97,69.56,0,0,1,4,0.425,0,Low,6,5.9977203e-05
MRC01070,Textile & Apparel,84,691,1,0,1,2940646.0,308462.99,42,14,0.0,17400.27,17.82,6.07,0.0,39,0,12,4,0.917,0,Low,6,0.000102895174
MRC01071,Textile & Apparel,67,597,1,0,1,800779.74,36112.5,36,4,66.67,5522.62,58.58,53.46,0.0,4,0,44,3,0.199,1,High,6,0.999212
MRC01072,Retail Trader,63,601,2,0,0,2737982.33,203338.16,38,11,13.16,17895.31,7.18,-7.27,0.0,0,0,8,4,0.496,0,Low,3,0.000110346846
MRC01073,Retail Trader,51,607,3,1,1,6275463.53,799206.89,52,16,7.69,30026.14,21.69,-7.79,39.09,44,1,8,5,0.436,0,Low,3,4.2568885e-05
MRC01074,Retail Trader,2,758,3,0,1,546035.23,20093.99,52,17,1.92,2612.61,17.52,-9.83,0.0,23,1,3,4,0.973,0,Low,3,0.00012538186
MRC01075,Construction,82,392,1,1,0,1581597.52,58159.74,37,13,-5.41,10614.75,15.21,3.79,55.15,0,0,9,3,0.65,0,Low,1,9.531325e-05
MRC01076,Textile & Apparel,108,681,1,1,1,339394.52,16688.81,49,7,57.14,1722.81,67.8,38.29,82.09,4,1,82,2,0.185,1,High,6,0.99923754
MRC01077,Textile & Apparel,64,652,2,1,1,211213.07,19378.64,41,15,-9.76,1280.08,19.89,11.41,34.14,25,0,5,5,0.666,0,Low,6,6.431709e-05
MRC01078,Small Mfg,74,515,1,1,0,576913.96,30417.24,41,3,78.05,3496.45,48.84,59.61,77.01,0,3,61,1,0.042,1,High,4,0.9999348
MRC01079,Retail Trader,69,674,2,1,1,142184.34,12144.78,48,17,-6.25,736.71,23.87,12.18,38.97,47,1,3,4,0.452,0,Low,3,0.00013452837
MRC01080,Construction,9,688,2,1,1,236776.2,14030.82,52,16,7.69,1132.9,11.15,11.55,50.4,34,1,4,3,0.484,0,Low,1,0.00011983351
MRC01081,Food & Beverages,2,697,3,1,1,1483209.86,127276.44,43,6,58.14,8573.47,30.13,23.8,99.87,4,3,74,1,0.082,1,High,2,0.99926263
MRC01082,Retail Trader,34,437,1,1,1,393808.95,22089.57,50,15,10.0,1959.25,5.24,-0.92,68.82,41,0,11,4,0.457,0,Low,3,5.5314475e-05
MRC01083,Textile & Apparel,60,759,1,1,0,1711048.51,252211.3,34,10,11.76,12489.41,23.33,10.68,32.87,0,0,4,4,0.626,0,Low,6,0.00021052283
MRC01084,Tech Services,102,590,3,1,1,1044756.42,87815.25,38,6,52.63,6828.47,59.32,53.4,87.01,0,5,21,1,0.023,1,High,5,0.999828
MRC01085,Construction,61,704,2,0,0,6725285.09,784663.53,47,15,4.26,35583.52,7.48,0.08,0.0,0,0,10,5,0.945,0,Low,1,0.00016305794
MRC01086,Agri-Allied,31,709,3,1,1,1368471.17,151997.53,49,18,-10.2,6946.55,19.74,6.95,35.24,36,1,8,5,0.52,0,Low,0,9.9060875e-05
MRC01087,Small Mfg,10,579,1,0,1,2777499.68,232678.7,39,5,61.54,17691.08,44.07,42.79,0.0,5,3,71,3,0.129,1,High,4,0.9999063
MRC01088,Retail Trader,114,702,2,0,1,1181460.09,60315.98,41,13,4.88,7160.36,14.6,2.5,0.0,27,0,12,4,0.479,0,Low,3,0.00011588154
MRC01089,Construction,76,619,2,1,1,1059886.31,91567.16,42,13,7.14,6271.52,6.37,-5.57,33.73,22,1,5,5,0.323,0,Low,1,5.0281917e-05
MRC01090,Retail Trader,36,484,1,1,1,2951073.77,320269.15,62,22,-6.45,11851.7,9.25,-6.44,50.72,29,0,13,3,0.558,0,Low,3,8.3042556e-05
MRC01091,Construction,118,743,2,1,1,1627502.13,129857.59,50,4,76.0,8097.03,53.81,35.57,87.84,5,3,36,1,0.061,1,High,1,0.99995184
MRC01092,Small Mfg,85,587,2,1,1,938535.85,28766.37,41,13,4.88,5688.1,13.36,1.44,59.77,28,0,1,5,0.567,0,Low,4,0.00011885969
MRC01093,Small Mfg,49,581,1,1,1,933583.42,20854.22,37,13,-5.41,6265.66,5.52,-2.56,48.29,31,0,0,4,0.896,0,Low,4,7.343634e-05
MRC01094,Agri-Allied,111,617,1,0,1,1391475.39,87139.73,53,7,60.38,6532.75,51.26,36.56,0.0,2,2,42,3,0.092,1,High,0,0.9997992
MRC01095,Retail Trader,70,671,2,1,1,325901.93,12882.61,43,7,51.16,1883.83,53.39,41.4,82.4,8,0,89,1,0.149,1,High,3,0.9989336
MRC01096,Retail Trader,112,645,2,0,1,309725.17,42681.59,46,14,8.7,1674.19,11.66,0.17,0.0,27,0,8,4,0.444,0,Low,3,3.36016e-05
MRC01097,Retail Trader,49,693,3,0,0,4034880.0,172927.88,46,16,-4.35,21810.16,7.82,-4.66,0.0,0,0,7,3,0.585,0,Low,3,0.0001376398
MRC01098,Retail Trader,3,542,1,1,0,6833150.48,486908.12,36,12,0.0,47125.18,17.87,5.14,43.2,0,1,10,4,0.809,0,Low,3,9.304375e-05
MRC01099,Food & Beverages,74,590,1,0,1,239268.36,26934.46,42,15,-7.14,1415.79,23.4,6.85,0.0,27,0,12,5,0.692,0,Low,2,0.00014922814
MRC01100,Textile & Apparel,5,640,4,0,1,326833.67,41182.62,51,14,17.65,1594.31,22.18,9.6,0.0,33,0,12,3,0.485,0,Low,6,3.271247e-05
MRC01101,Retail Trader,110,801,3,1,1,2873459.85,235918.84,43,14,2.33,16609.59,18.14,14.77,73.19,26,1,1,3,0.787,0,Low,3,0.00018384293
MRC01102,Construction,90,640,1,0,1,1383634.09,60253.88,46,14,8.7,7479.1,8.68,-4.22,0.0,30,1,2,4,0.342,0,Low,1,4.786315e-05
MRC01103,Tech Services,61,736,2,0,0,1642473.22,90691.42,37,13,-5.41,11023.31,20.69,-9.62,0.0,0,2,11,5,0.688,0,Low,5,0.0016108275
MRC01104,Tech Services,85,653,1,0,0,2139155.22,159294.12,47,6,61.7,11318.28,35.53,49.96,0.0,0,2,22,2,0.065,1,High,5,0.9995807
MRC01105,Construction,109,611,1,0,1,546408.1,36826.43,54,18,0.0,2518.01,21.99,13.1,0.0,33,0,9,5,0.542,0,Low,1,4.614596e-05
MRC01106,Retail Trader,90,630,1,0,1,1083778.29,70800.48,43,15,-4.65,6264.61,13.08,-3.78,0.0,25,0,11,5,0.456,0,Low,3,4.7977985e-05
MRC01107,Textile & Apparel,102,636,1,1,1,987202.61,36665.69,54,7,61.11,4549.32,56.42,16.44,77.9,8,2,78,2,0.137,1,High,6,0.99787116
MRC01108,Food & Beverages,108,698,3,0,1,260357.27,36119.45,44,13,11.36,1470.95,8.1,-2.01,0.0,29,1,10,4,0.408,0,Low,2,0.00016540814
MRC01109,Small Mfg,26,759,2,1,0,1064599.4,25410.24,43,12,16.28,6153.75,20.45,-0.22,69.5,0,0,6,5,0.406,0,Low,4,0.00025817374
MRC01110,Retail Trader,72,678,4,0,1,3221162.37,248674.63,42,6,57.14,19060.13,67.79,32.01,0.0,5,2,48,1,0.166,1,High,3,0.9998753
MRC01111,Food & Beverages,5,744,2,1,1,488473.31,72021.38,41,14,-2.44,2960.44,6.99,1.53,52.0,33,0,5,4,0.555,0,Low,2,0.00013299209
MRC01112,Retail Trader,15,572,1,1,1,875966.47,92645.82,27,7,22.22,8036.39,5.4,8.13,33.33,25,0,4,5,0.598,0,Medium,3,0.0001076456
MRC01113,Retail Trader,16,616,2,1,0,934765.24,61884.62,40,11,17.5,5806.0,24.03,3.75,73.88,0,0,0,4,0.783,0,Low,3,6.591824e-05
MRC01114,Agri-Allied,1,592,4,1,0,518348.22,20211.79,42,16,-14.29,3067.15,5.35,9.1,49.0,0,0,5,4,0.793,0,Low,0,0.00011518265
MRC01115,Small Mfg,16,675,2,1,0,1643406.02,238792.55,49,15,8.16,8342.16,17.57,-2.07,55.77,0,0,3,5,0.533,0,Low,4,0.00014547449
MRC01116,Small Mfg,37,621,2,0,1,322520.26,7036.82,45,14,6.67,1781.88,14.07,11.92,0.0,23,0,1,5,0.919,0,Low,4,2.049895e-05
MRC01117,Retail Trader,3,708,3,1,0,3609842.22,391958.05,47,6,61.7,19099.69,67.68,57.49,88.08,0,0,51,1,0.196,1,High,3,0.9995223
MRC01118,Tech Services,52,575,1,1,0,1546410.0,207865.14,60,20,0.0,6416.64,6.75,-2.27,59.09,0,0,2,4,0.53,0,Low,5,8.147503e-05
MRC01119,Retail Trader,47,653,2,0,1,237014.76,5515.54,27,4,55.56,2174.45,36.01,55.84,0.0,5,3,15,1,0.04,1,High,3,0.9995517
MRC01120,Retail Trader,95,704,3,0,1,5596274.25,639501.55,36,2,83.33,38594.99,55.04,38.04,0.0,7,2,19,2,0.066,1,High,3,0.999879
MRC01121,Tech Services,13,484,4,0,1,892446.42,133732.12,42,14,0.0,5280.75,22.07,-1.17,0.0,21,0,7,3,0.395,0,Low,5,0.00013817975
MRC01122,Construction,80,819,1,1,1,306343.71,31600.43,47,17,-8.51,1620.87,15.37,-4.61,58.51,23,2,2,5,0.795,0,Low,1,0.0007393686
MRC01123,Tech Services,55,627,2,0,1,2745477.11,202913.45,45,13,13.33,15168.38,19.57,-8.68,0.0,37,1,3,5,0.418,0,Low,5,3.2350552e-05
MRC01124,Food & Beverages,107,487,2,0,1,1320612.0,176528.97,52,17,1.92,6318.72,13.75,3.82,0.0,26,3,8,4,0.513,0,Low,2,0.0011312487
MRC01125,Small Mfg,21,662,1,1,1,86998.69,8007.65,43,13,9.3,502.88,24.68,14.72,51.83,31,0,2,3,0.848,0,Low,4,0.00010504873
MRC01126,Agri-Allied,66,652,2,1,0,388173.48,45582.17,38,12,5.26,2537.08,16.19,0.56,66.32,0,0,1,5,0.78,0,Low,0,5.8340982e-05
MRC01127,Retail Trader,54,643,1,0,1,1019595.77,98300.52,46,7,54.35,5511.33,33.76,56.19,0.0,3,2,30,2,0.06,1,High,3,0.99983525
MRC01128,Textile & Apparel,27,729,1,0,1,54639.92,1364.79,34,11,2.94,398.83,6.86,-4.5,0.0,31,0,6,5,0.918,0,Low,6,0.0001170012
MRC01129,Textile & Apparel,38,709,1,1,1,807811.57,38539.76,53,16,9.43,3792.54,14.26,-4.88,58.34,26,0,4,3,0.575,0,Low,6,7.124359e-05
MRC01130,Retail Trader,90,673,2,1,1,881671.88,26661.11,39,12,7.69,5615.74,6.29,-1.79,45.93,23,0,5,5,0.697,0,Low,3,0.00010761347
MRC01131,Small Mfg,58,686,1,1,1,176276.62,5970.38,35,11,5.71,1250.19,7.43,10.88,31.12,32,0,8,4,0.559,0,Low,4,0.0001259011
MRC01132,Agri-Allied,62,641,2,1,0,1009306.34,22207.48,56,18,3.57,4485.81,15.12,14.01,39.63,0,0,10,5,0.501,0,Low,0,6.553966e-05
MRC01133,Retail Trader,102,792,1,0,1,735978.81,55015.48,42,13,7.14,4354.9,12.05,8.49,0.0,22,0,0,5,0.826,0,Low,3,0.00015330213
MRC01134,Retail Trader,46,531,1,0,1,174633.9,7548.5,43,7,51.16,1009.44,57.24,19.83,0.0,2,2,71,1,0.123,1,High,3,0.9996069
MRC01135,Small Mfg,89,661,1,1,1,2198910.69,288586.24,40,3,77.5,13657.83,45.55,58.59,95.86,4,1,24,3,0.066,1,High,4,0.99993765
MRC01136,Retail Trader,11,655,1,1,0,1993544.07,234251.16,46,13,15.22,10775.91,8.2,0.52,57.65,0,1,10,5,0.849,0,Low,3,5.8162004e-05
MRC01137,Tech Services,72,715,2,1,1,515202.6,48693.35,48,4,75.0,2669.44,37.51,59.7,94.45,8,3,87,2,0.175,1,High,5,0.9996561
MRC01138,Agri-Allied,8,582,2,1,0,574756.88,48034.03,47,17,-8.51,3041.04,22.21,8.64,38.01,0,0,10,5,0.853,0,Low,0,0.00010932683
MRC01139,Agri-Allied,97,510,1,1,1,1743694.55,92874.27,40,14,-5.0,10830.4,22.13,7.86,37.34,30,0,8,4,0.598,0,Low,0,0.0001049403
MRC01140,Small Mfg,117,662,1,0,0,573322.82,46865.52,49,17,-4.08,2910.27,14.81,4.12,0.0,0,0,0,3,0.41,0,Low,4,0.00016050786
MRC01141,Food & Beverages,71,672,2,0,0,71891.27,7430.67,34,3,73.53,524.75,32.49,41.95,0.0,0,3,50,3,0.032,1,High,2,0.9998909
MRC01142,Textile & Apparel,64,769,1,0,1,1308410.85,159220.19,51,18,-5.88,6382.49,20.07,7.47,0.0,29,0,6,4,0.887,0,Low,6,0.0001325419
MRC01143,Small Mfg,102,548,4,0,1,274879.7,8416.45,41,12,12.2,1665.94,5.88,3.81,0.0,32,0,6,5,0.651,0,Low,4,8.015998e-05
MRC01144,Agri-Allied,21,742,2,0,1,456885.61,51217.06,50,16,4.0,2273.06,17.22,11.12,0.0,25,1,1,3,0.912,0,Low,0,7.72326e-05
MRC01145,Retail Trader,72,839,1,1,1,4195171.09,488967.68,39,4,69.23,26720.83,48.72,29.92,93.01,6,3,17,1,0.042,1,High,3,0.9999069
MRC01146,Tech Services,115,619,1,0,1,621086.62,57553.85,50,18,-8.0,3089.98,16.88,13.53,0.0,37,0,7,3,0.727,0,Low,5,4.42915e-05
MRC01147,Food & Beverages,118,546,2,0,1,730936.54,34983.72,40,13,2.5,4539.98,15.83,9.34,0.0,34,0,0,4,0.637,0,Low,2,0.00011768443
MRC01148,Small Mfg,63,617,1,0,1,1344591.4,121139.61,58,6,68.97,5770.78,31.86,33.85,0.0,2,3,80,2,0.102,1,High,4,0.99984956
MRC01149,Tech Services,85,651,1,1,1,1337617.67,114167.85,40,14,-5.0,8308.18,15.16,11.51,37.23,31,2,9,4,0.591,0,Low,5,0.0004865032
MRC01150,Tech Services,64,695,1,1,1,242065.27,19811.18,48,15,6.25,1254.22,20.57,10.7,30.8,28,1,5,4,0.326,0,Low,5,0.00013833676
MRC01151,Small Mfg,20,602,2,1,1,678501.37,54200.85,39,12,7.69,4321.66,17.85,0.48,46.16,33,0,6,5,0.768,0,Low,4,0.00010875713
MRC01152,Food & Beverages,8,774,2,1,1,761757.11,26210.02,57,16,15.79,3326.45,9.31,11.0,38.93,27,0,13,4,0.736,0,Low,2,0.00014162537
MRC01153,Small Mfg,58,560,1,1,1,1010981.58,44256.75,58,19,1.72,4338.98,13.67,-5.29,66.5,33,0,5,3,0.576,0,Low,4,0.00010778488
MRC01154,Small Mfg,46,510,2,0,1,1032058.93,33700.0,43,15,-4.65,5965.66,15.57,1.73,0.0,20,0,13,4,0.588,0,Low,4,8.7600514e-05
MRC01155,Small Mfg,31,738,1,0,1,16271561.92,838345.33,48,5,68.75,84308.61,61.86,21.7,0.0,3,3,76,2,0.02,1,High,4,0.9996276
MRC01156,Food & Beverages,114,468,2,0,1,177898.47,9651.34,43,16,-11.63,1028.31,9.75,-6.89,0.0,31,1,3,5,0.625,0,Low,2,0.00015750548
MRC01157,Retail Trader,93,633,1,1,1,2364577.56,122626.67,58,22,-13.79,10148.4,7.49,12.37,70.02,28,0,10,4,0.631,0,Low,3,5.3097454e-05
MRC01158,Tech Services,112,899,2,0,1,3017837.18,143108.19,38,11,13.16,19724.43,7.35,-0.83,0.0,28,0,0,3,0.946,0,Low,5,0.00015005845
MRC01159,Tech Services,9,649,4,0,1,1317624.13,152323.76,46,16,-4.35,7122.29,10.93,7.11,0.0,33,0,0,3,0.39,0,Low,5,5.1556202e-05
MRC01160,Retail Trader,15,560,1,1,1,334242.32,42252.74,42,6,57.14,1977.77,56.46,58.14,96.51,4,3,15,3,0.199,1,High,3,0.9991003
MRC01161,Food & Beverages,94,645,1,1,0,5376787.51,336179.33,45,15,0.0,29706.01,18.66,3.6,46.04,0,1,6,4,0.689,0,Low,2,5.025493e-05
MRC01162,Retail Trader,26,645,1,1,0,52555.27,3135.8,40,13,2.5,326.43,24.7,-1.3,56.9,0,1,13,5,0.686,0,Low,3,7.372121e-05
MRC01163,Textile & Apparel,10,662,1,0,1,321283.75,41678.28,46,16,-4.35,1736.67,22.95,8.57,0.0,33,0,6,4,0.677,0,Low,6,5.24965e-05
MRC01164,Food & Beverages,29,702,1,1,1,2975785.62,300882.0,46,14,8.7,16085.33,21.27,9.66,72.05,38,1,12,5,0.462,0,Low,2,0.000104776416
MRC01165,Retail Trader,118,566,3,1,0,467832.72,27203.06,52,19,-9.62,2238.43,21.27,0.76,72.87,0,1,0,3,0.746,0,Low,3,8.561338e-05
MRC01166,Food & Beverages,80,785,3,0,1,4954255.34,558689.38,60,22,-10.0,20557.08,16.92,11.49,0.0,38,1,10,5,0.472,0,Low,2,0.0001538724
MRC01167,Food & Beverages,36,669,1,1,1,118875.77,7702.8,60,21,-5.0,493.26,10.06,-1.12,39.39,22,0,3,5,0.885,0,Low,2,0.00010022396
MRC01168,Agri-Allied,84,708,2,1,1,192043.6,18484.63,37,12,2.7,1288.88,14.44,9.06,41.13,43,0,6,4,0.49,0,Low,0,0.000150627
MRC01169,Retail Trader,109,599,2,0,1,385398.91,57440.79,42,14,0.0,2280.47,7.85,6.25,0.0,30,0,0,3,0.511,0,Low,3,7.270845e-05
MRC01170,Textile & Apparel,118,752,2,0,1,1203662.0,71265.54,44,4,72.73,6800.35,52.09,23.06,0.0,7,2,83,2,0.026,1,High,6,0.99957746
MRC01171,Small Mfg,37,629,1,1,1,558816.16,78775.41,44,5,65.91,3157.15,50.16,30.62,88.88,7,0,41,3,0.153,1,High,4,0.99975556
MRC01172,Construction,86,672,1,0,0,404950.82,24979.32,53,15,15.09,1901.18,8.79,4.31,0.0,0,1,5,3,0.725,0,Low,1,9.2328555e-05
MRC01173,Small Mfg,71,575,2,1,1,4010697.47,361914.4,52,16,7.69,19189.94,19.25,11.0,58.33,21,1,11,4,0.35,0,Low,4,0.000118093165
MRC01174,Retail Trader,23,570,1,0,0,4484483.88,357852.36,49,17,-4.08,22763.88,10.54,8.33,0.0,0,0,13,4,0.981,0,Low,3,9.813458e-05
MRC01175,Small Mfg,41,705,2,1,1,443629.17,54038.8,56,18,3.57,1971.69,13.4,3.31,34.8,30,0,2,5,0.731,0,Low,4,4.4828957e-05
MRC01176,Agri-Allied,104,614,2,1,1,93739.85,2619.28,42,6,57.14,554.67,31.51,24.15,87.16,8,1,63,3,0.151,1,High,0,0.9905219
MRC01177,Food & Beverages,93,581,1,1,1,54776.66,5561.25,45,13,13.33,302.63,5.89,13.78,61.49,36,0,4,5,0.494,0,Low,2,0.00015146495
MRC01178,Retail Trader,80,598,1,0,1,972036.02,115562.16,41,14,-2.44,5891.13,5.45,-8.58,0.0,19,1,12,4,0.516,0,Low,3,0.00010325442
MRC01179,Food & Beverages,102,705,3,0,1,1602614.23,130418.87,40,14,-5.0,9954.13,9.58,12.36,0.0,25,0,0,4,0.488,0,Low,2,0.00012380544
MRC01180,Agri-Allied,28,599,2,0,0,786696.13,26502.25,43,14,2.33,4547.38,18.69,2.66,0.0,0,0,10,4,0.947,0,Low,0,0.00010809419
MRC01181,Construction,48,640,3,0,0,669917.78,34718.26,56,20,-7.14,2977.41,9.72,8.72,0.0,0,0,9,4,0.312,0,Low,1,5.6314184e-05
MRC01182,Textile & Apparel,38,651,1,0,1,277770.04,30098.44,42,2,85.71,1643.61,54.92,52.04,0.0,5,3,35,3,0.11,1,High,6,0.99969745
MRC01183,Small Mfg,31,496,2,1,0,1600738.68,218351.74,48,17,-6.25,8293.98,12.04,-0.39,62.07,0,1,10,3,0.5,0,Low,4,0.00010538565
MRC01184,Construction,14,532,2,0,0,5464714.6,408810.48,49,3,81.63,27739.67,40.16,52.72,0.0,0,4,61,3,0.14,1,High,1,0.99987197
MRC01185,Retail Trader,117,676,3,1,1,51008.46,4736.32,38,6,52.63,333.39,66.23,42.51,76.29,7,4,34,1,0.139,1,High,3,0.99988294
MRC01186,Construction,97,591,1,1,1,664638.51,33025.92,49,16,2.04,3373.8,16.48,-8.92,72.38,28,0,6,4,0.828,0,Low,1,0.000121395366
MRC01187,Small Mfg,73,734,1,1,1,227653.95,16752.54,46,14,8.7,1230.56,22.13,-0.33,38.18,27,0,0,5,0.642,0,Low,4,0.00014164671
MRC01188,Retail Trader,91,727,1,1,1,121959.07,7778.88,38,14,-10.53,797.12,13.12,-1.63,39.2,34,1,3,3,0.728,0,Low,3,0.00012846662
MRC01189,Textile & Apparel,88,707,3,0,1,187968.36,19777.72,55,3,83.64,850.54,55.65,50.58,0.0,3,1,28,1,0.195,1,High,6,0.9994485
MRC01190,Small Mfg,77,795,3,1,1,1150385.23,170269.51,43,14,2.33,6649.63,13.42,2.54,35.07,34,0,4,5,0.506,0,Low,4,0.00015970682
MRC01191,Retail Trader,90,643,4,1,1,1185831.34,149093.92,44,15,-2.27,6699.61,23.1,-5.77,69.31,27,0,5,5,0.683,0,Low,3,6.521664e-05
MRC01192,Small Mfg,29,701,4,1,1,4207357.4,189252.81,46,15,2.17,22742.47,11.69,2.73,57.29,30,0,1,3,0.474,0,Low,4,0.00010255077
MRC01193,Textile & Apparel,51,603,1,1,1,737143.5,70101.03,29,10,-3.45,6300.37,18.11,-4.1,72.08,28,0,13,3,0.385,0,Low,6,9.306585e-05
MRC01194,Small Mfg,49,846,1,1,1,88444.81,2532.49,47,13,17.02,467.96,11.59,-9.57,69.91,25,0,4,4,0.565,0,Low,4,0.00013032688
MRC01195,Retail Trader,43,808,1,0,1,548090.97,28555.0,54,19,-5.56,2525.76,18.5,3.61,0.0,24,0,4,4,0.949,0,Low,3,8.4611274e-05
MRC01196,Tech Services,92,650,1,0,1,138184.51,5857.41,38,11,13.16,903.17,22.62,-0.99,0.0,31,0,8,5,0.598,0,Low,5,6.5101754e-05
MRC01197,Construction,92,680,3,1,1,171415.37,10905.6,54,16,11.11,789.93,16.97,-4.03,47.07,25,0,2,4,0.497,0,Low,1,0.0001443332
MRC01198,Construction,72,758,3,1,1,1463982.28,158469.96,49,14,14.29,7431.38,23.95,-5.69,69.43,44,0,10,5,0.87,0,Low,1,0.00017979846
MRC01199,Food & Beverages,87,638,1,1,1,920817.45,78196.86,43,4,72.09,5322.64,36.99,54.61,95.25,5,1,39,2,0.054,1,High,2,0.9999232
MRC01200,Retail Trader,93,597,2,0,0,1476343.11,208575.1,59,21,-6.78,6229.3,24.5,11.74,0.0,0,0,8,4,0.499,0,Low,3,0.00012396551
MRC01201,Food & Beverages,5,719,3,1,0,474970.79,22635.85,54,18,0.0,2188.81,19.47,8.95,41.4,0,0,8,4,0.514,0,Low,2,0.00010662929
MRC01202,Retail Trader,42,656,2,1,1,1883487.14,126847.56,37,3,75.68,12640.85,66.93,39.38,89.65,6,3,71,3,0.194,1,High,3,0.99983275
MRC01203,Retail Trader,7,664,1,0,1,444149.51,27928.49,40,6,55.0,2758.69,56.68,36.38,0.0,5,3,60,1,0.133,1,High,3,0.9999418
MRC01204,Textile & Apparel,42,583,2,0,1,2785726.89,141167.47,41,12,12.2,16883.19,5.22,-8.18,0.0,23,0,2,4,0.824,0,Low,6,6.914702e-05
MRC01205,Agri-Allied,36,512,1,0,1,1103024.74,164474.45,33,10,9.09,8293.42,10.14,3.7,0.0,25,0,8,3,0.367,0,Low,0,8.713903e-05
MRC01206,Food & Beverages,105,668,2,1,1,568981.82,40021.79,34,10,11.76,4153.15,9.32,9.5,60.71,25,0,9,5,0.766,0,Low,2,0.00011712523
MRC01207,Small Mfg,27,722,1,1,0,940824.27,133847.46,49,4,75.51,4775.76,58.66,16.23,87.04,0,3,80,1,0.199,1,High,4,0.99956423
MRC01208,Textile & Apparel,58,631,1,0,1,713949.25,50520.16,44,16,-9.09,4033.61,23.76,-0.58,0.0,34,0,1,3,0.732,0,Low,6,4.9915863e-05
MRC01209,Retail Trader,46,764,4,0,1,4952127.39,230431.99,41,15,-9.76,30012.89,7.62,13.49,0.0,32,3,7,4,0.302,0,Low,3,0.0011504665
MRC01210,Construction,66,593,2,1,1,979233.25,34759.67,39,5,61.54,6237.15,30.88,45.82,80.66,3,1,22,1,0.084,1,High,1,0.99931324
MRC01211,Textile & Apparel,25,565,2,1,0,728006.16,95531.31,32,9,15.62,5643.46,11.7,-7.35,51.76,0,2,6,4,0.914,0,Low,6,0.0008190333
MRC01212,Textile & Apparel,73,644,4,1,1,547879.68,13243.73,50,17,-2.0,2725.77,17.49,11.76,38.75,36,0,9,5,0.675,0,Low,6,4.492422e-05
MRC01213,Retail Trader,117,643,1,1,0,2006336.67,291663.76,54,6,66.67,9245.79,41.54,33.99,81.09,0,1,62,1,0.001,1,High,3,0.9998319
MRC01214,Food & Beverages,27,711,1,0,0,1705716.83,126845.39,45,13,13.33,9423.85,17.09,-0.68,0.0,0,0,1,4,0.75,0,Low,2,0.00013777203
MRC01215,Small Mfg,1,588,3,1,1,525124.18,27389.78,54,20,-11.11,2419.93,19.98,3.5,46.77,31,1,13,3,0.887,0,Low,4,8.9502064e-05
MRC01216,Retail Trader,87,759,1,0,1,182267.41,18275.59,43,6,58.14,1053.57,66.3,23.16,0.0,5,1,38,1,0.18,1,High,3,0.9954927
MRC01217,Retail Trader,74,807,2,1,0,247122.2,9212.39,40,13,2.5,1534.92,24.92,12.11,46.2,0,1,11,4,0.848,0,Low,3,0.00017317205
MRC01218,Small Mfg,42,646,1,0,0,584788.17,17180.45,57,16,15.79,2553.66,8.4,1.73,0.0,0,1,1,4,0.529,0,Low,4,4.018997e-05
MRC01219,Small Mfg,52,749,1,1,1,3681066.24,469747.62,43,16,-11.63,21277.84,13.0,4.1,47.04,24,0,9,5,0.614,0,Low,4,9.2277056e-05
MRC01220,Retail Trader,25,565,2,0,1,540250.42,40630.72,38,12,5.26,3531.05,21.64,-7.05,0.0,24,1,11,4,0.831,0,Low,3,0.00010984231
MRC01221,Construction,54,736,1,1,1,357557.57,31240.93,42,14,0.0,2115.73,9.94,5.37,54.92,31,0,2,5,0.789,0,Low,1,4.3323627e-05
MRC01222,Retail Trader,67,733,2,0,1,88180.12,3789.14,41,12,12.2,534.42,20.02,7.4,0.0,33,0,3,4,0.862,0,Low,3,0.00016069101
MRC01223,Textile & Apparel,6,719,2,1,0,4485003.0,125513.49,39,12,7.69,28566.9,12.29,-2.63,52.77,0,0,1,3,0.398,0,Low,6,0.00016540861
MRC01224,Construction,58,648,3,1,1,1443864.53,97909.75,42,7,50.0,8543.58,52.22,21.76,88.17,9,2,85,3,0.091,1,High,1,0.99898463
MRC01225,Textile & Apparel,70,413,2,0,1,1895914.69,162667.61,58,22,-13.79,8136.97,13.07,-4.9,0.0,37,0,7,4,0.843,0,Low,6,0.00010453252
MRC01226,Small Mfg,53,598,1,1,1,2312929.97,276408.96,47,17,-8.51,12237.72,20.7,12.43,45.96,32,0,4,3,0.447,0,Low,4,7.880737e-05
MRC01227,Textile & Apparel,66,599,3,1,0,598584.95,50961.58,34,12,-5.88,4369.23,7.24,7.58,59.37,0,0,7,3,0.796,0,Low,6,0.00013354348
MRC01228,Retail Trader,58,571,2,1,1,807346.93,98275.04,43,15,-4.65,4666.75,15.32,10.77,64.1,30,0,1,5,0.942,0,Low,3,0.000117425145
MRC01229,Construction,82,659,2,1,1,4352767.16,152374.1,48,4,75.0,22553.2,32.97,44.17,95.57,7,1,74,3,0.068,1,High,1,0.9999126
MRC01230,Textile & Apparel,87,616,3,1,0,904825.21,25620.27,42,12,14.29,5354.0,20.03,0.71,71.62,0,1,4,5,0.368,0,Low,6,6.651876e-05
MRC01231,Tech Services,2,584,2,1,0,1476271.7,60013.29,44,13,11.36,8340.52,12.79,-1.71,63.58,0,0,5,5,0.908,0,Low,5,0.00011003048
MRC01232,Retail Trader,76,565,2,1,1,2073318.17,249547.84,42,12,14.29,12268.15,14.33,8.35,48.17,31,0,6,3,0.887,0,Low,3,0.000102972524
MRC01233,Retail Trader,22,592,2,0,1,1577761.45,187300.69,53,17,3.77,7407.33,22.14,-2.55,0.0,24,0,7,3,0.986,0,Low,3,0.000107370244
MRC01234,Retail Trader,37,739,1,0,0,625431.44,24002.69,47,17,-8.51,3309.16,9.17,-8.45,0.0,0,0,7,4,0.351,0,Low,3,0.00016949348
MRC01235,Small Mfg,20,597,1,1,1,700352.73,16828.44,48,16,0.0,3628.77,24.85,-3.82,57.62,41,0,5,5,0.79,0,Low,4,0.000112016736
MRC01236,Textile & Apparel,103,608,2,0,0,1854579.47,202309.86,50,16,4.0,9226.76,13.38,8.88,0.0,0,0,12,5,0.377,0,Low,6,5.0765262e-05
MRC01237,Tech Services,24,613,1,1,0,1850938.62,242818.4,50,6,64.0,9208.65,35.52,57.13,82.01,0,4,60,3,0.036,1,High,5,0.99975365
MRC01238,Agri-Allied,112,677,1,0,1,2963492.76,349792.91,35,6,48.57,21017.68,40.08,51.43,0.0,4,1,19,2,0.022,1,High,0,0.9995239
MRC01239,Construction,84,686,1,1,1,1413128.19,65518.09,51,7,58.82,6893.31,58.99,19.08,78.6,6,2,59,3,0.074,1,High,1,0.99989676
MRC01240,Retail Trader,65,406,2,1,1,1492445.69,143110.36,52,19,-9.62,7140.89,20.13,3.73,53.44,32,0,12,4,0.604,0,Low,3,0.00010862032
MRC01241,Tech Services,65,731,1,1,1,426991.75,50580.39,44,13,11.36,2412.38,17.98,-3.45,48.99,22,0,1,4,0.399,0,Low,5,9.513917e-05
MRC01242,Food & Beverages,81,764,2,1,1,363167.92,19341.5,53,17,3.77,1705.01,9.93,5.15,58.9,23,0,9,4,0.453,0,Low,2,9.541364e-05
MRC01243,Food & Beverages,1,565,1,1,1,1861246.18,164913.31,36,11,8.33,12836.18,23.54,-2.95,37.77,25,0,11,4,0.771,0,Low,2,0.00010187833
MRC01244,Food & Beverages,117,572,2,0,1,366215.75,22295.16,46,14,8.7,1979.54,21.71,-6.98,0.0,33,0,4,3,0.733,0,Low,2,7.9174344e-05
MRC01245,Food & Beverages,116,613,1,0,1,711519.99,35095.58,49,14,14.29,3611.78,10.39,-6.13,0.0,20,0,8,3,0.571,0,Low,2,5.5649598e-05
MRC01246,Small Mfg,109,589,2,0,1,3816437.25,557377.73,35,13,-11.43,27066.93,11.6,-3.74,0.0,38,0,7,5,0.358,0,Low,4,0.00011826536
MRC01247,Retail Trader,94,667,1,1,0,3155584.67,437476.55,42,13,7.14,18672.1,8.7,-5.8,37.04,0,0,1,4,0.907,0,Low,3,0.00014436278
MRC01248,Retail Trader,105,494,4,0,1,1047740.6,81657.56,53,6,66.04,4918.97,60.84,49.72,0.0,6,1,26,3,0.198,1,High,3,0.99966264
MRC01249,Tech Services,111,560,3,0,1,511259.47,19315.97,52,3,82.69,2446.22,50.84,38.02,0.0,5,2,57,1,0.159,1,High,5,0.99988437
MRC01250,Small Mfg,3,773,3,1,1,629036.97,72105.22,45,17,-13.33,3475.34,12.92,-5.52,67.8,24,1,6,5,0.593,0,Low,4,0.0001554431
MRC01251,Food & Beverages,46,575,3,1,1,2066138.92,110003.61,50,17,-2.0,10279.3,19.74,0.6,53.16,23,0,7,4,0.474,0,Low,2,8.466777e-05
MRC01252,Agri-Allied,55,749,1,0,0,698158.1,29257.93,40,11,17.5,4336.39,24.83,-3.27,0.0,0,0,3,3,0.952,0,Low,0,0.00016167447
MRC01253,Retail Trader,75,678,2,0,0,373271.43,25979.23,46,14,8.7,2017.68,17.24,7.11,0.0,0,0,9,4,0.544,0,Low,3,0.000119396886
MRC01254,Retail Trader,88,505,2,1,0,3137477.55,278860.5,55,21,-14.55,14196.73,17.99,11.68,40.07,0,0,3,3,0.433,0,Low,3,0.00011217396
MRC01255,Small Mfg,86,700,2,1,1,907020.35,29629.85,41,7,48.78,5497.09,68.61,36.22,75.33,4,3,29,2,0.02,1,High,4,0.9999435
MRC01256,Textile & Apparel,64,640,3,0,1,364868.76,34416.99,44,14,4.55,2061.41,5.21,0.72,0.0,24,1,7,4,0.647,0,Low,6,3.114846e-05
MRC01257,Retail Trader,108,613,2,1,0,1295915.85,28504.04,46,15,2.17,7004.95,24.08,-0.04,61.01,0,1,1,5,0.439,0,Low,3,5.3468222e-05
MRC01258,Agri-Allied,45,669,4,1,1,2339533.47,318043.15,34,3,73.53,17076.89,50.81,56.75,97.66,3,5,62,2,0.092,1,High,0,0.99994457
MRC01259,Retail Trader,26,687,1,1,0,217682.38,30409.45,37,13,-5.41,1460.96,18.91,-9.1,65.16,0,1,7,5,0.308,0,Low,3,0.00019836304
MRC01260,Small Mfg,77,706,3,1,0,573466.79,66120.26,45,16,-6.67,3168.32,5.6,4.82,66.12,0,0,0,4,0.62,0,Low,4,0.00023745024
MRC01261,Retail Trader,65,744,2,1,1,542519.85,43755.0,46,15,2.17,2932.54,20.18,13.8,49.9,19,0,3,5,0.707,0,Low,3,0.00015256715
MRC01262,Food & Beverages,24,682,2,1,1,1255123.58,66692.89,49,18,-10.2,6371.19,18.4,9.63,59.3,28,1,10,5,0.469,0,Low,2,0.00010298912
MRC01263,Textile & Apparel,74,539,1,0,0,1557215.72,181780.91,51,6,64.71,7596.17,39.47,38.64,0.0,0,1,75,2,0.003,1,High,6,0.9995808
MRC01264,Textile & Apparel,35,612,2,0,0,376333.62,53113.33,44,15,-2.27,2126.18,17.47,-4.27,0.0,0,0,5,5,0.329,0,Low,6,3.2118493e-05
MRC01265,Retail Trader,24,885,3,1,1,121625.09,4939.12,37,10,18.92,816.28,23.37,5.18,30.55,30,0,11,4,0.855,0,Low,3,0.00018147466
MRC01266,Retail Trader,28,707,1,1,0,2515943.66,202676.52,47,16,-2.13,13311.87,5.13,12.32,51.3,0,0,11,4,0.999,0,Low,3,0.00014669975
MRC01267,Textile & Apparel,100,839,2,1,1,190244.56,11601.88,56,7,62.5,845.53,56.74,19.79,78.66,5,2,37,2,0.103,1,High,6,0.99968946
MRC01268,Agri-Allied,80,761,1,0,1,1009959.76,67037.53,43,14,2.33,5837.92,22.9,11.93,0.0,34,2,2,4,0.455,0,Low,0,0.0009785243
MRC01269,Small Mfg,104,669,4,1,1,622577.2,45291.56,51,17,0.0,3036.96,5.16,-8.39,36.74,36,0,3,5,0.533,0,Low,4,0.000117733696
MRC01270,Textile & Apparel,16,674,2,0,1,886408.06,127406.55,59,10,49.15,3740.12,65.7,36.8,0.0,2,2,77,2,0.052,1,High,6,0.99990475
MRC01271,Small Mfg,59,647,1,1,1,5290803.94,283707.89,53,5,71.7,24839.46,31.2,22.61,78.47,5,1,76,2,0.143,1,High,4,0.98085475
MRC01272,Tech Services,81,510,1,0,0,27950284.5,2349161.57,51,16,5.88,136342.85,20.59,-0.8,0.0,0,1,10,4,0.728,0,Low,5,9.62543e-05
MRC01273,Food & Beverages,115,651,2,1,1,102731.61,14761.85,51,15,11.76,501.13,22.82,-8.63,35.98,28,0,4,5,0.755,0,Low,2,7.202217e-05
MRC01274,Retail Trader,54,746,1,1,0,2375426.09,194517.46,44,12,18.18,13420.49,17.25,-8.58,58.11,0,1,5,4,0.495,0,Low,3,0.00014949546
MRC01275,Agri-Allied,79,602,2,0,1,604709.03,79983.62,50,7,58.0,3008.5,40.95,25.02,0.0,7,1,50,2,0.159,1,High,0,0.99314684
MRC01276,Retail Trader,16,682,3,0,1,2564888.12,70892.02,38,12,5.26,16763.97,6.01,-8.41,0.0,32,1,1,4,0.847,0,Low,3,9.937356e-05
MRC01277,Retail Trader,15,718,3,1,1,2300680.92,331054.08,40,11,17.5,14289.94,9.22,9.82,69.14,24,1,6,5,0.393,0,Low,3,0.00013061639
MRC01278,Construction,98,577,1,1,1,3959759.18,175730.35,41,13,4.88,23998.54,22.99,12.67,30.14,28,0,3,3,0.457,0,Low,1,0.000119291275
MRC01279,Retail Trader,11,613,4,0,1,1026800.17,151341.67,45,16,-6.67,5672.93,21.47,13.38,0.0,31,0,8,5,0.424,0,Low,3,6.243298e-05
MRC01280,Agri-Allied,65,568,2,0,0,250824.36,10741.55,45,17,-13.33,1385.77,6.19,11.6,0.0,0,0,3,4,0.593,0,Low,0,0.00016647633
MRC01281,Small Mfg,79,584,1,0,1,2220358.85,172671.92,52,15,13.46,10623.73,21.26,13.88,0.0,26,0,0,5,0.594,0,Low,4,0.00011304137
MRC01282,Small Mfg,90,546,1,1,1,840369.61,50522.92,54,15,16.67,3872.67,13.47,-8.71,59.94,41,0,11,3,0.658,0,Low,4,0.000111831454
MRC01283,Agri-Allied,115,577,1,0,1,550943.83,42048.08,50,14,16.0,2741.01,16.21,14.92,0.0,30,0,10,3,0.606,0,Low,0,9.894692e-05
MRC01284,Retail Trader,68,763,3,0,0,411898.13,21652.75,41,15,-9.76,2496.35,7.17,-9.49,0.0,0,0,10,5,0.755,0,Low,3,0.0002510175
MRC01285,Textile & Apparel,43,576,1,1,0,2440229.58,355032.09,51,14,17.65,11903.56,12.97,-5.84,73.3,0,0,9,4,0.436,0,Low,6,9.554703e-05
MRC01286,Agri-Allied,69,660,1,1,0,4995476.65,298451.0,44,12,18.18,28223.03,13.7,-7.98,59.19,0,0,12,4,0.775,0,Low,0,0.00011431604
MRC01287,Retail Trader,99,609,2,0,0,173785.48,18234.57,57,17,10.53,758.89,18.39,8.6,0.0,0,0,11,5,0.353,0,Low,3,8.0895785e-05
MRC01288,Textile & Apparel,13,744,2,1,1,1538537.26,58261.6,43,16,-11.63,8893.28,18.15,-7.82,61.01,32,1,4,4,0.384,0,Low,6,0.00013362028
MRC01289,Retail Trader,10,754,2,1,0,466556.95,59332.22,41,14,-2.44,2827.62,15.98,-2.68,30.25,0,0,1,5,0.413,0,Low,3,0.0002444956
MRC01290,Retail Trader,75,719,2,1,0,125401.16,11352.07,45,15,0.0,692.82,5.63,5.95,72.77,0,1,10,5,0.815,0,Low,3,0.00027385115
MRC01291,Textile & Apparel,82,674,1,0,1,870869.12,128303.4,41,14,-2.44,5277.99,8.23,2.45,0.0,25,0,5,4,0.302,0,Low,6,0.00010776649
MRC01292,Retail Trader,98,631,3,1,1,268400.26,20141.37,46,16,-4.35,1450.81,8.21,-6.59,74.11,32,1,12,5,0.618,0,Low,3,7.469528e-05
MRC01293,Agri-Allied,103,554,1,0,1,109830.78,4987.22,58,10,48.28,471.38,58.53,38.29,0.0,5,4,49,3,0.186,1,High,0,0.9995946
MRC01294,Small Mfg,41,805,2,0,1,285475.48,18550.9,47,13,17.02,1510.45,23.03,-1.48,0.0,24,0,13,3,0.427,0,Low,4,0.00014042213
MRC01295,Food & Beverages,106,589,2,0,0,212494.48,24608.04,39,13,0.0,1353.47,21.13,4.65,0.0,0,0,2,3,0.322,0,Low,2,0.00016676549
MRC01296,Retail Trader,50,703,1,1,0,335700.87,35478.16,38,13,-2.63,2194.12,8.5,3.46,47.11,0,1,9,5,0.977,0,Low,3,7.6962264e-05
MRC01297,Retail Trader,87,734,4,1,0,148588.96,18006.78,48,16,0.0,769.89,21.8,14.74,58.93,0,2,7,3,0.528,0,Low,3,0.0018727927
MRC01298,Retail Trader,71,605,2,1,1,453990.64,13415.94,48,13,18.75,2352.28,8.75,11.59,65.58,28,0,4,5,0.372,0,Low,3,0.00010241396
MRC01299,Small Mfg,59,733,1,0,0,309929.78,29582.16,47,14,10.64,1639.84,16.09,-9.91,0.0,0,1,4,4,0.784,0,Low,4,0.00011258332
MRC01300,Small Mfg,39,711,3,1,1,1144795.59,161624.45,56,21,-12.5,5087.98,19.68,-5.6,40.0,31,0,8,4,0.807,0,Low,4,8.447897e-05
MRC01301,Retail Trader,3,788,2,1,0,1486963.66,50597.28,43,15,-4.65,8595.17,6.03,12.83,74.17,0,0,13,3,0.384,0,Low,3,0.00029568354
MRC01302,Construction,76,612,2,0,1,996673.28,32156.25,46,3,80.43,5387.42,51.74,40.35,0.0,10,3,72,1,0.063,1,High,1,0.9997665
MRC01303,Retail Trader,7,547,2,1,1,549886.21,62224.34,48,16,0.0,2849.15,10.02,8.99,37.94,23,2,10,5,0.925,0,Low,3,0.0006822207
MRC01304,Agri-Allied,49,609,3,0,1,532366.2,32460.35,37,10,18.92,3572.93,14.96,2.59,0.0,20,0,0,4,0.627,0,Low,0,4.853467e-05
MRC01305,Small Mfg,26,666,1,1,1,267135.16,28213.56,43,12,16.28,1544.13,12.68,9.64,59.49,29,0,11,5,0.921,0,Low,4,5.0311657e-05
MRC01306,Tech Services,33,654,1,0,1,274967.01,24994.5,50,16,4.0,1368.0,18.73,-6.68,0.0,28,0,10,5,0.536,0,Low,5,5.2301773e-05
MRC01307,Small Mfg,101,618,2,1,1,1696918.71,251464.12,35,11,5.71,12034.88,14.78,8.45,30.08,27,0,5,4,0.786,0,Low,4,5.309629e-05
MRC01308,Food & Beverages,48,497,1,1,1,88287.77,11969.82,59,21,-6.78,372.52,11.03,11.74,45.63,33,0,13,3,0.635,0,Low,2,0.000101754544
MRC01309,Textile & Apparel,79,687,2,1,1,662072.32,71602.76,37,11,10.81,4443.44,23.21,-3.36,44.15,32,0,9,5,0.822,0,Low,6,0.00011714142
MRC01310,Food & Beverages,2,807,1,0,1,494728.86,26724.12,57,9,52.63,2160.39,56.4,27.76,0.0,4,0,46,1,0.187,1,High,2,0.9587708
MRC01311,Retail Trader,105,687,1,1,1,1496977.33,80908.72,43,12,16.28,8653.05,21.04,4.76,45.74,27,1,13,4,0.909,0,Low,3,0.00010367956
MRC01312,Tech Services,71,698,1,0,1,131924.57,17769.14,58,18,6.9,566.2,16.61,11.71,0.0,29,0,5,4,0.561,0,Low,5,0.0001330734
MRC01313,Agri-Allied,32,695,2,1,0,740422.94,71150.45,37,11,10.81,4969.28,22.69,12.69,30.16,0,0,9,4,0.322,0,Low,0,0.00015724618
MRC01314,Food & Beverages,4,681,3,1,0,1100836.84,134969.9,34,10,11.76,8035.31,17.03,3.36,66.37,0,0,5,4,0.936,0,Low,2,0.00015870036
MRC01315,Textile & Apparel,20,724,1,0,1,74185.39,5822.24,39,6,53.85,472.52,60.23,38.47,0.0,6,3,87,3,0.017,1,High,6,0.99986887
MRC01316,Small Mfg,114,681,2,0,0,200949.0,6711.61,41,12,12.2,1217.87,5.35,11.82,0.0,0,1,8,4,0.927,0,Low,4,0.00024298877
MRC01317,Agri-Allied,117,624,1,1,0,653339.5,41323.23,59,18,8.47,2756.71,19.52,-4.22,63.08,0,0,9,4,0.648,0,Low,0,3.7066755e-05
MRC01318,Food & Beverages,36,586,2,1,1,1351838.79,55356.98,43,5,65.12,7814.1,37.22,42.38,88.02,5,3,63,1,0.103,1,High,2,0.9999324
MRC01319,Retail Trader,32,630,1,0,1,907999.56,110447.49,46,15,2.17,4908.11,23.52,-3.45,0.0,33,0,10,3,0.72,0,Low,3,4.3702228e-05
MRC01320,Retail Trader,28,675,2,0,1,1429085.24,158723.58,52,15,13.46,6837.73,21.48,4.53,0.0,28,0,7,5,0.689,0,Low,3,9.44428e-05
MRC01321,Retail Trader,77,624,2,0,1,199736.24,6290.43,53,5,71.7,937.73,64.06,31.59,0.0,5,2,52,3,0.065,1,High,3,0.99986684
MRC01322,Retail Trader,1,675,3,1,1,108390.92,10923.65,37,13,-5.41,727.46,8.81,2.79,59.74,26,0,11,5,0.924,0,Low,3,0.000120525336
MRC01323,Tech Services,60,685,1,1,1,807264.76,107880.94,42,12,14.29,4776.71,16.88,-7.66,69.63,33,1,10,3,0.362,0,Low,5,0.00011782827
MRC01324,Retail Trader,56,716,2,1,0,166837.59,18461.81,54,8,55.56,768.84,39.82,38.67,77.8,0,2,17,3,0.134,1,High,3,0.9998031
MRC01325,Construction,35,752,2,1,0,258231.88,22322.74,49,15,8.16,1310.82,9.64,4.62,55.48,0,1,11,5,0.843,0,Low,1,0.00023285707
MRC01326,Textile & Apparel,112,656,3,1,1,2232726.46,135174.23,48,7,56.25,11568.53,41.7,42.13,75.05,3,0,37,3,0.067,1,High,6,0.99954957
MRC01327,Retail Trader,30,545,1,1,1,915219.74,123849.89,51,15,11.76,4464.49,7.99,-9.74,46.75,33,0,10,4,0.756,0,Low,3,9.418038e-05
MRC01328,Food & Beverages,54,622,1,0,0,368879.8,27652.94,46,3,80.43,1993.94,30.8,25.37,0.0,0,2,52,2,0.143,1,High,2,0.99551165
MRC01329,Small Mfg,36,653,3,1,1,315641.45,41412.53,50,16,4.0,1570.36,17.22,-6.99,47.63,25,1,12,4,0.718,0,Low,4,2.6672626e-05
MRC01330,Agri-Allied,55,503,1,0,1,1536635.54,187146.81,32,5,53.12,11911.9,58.01,38.62,0.0,9,4,74,1,0.161,1,High,0,0.9993579
MRC01331,Agri-Allied,89,761,1,0,1,940686.42,118629.5,55,20,-9.09,4256.5,13.58,4.92,0.0,30,1,0,4,0.477,0,Low,0,0.00013907584
MRC01332,Small Mfg,80,661,1,1,1,169826.4,25248.72,44,15,-2.27,959.47,7.33,11.02,36.89,21,1,10,3,0.553,0,Low,4,0.000119153716
MRC01333,Retail Trader,58,680,3,0,1,70446.69,8266.12,54,9,50.0,324.64,65.5,37.56,0.0,5,2,15,3,0.156,1,High,3,0.9997826
MRC01334,Construction,83,759,1,1,1,6977227.57,170421.03,44,14,4.55,39419.36,5.26,-3.67,50.13,33,0,9,5,0.695,0,Low,1,0.00013531082
MRC01335,Construction,65,599,3,1,1,168219.5,7856.93,44,15,-2.27,950.39,8.49,-8.74,42.57,32,0,8,5,0.817,0,Low,1,0.00014530425
MRC01336,Small Mfg,69,695,2,1,0,1373998.7,33766.53,40,12,10.0,8534.15,22.34,-9.74,59.08,0,0,7,3,0.449,0,Low,4,0.00017377015
MRC01337,Retail Trader,51,641,1,0,1,4469698.52,199745.3,51,15,11.76,21803.41,15.45,13.14,0.0,37,0,13,4,0.65,0,Low,3,3.284645e-05
MRC01338,Small Mfg,22,635,1,0,1,870756.0,24369.97,55,17,7.27,3940.07,7.34,-6.39,0.0,41,0,2,4,0.682,0,Low,4,4.507755e-05
MRC01339,Retail Trader,88,588,1,0,1,354859.06,30237.62,51,5,70.59,1731.02,53.16,32.55,0.0,7,0,74,2,0.182,1,High,3,0.99943763
MRC01340,Retail Trader,107,783,2,1,1,131760.5,3118.35,39,12,7.69,839.24,16.38,9.87,38.82,43,0,4,5,0.348,0,Low,3,0.00021508329
MRC01341,Retail Trader,109,619,2,1,1,129571.4,10551.68,41,13,4.88,785.28,5.56,13.22,73.18,34,0,12,4,0.534,0,Low,3,6.827003e-05
MRC01342,Agri-Allied,116,705,2,1,1,1146281.54,156867.85,51,9,47.06,5591.62,43.73,32.28,96.86,6,4,25,2,0.179,1,High,0,0.9998425
MRC01343,Tech Services,101,499,1,1,0,4160607.22,488101.14,41,12,12.2,25215.8,14.47,-4.2,40.02,0,1,6,5,0.519,0,Low,5,9.2507275e-05
MRC01344,Small Mfg,53,744,2,1,1,453816.9,64766.15,52,14,19.23,2171.37,15.66,-5.51,67.5,19,1,0,3,0.861,0,Low,4,6.505186e-05
MRC01345,Food & Beverages,100,734,3,1,1,374420.75,18520.38,48,14,12.5,1940.0,17.26,-6.03,43.82,27,0,9,4,0.725,0,Low,2,7.8443656e-05
MRC01346,Textile & Apparel,36,657,2,1,1,1684496.58,149989.52,35,10,14.29,11946.78,6.89,1.37,62.85,30,1,11,5,0.693,0,Low,6,4.394294e-05
MRC01347,Textile & Apparel,68,631,3,0,1,320251.95,19668.38,37,11,10.81,2149.34,23.95,5.9,0.0,18,0,12,4,0.808,0,Low,6,3.558454e-05
MRC01348,Textile & Apparel,36,682,1,1,0,1013965.55,85372.42,40,12,10.0,6297.92,10.11,7.66,37.19,0,2,6,4,0.414,0,Low,6,0.0011264017
MRC01349,Construction,52,833,3,1,0,766938.38,70880.34,33,10,9.09,5766.45,17.44,-1.82,34.25,0,2,10,4,0.344,0,Low,1,0.0013393774
MRC01350,Retail Trader,53,508,1,0,1,446251.66,11024.29,48,14,12.5,2312.18,22.11,5.6,0.0,33,0,12,3,0.642,0,Low,3,6.196328e-05
MRC01351,Tech Services,82,712,1,0,1,715941.84,36028.55,54,17,5.56,3299.27,11.64,-9.94,0.0,20,1,5,5,0.301,0,Low,5,0.00014351704
MRC01352,Agri-Allied,50,577,3,0,0,6051293.07,675448.12,40,11,17.5,37585.67,17.55,12.21,0.0,0,0,8,4,0.309,0,Low,0,9.054153e-05
MRC01353,Textile & Apparel,80,648,3,1,1,1506710.77,181529.48,43,3,79.07,8709.31,67.72,34.25,82.3,12,3,20,3,0.135,1,High,6,0.99933064
MRC01354,Small Mfg,41,630,2,0,1,2706051.08,254446.41,37,11,10.81,18161.42,22.04,3.6,0.0,38,0,9,5,0.588,0,Low,4,3.4950983e-05
MRC01355,Agri-Allied,18,615,1,1,1,242211.54,13371.96,48,14,12.5,1254.98,20.59,-3.92,36.05,21,1,2,5,0.984,0,Low,0,5.966669e-05
MRC01356,Tech Services,22,649,1,1,1,2717229.57,197436.44,57,20,-5.26,11865.63,13.79,14.31,56.46,34,1,2,4,0.713,0,Low,5,3.906276e-05
MRC01357,Tech Services,66,559,2,1,1,1570374.32,51013.27,39,13,0.0,10002.38,14.03,10.27,39.03,22,0,0,4,0.915,0,Low,5,0.00010501778
MRC01358,Textile & Apparel,21,732,3,0,1,120630.17,17360.29,47,15,4.26,638.25,14.71,-9.58,0.0,33,0,10,3,0.917,0,Low,6,0.00013575476
MRC01359,Retail Trader,100,506,1,0,0,1394085.05,185313.04,49,14,14.29,7076.57,18.81,1.74,0.0,0,0,9,5,0.881,0,Low,3,9.939915e-05
MRC01360,Small Mfg,44,693,3,0,1,393986.15,11239.76,39,11,15.38,2509.47,7.89,-7.45,0.0,31,0,1,4,0.54,0,Low,4,7.594205e-05
MRC01361,Tech Services,103,623,1,0,1,114123.4,4752.53,61,18,11.48,465.81,22.22,-6.69,0.0,32,1,9,4,0.849,0,Low,5,5.6807603e-05
MRC01362,Retail Trader,47,556,3,1,1,852331.55,81433.7,42,12,14.29,5043.38,5.36,-9.97,55.7,34,2,0,4,0.376,0,Low,3,0.0006962542
MRC01363,Small Mfg,39,666,3,0,1,1392834.04,69942.43,42,13,7.14,8241.62,8.4,7.19,0.0,34,1,8,5,0.567,0,Low,4,6.6944485e-05
MRC01364,Small Mfg,29,525,1,1,1,874956.7,123781.95,35,10,14.29,6205.37,14.64,-3.69,47.29,28,0,4,4,0.827,0,Low,4,9.0372894e-05
MRC01365,Food & Beverages,54,653,1,0,1,639878.57,75650.78,46,17,-10.87,3458.8,10.04,-2.38,0.0,38,0,9,4,0.671,0,Low,2,3.5491918e-05
MRC01366,Retail Trader,90,536,3,1,1,490557.41,27239.62,47,17,-8.51,2595.54,12.31,-8.82,41.65,30,0,9,4,0.671,0,Low,3,9.9127305e-05
MRC01367,Small Mfg,85,686,2,1,1,14074927.93,292662.56,54,19,-5.56,64861.42,11.65,-9.8,41.54,30,1,10,4,0.539,0,Low,4,0.00010279916
MRC01368,Tech Services,17,576,2,1,1,176471.86,21869.83,38,13,-2.63,1153.41,10.38,9.82,48.83,23,1,4,5,0.801,0,Low,5,0.00012229804
MRC01369,Retail Trader,80,613,2,1,1,2079226.23,156215.72,52,16,7.69,9948.45,12.61,6.54,35.94,27,2,3,4,0.45,0,Low,3,0.0005483992
MRC01370,Retail Trader,60,673,1,0,1,743041.79,76911.59,26,9,-3.85,7076.59,15.11,-0.44,0.0,24,0,12,5,0.549,0,Low,3,9.129233e-05
MRC01371,Construction,31,588,3,1,0,261617.87,14992.46,43,12,16.28,1512.24,14.53,-8.25,61.57,0,3,12,3,0.462,0,Low,1,0.0011936949
MRC01372,Retail Trader,115,645,1,1,1,688259.44,26548.59,46,17,-10.87,3720.32,21.24,9.4,67.23,37,0,13,3,0.354,0,Low,3,6.018191e-05
MRC01373,Tech Services,73,528,3,1,1,137102.05,14778.3,39,13,0.0,873.26,11.16,13.16,30.62,36,0,6,5,0.771,0,Low,5,0.00015344325
MRC01374,Agri-Allied,95,700,1,1,1,356971.6,28037.33,50,15,10.0,1775.98,10.64,3.19,33.76,21,0,1,4,0.689,0,Low,0,6.7333436e-05
MRC01375,Retail Trader,78,791,2,1,0,689470.24,34867.93,44,5,65.91,3895.31,63.62,47.41,79.31,0,0,78,2,0.101,1,High,3,0.9999049
MRC01376,Tech Services,49,873,1,1,1,113398.06,4296.84,46,13,15.22,612.96,5.96,6.31,39.66,37,0,1,4,0.439,0,Low,5,0.00012814252
MRC01377,Textile & Apparel,101,657,1,1,1,1339301.87,127852.9,46,5,67.39,7239.47,55.65,51.92,87.32,9,4,83,1,0.14,1,High,6,0.99972016
MRC01378,Agri-Allied,2,713,1,1,1,229460.63,26232.28,51,19,-11.76,1119.32,21.06,-5.86,45.17,29,2,11,5,0.545,0,Low,0,0.000762497
MRC01379,Textile & Apparel,116,507,2,0,0,127763.33,7270.41,50,5,70.0,635.64,50.92,38.17,0.0,0,1,70,2,0.154,1,High,6,0.99967957
MRC01380,Small Mfg,48,770,2,1,1,199485.88,23054.29,54,18,0.0,919.29,6.33,-3.77,37.32,28,0,8,3,0.735,0,Low,4,0.00013758495
MRC01381,Retail Trader,110,712,3,1,1,9930734.43,435024.62,38,12,5.26,64906.76,13.81,13.26,66.56,29,0,2,3,0.555,0,Low,3,0.00013030999
MRC01382,Textile & Apparel,14,611,1,1,1,67936.11,4347.51,34,10,11.76,495.88,12.97,10.22,51.05,29,0,11,5,0.993,0,Low,6,5.4968787e-05
MRC01383,Construction,59,748,2,1,1,1231012.68,143824.99,45,4,73.33,6801.18,65.93,45.95,78.5,3,3,87,1,0.164,1,High,1,0.9998716
MRC01384,Retail Trader,97,629,2,0,0,295976.84,31319.87,49,18,-10.2,1502.42,12.44,14.09,0.0,0,0,11,5,0.547,0,Low,3,9.994957e-05
MRC01385,Small Mfg,99,613,1,1,1,479187.0,26435.82,41,12,12.2,2904.16,8.77,-0.54,62.94,32,1,3,4,0.539,0,Low,4,4.9979117e-05
MRC01386,Textile & Apparel,58,688,1,1,1,1505622.68,54018.05,38,3,76.32,9840.67,50.74,47.79,77.54,10,4,69,2,0.115,1,High,6,0.9997267
MRC01387,Food & Beverages,103,564,2,1,1,1419453.45,36226.65,44,14,4.55,8019.51,13.17,4.1,43.9,28,0,6,5,0.342,0,Low,2,0.00011530672
MRC01388,Retail Trader,58,731,1,0,1,322276.22,41550.74,45,15,0.0,1780.53,17.15,6.24,0.0,38,0,9,4,0.716,0,Low,3,6.608289e-05
MRC01389,Construction,111,565,1,1,1,143001.61,4256.94,39,12,7.69,910.84,23.84,-3.91,35.67,32,0,10,4,0.764,0,Low,1,0.00015053741
MRC01390,Textile & Apparel,51,565,2,1,1,1538885.74,53753.08,44,16,-9.09,8694.27,8.71,13.05,58.77,34,0,1,3,0.701,0,Low,6,8.370563e-05
MRC01391,Retail Trader,84,577,1,1,1,1415300.78,72042.18,42,3,78.57,8374.56,41.41,22.99,96.68,5,1,24,2,0.111,1,High,3,0.99924785
MRC01392,Retail Trader,2,710,2,1,0,518158.57,40383.76,37,11,10.81,3477.57,16.24,6.62,36.37,0,0,8,5,0.959,0,Low,3,0.000192244
MRC01393,Retail Trader,115,600,3,1,1,1239642.09,152069.77,46,13,15.22,6700.77,15.94,9.14,64.58,32,0,12,5,0.583,0,Low,3,0.00012322373
MRC01394,Agri-Allied,41,542,2,1,0,427198.74,22288.0,48,14,12.5,2213.46,18.23,12.04,42.91,0,0,3,3,0.523,0,Low,0,4.9858158e-05
MRC01395,Textile & Apparel,83,601,2,1,0,270372.23,24510.88,46,15,2.17,1461.47,10.36,1.42,46.96,0,0,0,4,0.646,0,Low,6,0.00016584575
MRC01396,Food & Beverages,101,647,1,0,0,732892.72,23268.19,36,13,-8.33,5054.43,17.69,7.79,0.0,0,0,13,4,0.931,0,Low,2,6.0552058e-05
MRC01397,Textile & Apparel,82,555,3,0,1,1359787.9,109308.5,50,17,-2.0,6765.11,9.02,-7.87,0.0,30,0,13,5,0.952,0,Low,6,0.00011213376
MRC01398,Retail Trader,16,557,1,0,1,1057163.91,45556.44,44,7,52.27,5972.68,65.96,27.08,0.0,6,1,88,3,0.032,1,High,3,0.9971506
MRC01399,Small Mfg,4,818,2,1,1,1343777.47,63768.83,39,13,0.0,8559.09,21.63,8.89,42.08,36,0,7,5,0.909,0,Low,4,0.00013929709
MRC01400,Small Mfg,12,581,4,1,0,292817.65,19820.15,45,13,13.33,1617.78,14.47,0.27,71.93,0,0,5,5,0.641,0,Low,4,9.023606e-05
MRC01401,Retail Trader,29,624,2,1,1,4868309.7,579208.12,40,4,70.0,30237.95,32.17,20.41,76.74,2,0,66,2,0.03,1,High,3,0.9879804
MRC01402,Retail Trader,7,620,2,1,1,483662.67,56452.25,42,13,7.14,2861.91,23.57,-0.5,57.72,30,0,13,4,0.831,0,Low,3,4.425975e-05
MRC01403,Retail Trader,14,616,1,1,1,632415.07,46764.87,47,17,-8.51,3346.11,19.2,-7.74,65.69,33,2,8,5,0.889,0,Low,3,0.0004559961
MRC01404,Food & Beverages,119,699,1,1,0,149883.4,5309.96,38,14,-10.53,979.63,18.54,5.95,71.51,0,1,3,5,0.805,0,Low,2,0.00021792515
MRC01405,Small Mfg,12,725,2,0,0,578025.82,32652.63,37,12,2.7,3879.37,8.89,12.83,0.0,0,0,12,5,0.518,0,Low,4,0.00019444218
MRC01406,Agri-Allied,99,625,1,1,0,1381506.72,118389.95,47,15,4.26,7309.56,9.19,6.64,50.6,0,1,5,5,0.399,0,Low,0,3.526654e-05
MRC01407,Food & Beverages,5,551,2,0,1,1821211.93,242264.04,36,12,0.0,12560.08,14.66,4.51,0.0,25,0,6,4,0.587,0,Low,2,0.0001017492
MRC01408,Food & Beverages,81,751,1,0,1,4753201.19,693364.19,46,5,67.39,25692.98,44.41,43.29,0.0,4,2,62,2,0.122,1,High,2,0.99994445
MRC01409,Small Mfg,106,642,3,0,1,1361750.93,140084.98,39,3,76.92,8673.57,62.89,51.88,0.0,4,1,53,2,0.095,1,High,4,0.9997744
MRC01410,Tech Services,32,788,1,0,1,1016926.94,66699.47,30,3,70.0,8404.35,43.15,32.03,0.0,4,1,41,1,0.015,1,High,5,0.9997441
MRC01411,Retail Trader,74,470,2,0,1,426960.11,47029.21,48,14,12.5,2212.23,18.66,7.62,0.0,34,0,9,4,0.911,0,Low,3,7.392099e-05
MRC01412,Retail Trader,43,665,2,1,1,329691.12,21004.59,40,12,10.0,2047.77,20.48,3.04,35.03,35,0,8,4,0.857,0,Low,3,4.544885e-05
MRC01413,Retail Trader,81,803,2,0,1,2336812.12,236746.06,50,17,-2.0,11625.93,23.89,14.3,0.0,31,1,7,4,0.855,0,Low,3,0.00014888348
MRC01414,Retail Trader,69,621,1,1,0,2283647.31,118040.94,34,11,2.94,16668.96,13.18,12.45,66.82,0,0,2,5,0.725,0,Low,3,4.444399e-05
MRC01415,Agri-Allied,45,631,2,0,1,200302.65,10958.26,39,11,15.38,1275.81,10.16,13.67,0.0,23,0,4,4,0.809,0,Low,0,5.0560655e-05
MRC01416,Construction,106,673,1,0,1,1737078.2,51729.02,45,4,73.33,9597.12,61.93,24.62,0.0,6,3,82,1,0.035,1,High,1,0.999754
MRC01417,Retail Trader,9,605,1,1,0,1591934.39,118787.52,48,17,-6.25,8248.36,19.3,-1.64,47.28,0,0,13,4,0.474,0,Low,3,9.6294774e-05
MRC01418,Retail Trader,49,625,1,1,1,191650.63,19234.57,52,18,-3.85,916.99,6.28,5.68,74.15,29,1,0,5,0.464,0,Low,3,4.215469e-05
MRC01419,Textile & Apparel,33,622,2,1,1,1395199.77,170972.44,50,17,-2.0,6941.29,16.6,-2.29,56.28,30,1,6,5,0.396,0,Low,6,3.7718295e-05
MRC01420,Construction,100,599,1,1,1,207014.53,25948.3,50,15,10.0,1029.92,5.57,6.41,42.17,36,0,4,5,0.982,0,Low,1,0.00013455184
MRC01421,Textile & Apparel,100,748,4,1,1,39531.32,5890.87,37,13,-5.41,265.31,9.53,7.87,63.57,33,2,9,4,0.77,0,Low,6,0.0010198093
MRC01422,Agri-Allied,18,686,2,1,1,601918.36,18905.2,53,16,9.43,2825.91,6.42,5.58,66.97,36,2,3,4,0.926,0,Low,0,0.0007512344
MRC01423,Retail Trader,9,670,1,1,0,993885.86,83593.53,33,9,18.18,7472.83,9.1,1.46,62.68,0,1,5,5,0.322,0,Low,3,0.00014879038
MRC01424,Retail Trader,62,714,2,1,0,635339.66,55769.29,35,12,-2.86,4505.96,14.8,7.42,33.76,0,0,10,5,0.743,0,Low,3,0.00020457887
MRC01425,Construction,57,628,3,0,1,22760296.19,2835690.4,41,13,4.88,137941.19,10.98,9.51,0.0,28,1,4,4,0.652,0,Low,1,4.8609105e-05
MRC01426,Construction,29,588,1,1,1,1149251.56,62779.71,35,4,65.71,8150.72,49.51,48.9,96.15,6,0,49,1,0.15,1,High,1,0.9998456
MRC01427,Retail Trader,114,601,2,0,0,870279.92,25254.13,40,3,77.5,5405.47,67.7,23.42,0.0,0,0,70,2,0.196,1,High,3,0.98068607
MRC01428,Construction,78,650,2,1,1,1221401.54,74247.35,54,16,11.11,5628.58,19.17,13.68,51.66,32,1,12,3,0.416,0,Low,1,5.5510154e-05
MRC01429,Small Mfg,25,565,1,1,1,429517.26,63530.16,41,15,-9.76,2603.13,6.06,-7.44,44.38,31,1,11,5,0.788,0,Low,4,7.717782e-05
MRC01430,Tech Services,15,609,3,0,0,2225238.98,304696.09,45,15,0.0,12294.14,22.65,12.66,0.0,0,1,7,3,0.615,0,Low,5,4.901538e-05
MRC01431,Textile & Apparel,6,608,1,0,1,1124897.34,80297.54,43,14,2.33,6502.3,18.06,-3.16,0.0,34,1,11,5,0.695,0,Low,6,4.4302567e-05
MRC01432,Agri-Allied,42,819,1,0,1,1064702.57,142580.03,39,2,84.62,6781.55,30.36,25.71,0.0,5,2,69,1,0.036,1,High,0,0.9981565
MRC01433,Agri-Allied,29,428,3,1,1,344915.84,8367.0,36,5,58.33,2378.73,42.84,47.6,92.39,9,4,39,2,0.026,1,High,0,0.9997198
MRC01434,Small Mfg,79,635,2,0,1,111614.21,6791.34,28,8,14.29,987.74,12.87,5.5,0.0,32,0,2,4,0.428,0,Low,4,7.432361e-05
MRC01435,Retail Trader,93,788,3,0,0,399646.9,45753.79,52,7,59.62,1912.19,49.93,38.95,0.0,0,3,17,2,0.172,1,High,3,0.99938583
MRC01436,Retail Trader,4,659,2,1,1,1023931.95,49956.4,46,15,2.17,5534.77,7.31,2.48,33.33,33,0,4,4,0.361,0,Low,3,5.7065132e-05
MRC01437,Textile & Apparel,82,710,2,1,1,427778.42,19588.33,41,15,-9.76,2592.6,6.58,12.36,70.02,30,0,5,5,0.427,0,Low,6,0.00010349337
MRC01438,Small Mfg,114,657,3,0,1,1035166.25,136678.16,45,13,13.33,5719.15,11.18,0.3,0.0,35,0,1,4,0.376,0,Low,4,6.672766e-05
MRC01439,Retail Trader,57,596,1,0,0,551924.06,55233.26,49,15,8.16,2801.64,18.34,11.2,0.0,0,1,1,4,0.881,0,Low,3,0.000102513615
MRC01440,Small Mfg,49,470,2,0,1,1222850.76,181682.55,50,17,-2.0,6083.83,10.77,9.85,0.0,30,0,8,4,0.976,0,Low,4,8.620979e-05
MRC01441,Construction,44,666,2,0,1,225891.72,8472.53,50,18,-8.0,1123.84,21.25,12.66,0.0,35,1,2,4,0.925,0,Low,1,9.694747e-05
MRC01442,Retail Trader,103,587,1,0,1,919392.14,60952.66,41,13,4.88,5572.07,12.61,-3.42,0.0,35,0,0,4,0.418,0,Low,3,0.000111413894
MRC01443,Small Mfg,80,585,2,1,1,338018.2,20435.82,44,16,-9.09,1909.71,17.62,2.41,38.34,23,0,6,4,0.495,0,Low,4,7.145751e-05
MRC01444,Textile & Apparel,75,610,1,1,1,115158.01,15479.22,41,12,12.2,697.93,13.64,-1.62,48.76,31,0,9,5,0.398,0,Low,6,6.410638e-05
MRC01445,Tech Services,14,789,2,1,0,598280.54,31821.67,46,14,8.7,3233.95,14.96,3.36,40.69,0,0,9,3,0.706,0,Low,5,0.00023690931
MRC01446,Retail Trader,3,842,2,1,1,4609274.78,303981.35,43,13,9.3,26643.21,10.0,-9.52,55.76,27,0,13,3,0.334,0,Low,3,0.00014543122
MRC01447,Small Mfg,115,667,4,0,1,126716.59,4887.26,37,11,10.81,850.45,15.28,-3.96,0.0,25,0,1,5,0.957,0,Low,4,0.00014626328
MRC01448,Food & Beverages,114,612,1,0,0,841777.24,101688.48,41,12,12.2,5101.68,7.21,14.35,0.0,0,0,11,5,0.614,0,Low,2,4.9310744e-05
MRC01449,Construction,62,555,2,1,0,1899483.33,96686.41,42,3,78.57,11239.55,49.67,35.55,75.67,0,5,19,2,0.166,1,High,1,0.9994548
MRC01450,Small Mfg,106,687,1,0,0,11525088.46,332863.4,46,13,15.22,62297.78,13.97,-5.67,0.0,0,0,1,5,0.779,0,Low,4,0.0001502804
MRC01451,Agri-Allied,64,792,2,1,0,403721.44,30910.58,39,13,0.0,2571.47,19.08,2.71,40.29,0,0,0,5,0.532,0,Low,0,0.00019865
MRC01452,Small Mfg,102,630,2,1,1,341669.53,24220.8,45,15,0.0,1887.68,13.0,7.45,35.85,35,1,12,5,0.456,0,Low,4,3.0483967e-05
MRC01453,Tech Services,45,459,2,1,0,179866.35,7750.3,40,13,2.5,1117.18,18.31,5.09,58.56,0,1,10,4,0.408,0,Low,5,0.00012898092
MRC01454,Agri-Allied,106,703,3,0,1,2866549.51,107116.31,37,11,10.81,19238.59,8.49,2.55,0.0,33,1,8,5,0.837,0,Low,0,0.00011793371
MRC01455,Retail Trader,82,728,3,0,1,257584.42,35173.78,42,6,57.14,1524.17,69.89,18.88,0.0,5,1,16,2,0.141,1,High,3,0.99611205
MRC01456,Construction,58,523,1,1,1,467560.62,13475.0,45,16,-6.67,2583.21,15.12,-5.83,36.4,32,0,11,4,0.685,0,Low,1,8.323807e-05
MRC01457,Small Mfg,20,664,1,1,1,79322.3,2610.53,59,10,49.15,334.69,46.03,46.37,93.1,6,2,68,2,0.086,1,High,4,0.9999291
MRC01458,Small Mfg,58,686,2,0,1,2106980.02,109259.86,46,3,80.43,11389.08,52.8,57.36,0.0,6,3,40,2,0.18,1,High,4,0.9998852
MRC01459,Retail Trader,112,644,2,1,1,2928233.61,421282.32,46,14,8.7,15828.29,11.27,4.49,47.15,23,0,4,4,0.93,0,Low,3,5.048333e-05
MRC01460,Small Mfg,89,586,1,0,0,2012584.1,62591.27,39,11,15.38,12819.01,5.6,12.66,0.0,0,0,3,3,0.676,0,Low,4,0.00010807109
MRC01461,Textile & Apparel,57,731,2,0,1,106256.33,13397.0,49,14,14.29,539.37,19.47,1.09,0.0,27,0,6,3,0.974,0,Low,6,0.00014730671
MRC01462,Small Mfg,102,617,1,1,1,1511451.87,205507.24,44,14,4.55,8539.28,23.84,-6.7,70.26,40,1,3,4,0.932,0,Low,4,5.5357323e-05
MRC01463,Retail Trader,77,531,1,1,0,98007.13,6774.53,46,4,73.91,529.77,69.11,22.02,79.12,0,2,33,1,0.141,1,High,3,0.9993555
MRC01464,Small Mfg,68,486,3,1,1,782029.98,45519.05,56,5,73.21,3475.69,42.07,40.55,94.0,3,3,40,1,0.188,1,High,4,0.9998204
MRC01465,Construction,119,750,1,1,1,932937.13,100812.35,36,12,0.0,6434.05,15.89,0.94,46.35,32,1,7,4,0.575,0,Low,1,0.00012839107
MRC01466,Retail Trader,78,699,1,0,0,1058348.11,117839.12,58,21,-8.62,4542.27,16.32,-3.59,0.0,0,1,12,3,0.356,0,Low,3,0.000191351
MRC01467,Construction,97,657,1,1,1,1385489.19,168194.27,47,13,17.02,7330.63,22.35,4.76,42.75,33,0,1,4,0.394,0,Low,1,5.6294746e-05
MRC01468,Textile & Apparel,92,614,3,0,1,722418.35,92450.54,43,15,-4.65,4175.83,19.73,-3.75,0.0,21,0,3,4,0.941,0,Low,6,6.3261046e-05
MRC01469,Tech Services,52,607,4,1,1,69222.73,3799.73,51,17,0.0,337.67,20.4,-4.59,38.95,29,0,3,5,0.338,0,Low,5,5.6544934e-05
MRC01470,Food & Beverages,37,563,2,1,1,1386294.91,151528.98,65,19,12.31,5311.47,6.8,5.56,73.05,35,1,2,4,0.975,0,Low,2,8.953356e-05
MRC01471,Agri-Allied,8,615,1,0,1,820057.53,30783.11,44,15,-2.27,4633.09,7.93,13.62,0.0,26,1,6,3,0.842,0,Low,0,4.5868106e-05
MRC01472,Food & Beverages,44,480,3,1,0,246929.03,21333.45,46,15,2.17,1334.75,18.27,-4.93,54.15,0,0,9,5,0.623,0,Low,2,0.00012268183
MRC01473,Tech Services,98,591,2,1,1,110937.59,11057.74,44,14,4.55,626.77,15.81,-5.43,49.15,25,1,9,4,0.792,0,Low,5,0.00013711373
MRC01474,Textile & Apparel,108,625,3,1,1,4629811.09,189938.7,44,13,11.36,26157.12,20.49,2.98,57.76,35,0,4,5,0.45,0,Low,6,4.784987e-05
MRC01475,Textile & Apparel,5,698,2,1,1,3196479.63,95721.3,43,14,2.33,18476.76,6.86,-7.01,49.05,23,1,7,5,0.947,0,Low,6,9.093714e-05
MRC01476,Small Mfg,118,646,1,0,0,1701718.0,77116.78,44,7,52.27,9614.23,46.55,36.28,0.0,0,3,24,3,0.075,1,High,4,0.9998616
MRC01477,Food & Beverages,69,713,2,0,0,323980.99,24193.78,38,2,84.21,2117.52,50.91,28.76,0.0,0,3,34,1,0.1,1,High,2,0.9998807
MRC01478,Food & Beverages,31,757,1,0,1,35582.36,4818.54,44,16,-9.09,201.03,22.09,11.03,0.0,26,0,1,3,0.402,0,Low,2,0.00016709608
MRC01479,Food & Beverages,45,734,1,0,1,1825957.4,162782.05,46,4,73.91,9870.04,33.71,15.06,0.0,6,5,66,3,0.1,1,High,2,0.9944993
MRC01480,Textile & Apparel,9,687,2,1,1,1132597.39,132858.29,40,12,10.0,7034.77,11.97,-9.35,63.03,29,0,11,5,0.704,0,Low,6,9.843826e-05
MRC01481,Food & Beverages,106,650,3,1,1,465284.92,19839.19,28,4,57.14,4117.57,56.74,43.49,93.72,5,2,44,1,0.116,1,High,2,0.9999418
MRC01482,Retail Trader,32,571,2,1,1,2813015.42,95015.69,49,18,-10.2,14279.27,14.03,4.24,47.94,31,0,6,3,0.735,0,Low,3,9.114202e-05
MRC01483,Agri-Allied,33,709,2,1,0,2017958.75,103219.11,37,5,59.46,13543.35,52.5,38.87,97.58,0,0,70,1,0.192,1,High,0,0.9995784
MRC01484,Retail Trader,67,784,1,1,0,901048.7,54787.77,42,13,7.14,5331.65,18.41,6.71,35.44,0,2,9,3,0.9,0,Low,3,0.0015988621
MRC01485,Textile & Apparel,30,677,1,0,1,760757.63,69421.62,40,4,70.0,4725.2,65.68,25.48,0.0,6,3,54,2,0.003,1,High,6,0.99975866
MRC01486,Textile & Apparel,114,803,1,1,1,775420.9,104341.9,50,15,10.0,3857.82,6.87,1.66,59.9,31,0,1,3,0.36,0,Low,6,0.00016346438
MRC01487,Textile & Apparel,76,527,2,1,1,1649409.41,124352.34,57,19,0.0,7202.66,14.04,-5.04,44.04,25,1,8,5,0.803,0,Low,6,9.395048e-05
MRC01488,Small Mfg,29,557,2,1,1,260674.66,22794.37,46,15,2.17,1409.05,21.77,13.09,53.92,36,0,11,5,0.521,0,Low,4,0.00014810415
MRC01489,Textile & Apparel,3,718,1,0,1,1216124.53,25051.87,54,18,0.0,5604.26,21.75,3.94,0.0,19,0,4,4,0.5,0,Low,6,0.00010260887
MRC01490,Textile & Apparel,90,671,4,1,0,241660.92,5879.75,39,14,-7.69,1539.24,24.76,-0.24,37.63,0,1,4,4,0.794,0,Low,6,0.00010568897
MRC01491,Retail Trader,57,755,1,0,0,3626817.89,112032.39,41,15,-9.76,21980.71,15.52,12.95,0.0,0,0,9,4,0.391,0,Low,3,0.0002211225
MRC01492,Textile & Apparel,30,648,3,1,1,1381325.75,153146.52,37,13,-5.41,9270.64,5.04,12.6,49.73,25,1,2,4,0.474,0,Low,6,4.2726155e-05
MRC01493,Retail Trader,9,580,2,1,1,319376.55,26573.69,50,3,82.0,1588.94,31.91,57.88,77.07,4,4,62,3,0.117,1,High,3,0.99986124
MRC01494,Retail Trader,26,632,1,0,0,803485.96,36225.13,47,8,48.94,4251.25,65.45,35.91,0.0,0,0,53,2,0.011,1,High,3,0.99952185
MRC01495,Small Mfg,2,527,2,1,0,261831.47,25407.58,41,13,4.88,1586.86,23.55,-2.03,50.15,0,0,12,4,0.956,0,Low,4,8.0924256e-05
MRC01496,Small Mfg,62,559,2,1,1,4434544.25,402654.75,42,14,0.0,26239.91,20.44,-2.31,38.47,23,0,8,4,0.672,0,Low,4,0.000110189125
MRC01497,Small Mfg,3,727,2,1,0,5113789.03,161308.9,38,12,5.26,33423.46,9.24,3.74,41.52,0,0,11,4,0.754,0,Low,4,0.00016595173
MRC01498,Agri-Allied,46,719,2,1,1,1681956.77,173668.19,52,19,-9.62,8047.64,7.78,11.17,58.8,25,1,11,3,0.913,0,Low,0,7.6927776e-05
MRC01499,Textile & Apparel,68,679,1,0,0,4723156.49,565504.16,33,5,54.55,35512.45,59.99,20.78,0.0,0,3,73,2,0.148,1,High,6,0.99954396
MRC01500,Tech Services,25,512,2,1,1,875153.99,50104.38,50,15,10.0,4354.0,7.81,1.48,35.78,30,0,3,5,0.699,0,Low,5,0.00010348094
MRC01501,Agri-Allied,51,621,3,1,1,1823402.98,199432.06,48,14,12.5,9447.68,24.07,6.6,35.83,26,1,12,3,0.432,0,Low,0,3.6851085e-05
MRC01502,Agri-Allied,13,552,1,0,0,3171354.77,145766.68,37,13,-5.41,21284.26,13.92,10.31,0.0,0,1,7,3,0.397,0,Low,0,8.7571614e-05
MRC01503,Retail Trader,103,744,1,1,1,724406.29,85751.41,45,14,6.67,4002.24,5.62,9.68,63.13,18,1,6,5,0.459,0,Low,3,0.00014917763
MRC01504,Textile & Apparel,44,603,3,1,1,794385.89,110046.79,29,4,58.62,6789.62,67.94,40.26,85.76,8,1,85,3,0.142,1,High,6,0.9993493
MRC01505,Textile & Apparel,35,563,1,0,1,2236422.22,173194.63,47,16,-2.13,11832.92,10.81,13.39,0.0,23,0,0,5,0.904,0,Low,6,8.616713e-05
MRC01506,Textile & Apparel,55,652,2,0,1,1584528.68,82079.96,39,4,69.23,10092.54,35.0,21.87,0.0,8,0,49,2,0.112,0,High,6,0.27463976
MRC01507,Small Mfg,87,598,2,0,1,294621.61,21181.22,48,14,12.5,1526.54,19.75,1.27,0.0,28,0,4,4,0.98,0,Low,4,0.00016333912
MRC01508,Agri-Allied,9,768,2,1,1,52881.28,2776.8,44,13,11.36,298.76,9.26,12.69,57.43,30,0,11,4,0.616,0,Low,0,0.00016653904
MRC01509,Small Mfg,2,591,1,1,1,590878.87,11912.78,41,3,78.05,3581.08,58.4,22.54,75.68,3,5,32,1,0.127,1,High,4,0.9995913
MRC01510,Food & Beverages,61,538,1,0,1,58906.28,6159.2,50,18,-8.0,293.07,5.64,7.6,0.0,32,0,1,5,0.686,0,Low,2,0.00013525742
MRC01511,Food & Beverages,118,477,1,1,1,222076.94,5669.28,57,16,15.79,969.77,7.06,-6.09,39.51,23,0,6,4,0.91,0,Low,2,0.00013903885
MRC01512,Small Mfg,41,647,2,0,1,255468.82,12096.65,57,17,10.53,1115.58,15.7,4.55,0.0,23,0,5,3,0.989,0,Low,4,4.5840956e-05
MRC01513,Construction,44,605,2,1,0,368659.68,41997.14,44,15,-2.27,2082.82,19.08,14.17,30.34,0,0,5,5,0.735,0,Low,1,5.5398727e-05
MRC01514,Retail Trader,64,535,2,1,0,1952313.76,208007.81,48,16,0.0,10115.62,23.29,-4.71,52.83,0,0,10,4,0.651,0,Low,3,0.000112485344
MRC01515,Retail Trader,31,745,2,1,0,2533761.33,74828.96,37,6,51.35,17005.11,55.67,16.0,89.53,0,1,40,3,0.098,1,High,3,0.9994035
MRC01516,Retail Trader,108,703,1,0,1,1343097.22,142109.24,47,15,4.26,7106.33,7.4,-0.28,0.0,19,2,1,3,0.859,0,Low,3,0.0008617258
MRC01517,Small Mfg,47,647,1,1,1,1558147.81,219659.48,49,17,-4.08,7909.38,23.58,-1.0,69.4,35,0,4,4,0.7,0,Low,4,3.953123e-05
MRC01518,Tech Services,2,759,3,1,1,1602931.26,47583.53,48,18,-12.5,8305.34,13.75,5.68,38.75,42,0,10,5,0.911,0,Low,5,0.00013494541
MRC01519,Retail Trader,96,703,2,1,0,36453.91,2699.03,40,14,-5.0,226.42,14.95,-4.14,61.77,0,3,3,3,0.406,0,Low,3,0.0025460082
MRC01520,Tech Services,82,584,1,1,0,738397.24,84787.5,39,11,15.38,4703.17,22.09,2.64,61.76,0,0,10,4,0.936,0,Low,5,0.00012199764
MRC01521,Retail Trader,77,566,1,0,1,84478.26,9022.62,49,17,-4.08,428.82,16.72,0.01,0.0,27,0,9,3,0.957,0,Low,3,0.00014033551
MRC01522,Construction,110,715,1,1,1,1343740.06,66443.07,51,14,17.65,6554.83,11.03,6.11,49.24,30,0,3,4,0.965,0,Low,1,0.00010687442
MRC01523,Textile & Apparel,69,681,1,1,0,59175.93,2437.97,45,15,0.0,326.94,15.82,-3.95,51.44,0,0,3,3,0.579,0,Low,6,0.00021016726
MRC01524,Retail Trader,58,663,3,1,1,587407.32,71635.56,50,16,4.0,2922.42,17.5,3.83,66.79,26,1,1,4,0.886,0,Low,3,0.00010845131
MRC01525,Agri-Allied,106,582,3,1,1,1407497.31,203118.48,43,15,-4.65,8135.82,22.8,8.51,58.1,31,0,13,4,0.902,0,Low,0,0.00012593472
MRC01526,Retail Trader,44,698,3,1,1,190744.57,22848.5,49,13,20.41,968.25,9.7,7.32,32.85,25,0,0,5,0.56,0,Medium,3,0.00010578678
MRC01527,Textile & Apparel,74,589,3,0,1,2313007.43,335887.03,42,15,-7.14,13686.43,16.19,10.86,0.0,39,0,7,3,0.366,0,Low,6,0.000121393394
MRC01528,Textile & Apparel,56,641,3,0,1,1339687.06,132159.33,36,12,0.0,9239.22,23.41,13.9,0.0,32,0,9,4,0.55,0,Low,6,4.901234e-05
MRC01529,Food & Beverages,43,765,2,0,1,1151976.4,162178.52,44,12,18.18,6508.34,5.91,11.35,0.0,41,0,6,5,0.304,0,Low,2,0.0001160939
MRC01530,Agri-Allied,89,597,1,0,0,1685549.03,185000.2,47,14,10.64,8918.25,8.89,13.46,0.0,0,1,8,4,0.543,0,Low,0,9.2673e-05
MRC01531,Textile & Apparel,34,524,2,1,1,473998.72,65485.3,56,9,51.79,2106.66,55.77,52.76,85.88,3,1,50,2,0.056,1,High,6,0.9994728
MRC01532,Small Mfg,101,565,1,1,1,875283.08,35892.35,43,15,-4.65,5059.44,18.57,5.72,57.9,26,0,3,4,0.3,0,Low,4,0.00014044475
MRC01533,Small Mfg,30,729,1,1,1,738267.78,93039.07,47,14,10.64,3906.18,21.84,-3.31,49.59,34,0,5,4,0.467,0,Low,4,9.781544e-05
MRC01534,Retail Trader,71,670,1,1,1,718514.57,32747.71,47,13,17.02,3801.66,8.98,10.22,62.42,35,0,9,4,0.903,0,Low,3,0.00010361937
MRC01535,Textile & Apparel,70,639,2,1,0,325644.87,7674.08,50,14,16.0,1620.12,9.93,10.48,73.57,0,1,10,4,0.912,0,Low,6,4.6217e-05
MRC01536,Retail Trader,118,609,1,0,1,164219.87,14334.13,31,10,3.23,1313.76,21.47,-8.81,0.0,32,0,2,5,0.998,0,Low,3,6.9101145e-05
MRC01537,Retail Trader,55,688,1,0,1,486878.55,29881.07,41,13,4.88,2950.78,7.97,4.89,0.0,26,0,11,4,0.469,0,Low,3,7.388992e-05
MRC01538,Small Mfg,67,582,2,0,1,455733.05,11693.69,44,13,11.36,2574.76,10.22,11.27,0.0,26,0,10,5,0.545,0,Low,4,9.9094315e-05
MRC01539,Retail Trader,13,674,3,1,1,301318.41,44426.26,43,7,51.16,1741.72,33.84,23.48,78.46,3,2,77,1,0.117,1,High,3,0.9995795
MRC01540,Agri-Allied,3,591,2,0,1,2027805.11,216246.34,41,15,-9.76,12289.73,8.32,0.64,0.0,33,0,10,5,0.827,0,Low,0,0.0001017492
MRC01541,Small Mfg,26,578,3,0,0,178680.05,24521.26,38,11,13.16,1167.84,21.56,-8.08,0.0,0,1,3,5,0.502,0,Low,4,0.00016133307
MRC01542,Retail Trader,57,599,1,1,1,593735.38,88989.5,43,14,2.33,3432.0,14.81,8.26,71.48,21,0,9,5,0.859,0,Low,3,0.00011758235
MRC01543,Agri-Allied,24,619,1,1,0,2956768.93,209799.54,42,14,0.0,17495.67,13.95,-8.13,65.21,0,0,11,3,0.898,0,Low,0,3.842293e-05
MRC01544,Retail Trader,53,646,2,1,0,2171557.53,115344.05,38,13,-2.63,14193.19,7.71,4.95,35.52,0,0,7,5,0.96,0,Low,3,4.7645968e-05
MRC01545,Construction,70,668,2,1,0,3139432.67,137836.7,52,16,7.69,15021.21,18.59,12.94,41.44,0,0,7,3,0.497,0,Low,1,0.00013936193
MRC01546,Agri-Allied,43,354,2,1,0,358994.84,31223.33,34,11,2.94,2620.4,22.68,0.48,36.44,0,0,11,4,0.664,0,Low,0,8.201586e-05
MRC01547,Food & Beverages,60,585,2,1,1,1869433.03,184682.23,34,11,2.94,13645.5,18.84,9.25,51.49,35,1,6,4,0.704,0,Low,2,0.00010012948
MRC01548,Agri-Allied,58,618,2,1,1,203706.5,16584.76,40,14,-5.0,1265.26,11.34,10.0,70.06,29,1,0,4,0.432,0,Low,0,6.882034e-05
MRC01549,Retail Trader,49,770,3,1,0,523845.07,36848.71,53,17,3.77,2459.37,18.98,-9.74,59.01,0,0,0,4,0.862,0,Low,3,0.00018268493
MRC01550,Small Mfg,42,563,1,0,1,586479.52,24559.08,41,4,70.73,3554.42,49.77,26.99,0.0,1,2,47,3,0.189,1,High,4,0.99685895
MRC01551,Construction,76,663,1,0,0,365489.1,28304.12,41,7,48.78,2215.09,35.94,30.66,0.0,0,2,57,2,0.063,1,High,1,0.99987614
MRC01552,Small Mfg,113,769,2,0,1,472514.26,14686.5,40,14,-5.0,2934.87,14.19,-2.93,0.0,28,1,0,3,0.877,0,Low,4,0.00015238252
MRC01553,Food & Beverages,100,544,1,1,1,403506.91,53447.0,43,3,79.07,2332.41,64.38,24.8,97.54,4,0,87,3,0.086,1,High,2,0.9989166
MRC01554,Tech Services,66,681,1,1,1,224386.98,5855.9,44,16,-9.09,1267.72,7.03,7.16,70.51,31,0,9,3,0.56,0,Low,5,0.00012618018
MRC01555,Retail Trader,11,585,1,0,0,2038441.71,141639.06,39,3,76.92,12983.71,51.41,43.01,0.0,0,4,44,3,0.116,1,High,3,0.99979264
MRC01556,Retail Trader,103,609,1,0,1,585991.17,19348.21,36,11,8.33,4041.32,16.27,-7.8,0.0,28,0,13,3,0.943,0,Low,3,5.2093907e-05
MRC01557,Small Mfg,98,585,1,1,0,928869.8,112158.67,51,9,47.06,4531.07,53.26,33.16,77.32,0,1,53,1,0.067,1,High,4,0.9997627
MRC01558,Textile & Apparel,90,591,1,1,1,887827.06,53851.87,49,18,-10.2,4506.74,5.8,14.16,42.98,34,0,12,5,0.319,0,Low,6,0.00012130928
MRC01559,Food & Beverages,18,867,2,1,1,778926.3,27031.65,37,11,10.81,5227.69,13.98,-7.38,67.6,22,0,13,5,0.547,0,Low,2,0.0001613486
MRC01560,Tech Services,85,717,2,1,1,815344.05,72642.16,46,15,2.17,4407.27,11.95,11.15,73.13,35,0,3,5,0.636,0,Low,5,0.0001359304
MRC01561,Textile & Apparel,100,738,2,1,1,505599.1,70336.93,48,3,81.25,2619.68,39.55,26.38,77.94,1,1,67,1,0.022,1,High,6,0.9986461
MRC01562,Retail Trader,104,689,2,1,1,4001085.44,552645.26,53,5,71.7,18784.44,40.89,41.33,95.25,8,2,67,1,0.105,1,High,3,0.99987507
MRC01563,Food & Beverages,52,521,1,0,1,1817356.83,95328.79,57,17,10.53,7936.06,20.32,5.79,0.0,29,1,6,3,0.87,0,Low,2,6.961757e-05
MRC01564,Retail Trader,46,681,1,0,1,745684.93,84676.82,53,15,15.09,3500.87,24.22,-1.86,0.0,22,0,4,3,0.899,0,Low,3,8.175856e-05
MRC01565,Food & Beverages,44,735,1,1,0,426571.24,10210.81,45,15,0.0,2356.75,10.25,-8.64,32.86,0,0,1,5,0.913,0,Low,2,0.00010193557
MRC01566,Textile & Apparel,22,581,3,1,1,632487.03,23491.03,43,13,9.3,3655.99,23.85,-6.28,60.28,25,0,4,3,0.801,0,Low,6,0.00012772105
MRC01567,Small Mfg,53,727,2,1,0,1203983.04,102255.98,50,8,52.0,5989.97,40.68,55.13,92.72,0,3,16,3,0.15,1,High,4,0.99980456
MRC01568,Retail Trader,59,706,1,1,0,4412394.68,219465.17,53,17,3.77,20715.47,20.1,13.72,73.14,0,0,5,4,0.6,0,Low,3,0.00019864467
MRC01569,Small Mfg,94,798,1,1,0,140412.94,17379.48,44,14,4.55,793.29,18.63,13.14,65.16,0,0,4,4,0.48,0,Low,4,0.00031459087
MRC01570,Textile & Apparel,114,616,4,0,1,1609975.81,227069.99,48,17,-6.25,8341.84,6.04,-7.16,0.0,37,1,0,4,0.481,0,Low,6,5.2348627e-05
MRC01571,Small Mfg,107,562,2,1,1,2819495.04,57978.21,45,15,0.0,15577.32,19.5,11.88,72.95,27,1,13,3,0.438,0,Low,4,0.00013741398
MRC01572,Retail Trader,30,621,3,1,0,122508.76,6159.63,46,13,15.22,662.21,23.02,-4.15,40.23,0,0,9,4,0.418,0,Low,3,6.116042e-05
MRC01573,Food & Beverages,8,764,1,0,1,586905.41,45275.02,59,19,3.39,2476.39,23.6,12.75,0.0,29,1,2,5,0.559,0,Low,2,0.00010646673
MRC01574,Tech Services,98,503,1,1,1,203328.55,18950.28,39,12,7.69,1295.09,18.7,8.96,58.95,32,0,7,4,0.898,0,Low,5,0.00013959121
MRC01575,Retail Trader,57,484,2,0,1,1222777.58,170048.45,60,21,-5.0,5073.77,20.73,14.03,0.0,29,0,1,5,0.542,0,Low,3,0.00012870277
MRC01576,Retail Trader,111,657,2,0,1,474481.96,64503.38,44,15,-2.27,2680.69,6.43,1.04,0.0,28,1,12,5,0.514,0,Low,3,4.859696e-05
MRC01577,Retail Trader,73,614,2,1,1,623954.74,64162.58,52,16,7.69,2985.43,8.23,8.29,57.26,28,0,8,3,0.475,0,Low,3,5.3393836e-05
MRC01578,Small Mfg,115,650,2,1,1,445402.23,23811.4,56,6,67.86,1979.57,39.08,35.87,79.54,7,3,54,1,0.139,1,High,4,0.99991024
MRC01579,Small Mfg,20,725,2,0,0,1730976.26,210880.36,54,18,0.0,7976.85,15.63,2.4,0.0,0,1,2,4,0.861,0,Low,4,0.00016213761
MRC01580,Agri-Allied,104,605,2,1,1,960144.96,44497.66,45,3,80.0,5304.67,60.98,48.68,98.09,2,1,38,2,0.103,1,High,0,0.99991095
MRC01581,Retail Trader,25,500,1,1,1,962329.43,139992.37,35,10,14.29,6825.03,18.14,-3.91,52.07,27,0,0,3,0.505,0,Low,3,9.295357e-05
MRC01582,Textile & Apparel,19,813,1,1,0,884472.05,18360.92,43,16,-11.63,5112.56,13.91,14.66,34.42,0,0,8,4,0.646,0,Low,6,0.00022599309
MRC01583,Small Mfg,5,570,3,0,0,1449876.67,136390.14,50,17,-2.0,7213.32,20.5,10.3,0.0,0,2,9,4,0.54,0,Low,4,0.0009031348
MRC01584,Agri-Allied,75,565,1,0,1,532657.43,16774.26,43,14,2.33,3078.94,19.27,5.4,0.0,21,0,5,5,0.516,0,Low,0,0.000107693544
MRC01585,Construction,79,738,2,0,0,5614874.22,409818.1,50,3,82.0,27934.7,59.99,26.59,0.0,0,2,66,2,0.025,1,High,1,0.9998436
MRC01586,Retail Trader,72,619,2,1,0,165751.72,16996.41,58,5,74.14,711.38,41.16,56.57,81.99,0,0,56,3,0.026,1,High,3,0.999734
MRC01587,Small Mfg,83,644,4,1,1,91940.59,10081.08,48,16,0.0,476.38,21.68,11.03,73.52,18,0,0,3,0.819,0,Low,4,8.284119e-05
MRC01588,Textile & Apparel,87,688,1,1,1,83248.33,10166.62,48,3,81.25,431.34,67.41,54.53,85.77,9,2,71,3,0.139,1,High,6,0.9996965
MRC01589,Textile & Apparel,27,736,1,1,1,60143.84,5841.93,40,13,2.5,373.56,6.32,14.07,49.36,30,1,3,4,0.319,0,Low,6,0.00011989043
MRC01590,Small Mfg,40,623,3,1,1,1636063.78,86173.96,43,14,2.33,9457.02,17.46,-0.08,69.2,28,1,6,3,0.857,0,Low,4,3.5416724e-05
MRC01591,Small Mfg,96,771,3,1,1,1413587.33,191686.57,41,13,4.88,8567.2,5.4,12.36,32.68,28,0,3,4,0.482,0,Low,4,0.00015970682
MRC01592,Construction,26,479,2,1,1,3107508.35,389818.16,55,19,-3.64,14061.12,19.88,11.55,34.47,32,0,8,4,0.564,0,Low,1,0.00011043907
MRC01593,Retail Trader,27,710,2,0,0,205260.29,8376.02,35,12,-2.86,1455.75,6.22,14.15,0.0,0,0,6,4,0.493,0,Low,3,0.00024953665
MRC01594,Retail Trader,62,582,1,0,0,1784330.34,227406.58,42,15,-7.14,10558.17,24.66,-3.19,0.0,0,0,11,3,0.525,0,Low,3,0.00010373515
MRC01595,Small Mfg,83,759,2,1,1,780889.45,114356.41,53,5,71.7,3666.15,66.79,24.32,87.87,6,6,40,1,0.053,1,High,4,0.99991214
MRC01596,Agri-Allied,50,661,3,1,1,890825.46,91611.14,54,7,61.11,4105.19,51.44,23.39,97.04,3,3,41,2,0.083,1,High,0,0.99977416
MRC01597,Retail Trader,42,596,3,1,1,1545329.13,87519.22,44,5,65.91,8730.67,60.52,17.61,75.25,8,0,86,3,0.102,1,High,3,0.99290633
MRC01598,Retail Trader,29,703,1,1,1,294331.48,29096.79,47,15,4.26,1557.31,21.53,8.31,62.3,20,2,1,4,0.783,0,Low,3,0.0005910362
MRC01599,Retail Trader,39,721,1,1,0,16267811.56,1049754.71,43,15,-4.65,94033.59,8.6,-4.05,46.06,0,0,13,5,0.862,0,Low,3,0.00011252655
MRC01600,Tech Services,60,701,2,1,1,3606528.98,389047.25,48,4,75.0,18686.68,32.53,49.33,86.72,5,7,70,3,0.171,1,High,5,0.99988973
MRC01601,Retail Trader,41,567,4,1,1,385367.56,35000.62,47,14,10.64,2038.98,5.07,5.99,47.45,38,0,1,5,0.535,0,Low,3,4.9598282e-05
MRC01602,Textile & Apparel,33,611,2,1,1,197030.6,27748.56,50,5,70.0,980.25,55.36,34.13,80.85,7,0,51,2,0.105,1,High,6,0.9992073
MRC01603,Retail Trader,83,649,1,0,1,656393.02,65854.67,47,16,-2.13,3472.98,8.89,0.66,0.0,49,0,8,4,0.332,0,Low,3,5.3962638e-05
MRC01604,Textile & Apparel,101,646,1,0,1,907737.15,43405.83,37,11,10.81,6092.2,12.74,1.78,0.0,37,1,5,3,0.869,0,Low,6,4.4860863e-05
MRC01605,Retail Trader,83,709,2,1,1,2620140.01,299388.42,41,15,-9.76,15879.64,15.6,2.79,51.12,31,0,5,4,0.376,0,Low,3,0.000121937745
MRC01606,Agri-Allied,97,488,1,0,1,179429.01,10606.8,52,6,65.38,858.51,57.37,17.66,0.0,6,0,43,1,0.131,1,High,0,0.9958358
MRC01607,Retail Trader,111,676,3,1,0,1027443.6,56931.5,42,13,7.14,6079.55,23.53,4.44,60.95,0,0,2,5,0.736,0,Low,3,0.00018434039
MRC01608,Food & Beverages,16,626,2,0,0,116445.89,8259.62,50,7,58.0,579.33,32.95,38.12,0.0,0,2,72,3,0.131,1,High,2,0.9997125
MRC01609,Retail Trader,23,582,2,0,0,1231359.14,26547.57,46,13,15.22,6656.0,9.64,-7.16,0.0,0,0,11,4,0.498,0,Low,3,0.00010914299
MRC01610,Agri-Allied,7,590,1,0,0,641134.75,93598.16,55,18,1.82,2901.06,19.7,7.79,0.0,0,0,4,5,0.613,0,Low,0,9.45339e-05
MRC01611,Tech Services,26,632,3,0,1,7452169.19,664756.18,36,11,8.33,51394.27,22.88,8.29,0.0,20,0,9,4,0.652,0,Low,5,5.293027e-05
MRC01612,Small Mfg,96,361,1,0,1,114096.17,13754.77,47,17,-8.51,603.68,23.25,-3.34,0.0,27,0,9,5,0.972,0,Low,4,0.00015999413
MRC01613,Agri-Allied,12,593,1,0,1,3778093.43,202206.54,54,16,11.11,17410.57,13.62,-5.38,0.0,24,0,0,4,0.671,0,Low,0,9.1486494e-05
MRC01614,Textile & Apparel,72,579,3,1,1,94410.01,11051.67,25,2,76.0,934.75,67.52,24.65,89.9,8,3,43,2,0.183,1,High,6,0.99806243
MRC01615,Textile & Apparel,5,692,3,0,1,148352.68,13905.42,49,18,-10.2,753.06,23.59,0.47,0.0,38,0,3,4,0.764,0,Low,6,0.00013581301
MRC01616,Small Mfg,106,585,3,0,0,97488.19,7325.14,35,11,5.71,691.41,6.06,2.73,0.0,0,0,1,5,0.787,0,Low,4,0.00017858468
MRC01617,Construction,92,632,1,0,1,985025.82,143997.97,38,5,60.53,6438.08,44.35,15.91,0.0,2,4,26,1,0.178,1,High,1,0.998664
MRC01618,Small Mfg,117,773,1,1,1,178360.39,15017.89,50,15,10.0,887.37,8.55,-9.94,56.94,34,0,13,4,0.779,0,Low,4,0.00017595802
MRC01619,Agri-Allied,69,729,1,1,1,144639.86,15255.11,46,13,15.22,781.84,14.31,0.15,67.25,29,1,0,4,0.912,0,Low,0,0.00013348593
MRC01620,Food & Beverages,49,722,1,1,1,930354.64,20462.67,41,14,-2.44,5638.51,24.07,0.48,46.29,28,2,12,5,0.35,0,Low,2,0.00065498246
MRC01621,Agri-Allied,26,610,2,0,0,1254353.0,74244.12,43,12,16.28,7250.6,16.62,12.16,0.0,0,0,0,3,0.845,0,Low,0,4.5266148e-05
MRC01622,Retail Trader,5,693,1,0,1,765143.87,103699.88,38,12,5.26,5000.94,15.47,-5.1,0.0,35,0,2,3,0.852,0,Low,3,9.72892e-05
MRC01623,Agri-Allied,22,631,2,1,1,600391.38,71245.25,35,12,-2.86,4258.09,6.24,-8.35,62.42,30,0,13,5,0.816,0,Low,0,5.19023e-05
MRC01624,Construction,79,634,1,1,1,6548139.75,587879.05,43,14,2.33,37850.52,10.55,-0.46,70.89,28,0,8,4,0.812,0,Low,1,5.3097454e-05
MRC01625,Retail Trader,13,682,1,0,1,868917.55,119059.74,45,15,0.0,4800.65,5.06,5.31,0.0,26,1,8,3,0.72,0,Low,3,8.981704e-05
MRC01626,Small Mfg,28,602,4,1,1,1918069.5,159600.01,48,7,56.25,9938.18,58.29,24.96,75.65,7,3,47,1,0.02,1,High,4,0.99977547
MRC01627,Retail Trader,33,769,1,0,0,865884.28,81086.53,49,17,-4.08,4395.35,17.9,-3.27,0.0,0,1,5,5,0.746,0,Low,3,0.00019963202
MRC01628,Agri-Allied,107,637,1,0,0,195350.07,13611.97,52,15,13.46,934.69,7.36,-3.72,0.0,0,0,11,4,0.604,0,Low,0,7.891175e-05
MRC01629,Retail Trader,23,699,1,1,1,1411079.0,141961.89,41,14,-2.44,8551.99,12.27,-1.85,56.52,30,1,10,5,0.539,0,Low,3,8.7148175e-05
MRC01630,Textile & Apparel,97,766,1,1,0,332050.79,20411.23,46,15,2.17,1794.87,21.23,-7.04,62.51,0,0,10,4,0.373,0,Low,6,0.00015069237
MRC01631,Food & Beverages,107,732,2,0,1,653969.92,45852.44,41,6,56.1,3963.45,58.48,48.72,0.0,6,1,75,3,0.055,1,High,2,0.999894
MRC01632,Textile & Apparel,18,537,1,0,0,1052294.12,153237.61,47,14,10.64,5567.69,9.61,3.52,0.0,0,1,4,5,0.974,0,Low,6,9.614009e-05
MRC01633,Small Mfg,114,685,2,1,1,70990.29,2447.04,56,8,57.14,315.51,57.89,26.31,90.15,5,3,24,3,0.047,1,High,4,0.9998672
MRC01634,Food & Beverages,117,718,3,1,1,105725.08,3561.16,47,17,-8.51,559.39,7.9,-0.96,34.8,31,1,4,4,0.482,0,Low,2,0.00014596568
MRC01635,Tech Services,30,721,2,1,0,2172417.17,55681.4,37,13,-5.41,14579.98,12.65,11.65,36.99,0,0,9,4,0.926,0,Low,5,0.0001552304
MRC01636,Retail Trader,26,560,1,1,1,328898.43,20262.05,52,15,13.46,1573.68,24.64,6.84,40.43,29,2,13,4,0.565,0,Low,3,0.0005771151
MRC01637,Textile & Apparel,16,597,2,1,1,348158.67,24987.28,68,24,-5.88,1275.31,15.88,3.83,32.44,26,0,9,5,0.443,0,Low,6,0.00013019236
MRC01638,Retail Trader,77,729,1,0,1,890667.16,28757.0,43,12,16.28,5148.37,19.03,8.12,0.0,27,0,8,4,0.461,0,Low,3,0.00011189984
MRC01639,Construction,39,589,2,0,1,459177.85,41962.9,27,4,55.56,4212.64,59.75,43.79,0.0,7,4,45,2,0.173,1,High,1,0.99973625
MRC01640,Tech Services,33,626,2,1,0,1203935.17,115372.14,40,15,-12.5,7477.86,9.23,-5.14,59.38,0,0,1,3,0.995,0,Low,5,3.920835e-05
MRC01641,Agri-Allied,26,776,1,1,1,686014.37,80698.25,37,13,-5.41,4604.12,21.92,-6.03,49.62,32,1,13,3,0.96,0,Low,0,0.00012623554
MRC01642,Food & Beverages,48,646,3,0,1,925716.71,135965.43,57,17,10.53,4042.43,7.44,14.17,0.0,35,0,11,4,0.924,0,Low,2,4.1916217e-05
MRC01643,Agri-Allied,65,591,3,1,1,314195.26,31581.59,43,13,9.3,1816.16,23.43,-5.36,36.6,28,0,5,4,0.932,0,Low,0,8.118195e-05
MRC01644,Small Mfg,113,579,3,0,1,920170.07,31759.31,50,14,16.0,4577.96,9.32,1.62,0.0,29,0,12,4,0.846,0,Low,4,0.00012573159
MRC01645,Retail Trader,38,676,1,0,0,2747238.83,86560.42,53,17,3.77,12897.83,24.09,14.57,0.0,0,0,6,4,0.578,0,Low,3,9.910395e-05
MRC01646,Food & Beverages,2,543,2,0,0,369055.43,44685.64,49,14,14.29,1873.38,20.96,0.43,0.0,0,0,11,5,0.938,0,Low,2,7.4187796e-05
MRC01647,Retail Trader,113,630,3,1,1,2187745.15,228714.4,39,12,7.69,13934.68,8.42,2.87,35.53,26,1,8,5,0.551,0,Low,3,5.210001e-05
MRC01648,Food & Beverages,6,676,1,0,1,685653.46,28145.3,43,12,16.28,3963.31,8.21,9.96,0.0,24,0,5,4,0.696,0,Low,2,8.973905e-05
MRC01649,Food & Beverages,46,753,3,0,1,1760974.64,93220.36,52,7,59.62,8425.72,65.68,51.23,0.0,6,0,16,1,0.13,1,High,2,0.9995321
MRC01650,Small Mfg,50,703,1,1,0,851304.86,100054.92,38,14,-10.53,5564.08,9.95,0.78,37.85,0,0,6,4,0.525,0,Low,4,0.00013173236
MRC01651,Retail Trader,38,592,1,1,0,700750.3,65590.4,43,14,2.33,4050.58,18.18,-1.7,67.72,0,0,4,5,0.352,0,Low,3,9.380859e-05
MRC01652,Textile & Apparel,106,744,2,1,0,1109783.62,106594.73,42,12,14.29,6566.77,15.41,-2.82,43.42,0,1,8,4,0.857,0,Low,6,0.00021844378
MRC01653,Retail Trader,88,626,2,0,1,3129291.17,148019.0,51,17,0.0,15264.83,17.27,1.8,0.0,26,0,2,4,0.887,0,Low,3,4.5449287e-05
MRC01654,Textile & Apparel,18,551,2,1,1,968318.9,98553.11,51,19,-11.76,4723.51,5.62,8.65,33.99,29,0,11,5,0.514,0,Low,6,0.00010348094
MRC01655,Retail Trader,27,636,3,1,1,1295279.42,155668.91,53,17,3.77,6081.12,6.6,11.68,40.77,31,0,1,4,0.421,0,Low,3,5.4986296e-05
MRC01656,Construction,41,765,1,0,0,468746.83,63319.63,40,13,2.5,2911.47,18.84,1.75,0.0,0,1,13,5,0.866,0,Low,1,0.0001367334
MRC01657,Agri-Allied,72,663,1,1,0,4804501.12,556232.72,59,22,-11.86,20272.16,21.96,-1.97,37.26,0,1,4,3,0.815,0,Low,0,0.00011840257
MRC01658,Textile & Apparel,92,651,3,1,1,1572857.42,149309.52,44,14,4.55,8886.2,12.19,12.79,72.01,36,1,2,4,0.535,0,Low,6,5.9429043e-05
MRC01659,Textile & Apparel,74,780,1,0,1,800706.83,86094.97,45,15,0.0,4423.79,8.33,-1.6,0.0,38,0,3,4,0.818,0,Low,6,0.00013812575
MRC01660,Textile & Apparel,17,535,2,1,1,629584.65,52296.13,51,16,5.88,3071.14,11.17,9.38,38.82,31,0,12,4,0.892,0,Low,6,0.00010194636
MRC01661,Small Mfg,119,547,2,1,1,2358390.43,116732.71,41,15,-9.76,14293.28,13.24,8.72,37.71,35,0,10,3,0.992,0,Low,4,0.00010834123
MRC01662,Agri-Allied,62,520,1,1,1,352411.61,47465.23,29,9,6.9,3012.07,17.6,-8.76,60.28,30,1,13,4,0.964,0,Low,0,0.00010115029
MRC01663,Tech Services,29,679,1,1,0,85866.58,7662.81,42,4,71.43,508.09,32.82,43.92,80.49,0,1,40,2,0.15,1,High,5,0.99957186
MRC01664,Agri-Allied,58,663,2,0,0,795622.03,77383.3,49,16,2.04,4038.69,22.94,4.32,0.0,0,0,1,4,0.814,0,Low,0,0.0001564629
MRC01665,Construction,70,773,3,0,1,3041938.36,452379.3,45,15,0.0,16806.29,13.02,11.69,0.0,28,0,11,4,0.3,0,Low,1,0.0002033754
MRC01666,Tech Services,78,669,2,1,1,4923698.7,728963.63,44,4,72.73,27817.51,56.0,47.75,84.17,1,2,63,2,0.054,1,High,5,0.99996006
MRC01667,Retail Trader,22,617,2,1,1,641296.55,61705.83,45,16,-6.67,3543.07,9.97,8.57,40.09,39,1,5,5,0.728,0,Low,3,4.9737344e-05
MRC01668,Construction,118,650,2,1,1,768584.04,18764.55,35,12,-2.86,5450.95,14.3,8.36,31.77,31,0,1,5,0.919,0,Low,1,5.4979795e-05
MRC01669,Retail Trader,6,659,1,1,1,1360600.25,97281.8,38,4,68.42,8892.81,32.67,16.44,78.06,3,2,54,2,0.1,1,High,3,0.9995751
MRC01670,Food & Beverages,26,516,1,0,0,531139.88,75341.2,52,14,19.23,2541.34,22.39,4.02,0.0,0,0,0,4,0.7,0,Low,2,9.43697e-05
MRC01671,Textile & Apparel,39,866,1,1,1,1355508.39,77914.43,49,17,-4.08,6880.75,8.71,-8.22,65.83,23,0,12,4,0.958,0,Low,6,9.682164e-05
MRC01672,Tech Services,12,691,1,1,1,658367.06,98692.47,46,13,15.22,3558.74,5.07,13.19,44.49,38,2,1,5,0.943,0,Low,5,0.0007264858
MRC01673,Tech Services,99,666,1,1,1,2455011.27,76010.29,28,2,78.57,21725.76,38.46,45.41,96.04,8,3,85,2,0.044,1,High,5,0.9997719
MRC01674,Food & Beverages,14,699,1,1,1,1736837.72,163010.63,30,9,10.0,14354.03,9.56,-6.14,65.26,29,0,1,3,0.63,0,Low,2,9.876489e-05
MRC01675,Food & Beverages,22,706,1,1,1,1928539.23,167799.15,36,5,58.33,13300.27,68.61,40.63,95.42,8,3,65,2,0.009,1,High,2,0.9997911
MRC01676,Textile & Apparel,51,638,1,1,0,570129.51,30328.54,49,14,14.29,2894.06,16.01,-9.88,59.23,0,1,2,4,0.342,0,Low,6,5.022436e-05
MRC01677,Retail Trader,23,599,2,1,1,7356632.05,1054344.61,50,3,82.0,36600.16,54.05,17.83,80.37,5,2,43,2,0.104,1,High,3,0.9997253
MRC01678,Textile & Apparel,48,697,2,1,1,1303670.53,131008.79,37,4,67.57,8749.47,62.02,40.26,77.19,2,5,78,1,0.083,1,High,6,0.99990916
MRC01679,Retail Trader,71,680,1,1,1,981417.14,49001.84,51,17,0.0,4787.4,18.44,7.08,63.36,34,1,12,4,0.58,0,Low,3,0.0001058671
MRC01680,Small Mfg,104,585,3,0,0,292689.74,20466.7,39,5,61.54,1864.27,34.46,48.75,0.0,0,2,65,2,0.047,1,High,4,0.9998653
MRC01681,Textile & Apparel,50,763,1,1,0,649211.49,73854.19,53,16,9.43,3047.94,14.22,11.07,63.06,0,0,13,3,0.66,0,Low,6,0.00018975398
MRC01682,Construction,89,673,3,1,0,836729.16,49116.48,37,2,83.78,5615.63,55.76,26.27,81.68,0,2,18,3,0.129,1,High,1,0.9996903
MRC01683,Small Mfg,13,708,1,0,1,283448.93,38081.03,54,6,66.67,1306.22,65.34,42.38,0.0,4,3,28,1,0.129,1,High,4,0.9998679
MRC01684,Food & Beverages,85,761,3,1,1,513609.96,21334.13,34,11,2.94,3748.98,15.0,11.87,46.08,29,0,11,4,0.996,0,Low,2,0.00016913927
MRC01685,Retail Trader,105,651,1,0,0,597817.01,32512.67,48,15,6.25,3097.5,20.71,0.53,0.0,0,0,6,4,0.756,0,Low,3,6.7264315e-05
MRC01686,Tech Services,10,675,2,1,1,780043.36,30294.4,52,19,-9.62,3732.26,6.08,-2.78,53.34,23,0,5,4,0.777,0,Low,5,9.3203154e-05
MRC01687,Tech Services,117,714,1,1,1,87970.04,2950.8,46,16,-4.35,475.51,22.15,1.14,58.08,37,0,12,4,0.324,0,Low,5,0.00014769066
MRC01688,Agri-Allied,55,592,2,1,1,620124.38,36612.77,54,20,-11.11,2857.72,10.24,9.72,33.75,26,0,13,3,0.337,0,Low,0,8.239079e-05
MRC01689,Small Mfg,9,654,1,1,0,463788.81,69518.81,43,14,2.33,2680.86,8.38,12.98,52.29,0,0,6,5,0.658,0,Low,4,5.75373e-05
MRC01690,Food & Beverages,79,660,1,0,0,711363.64,22950.6,57,16,15.79,3106.39,5.65,-8.36,0.0,0,0,2,5,0.848,0,Low,2,0.00013147974
MRC01691,Retail Trader,52,573,2,1,0,2526465.58,120487.86,41,14,-2.44,15311.91,21.68,3.21,68.7,0,0,10,4,0.874,0,Low,3,9.7110315e-05
MRC01692,Agri-Allied,2,835,1,0,1,8562258.79,473580.11,50,8,52.0,42598.3,46.83,57.99,0.0,6,4,28,1,0.066,1,High,0,0.99987006
MRC01693,Textile & Apparel,25,537,3,0,1,1646319.32,165433.46,47,14,10.64,8710.68,24.09,-9.56,0.0,23,0,8,4,0.933,0,Low,6,0.000114875635
MRC01694,Retail Trader,13,546,1,1,0,165825.85,19384.2,51,17,0.0,808.91,16.3,-5.47,41.59,0,0,11,5,0.406,0,Low,3,0.00014773334
MRC01695,Textile & Apparel,98,755,2,1,0,481909.52,56745.51,48,14,12.5,2496.94,18.97,-8.44,47.51,0,1,2,5,0.441,0,Low,6,0.00020170455
MRC01696,Retail Trader,51,707,2,0,0,1491295.81,31500.16,27,7,22.22,13681.61,19.51,-2.74,0.0,0,0,13,3,0.624,0,Medium,3,0.00016150375
MRC01697,Retail Trader,58,567,1,1,0,1302698.7,136445.39,48,4,75.0,6749.73,42.02,16.94,87.79,0,0,72,2,0.161,1,High,3,0.99766904
MRC01698,Retail Trader,34,698,1,1,1,2385193.67,243279.72,48,17,-6.25,12358.52,21.13,2.17,71.04,36,1,13,3,0.634,0,Low,3,9.110187e-05
MRC01699,Construction,35,767,2,1,1,648994.04,56654.0,49,13,20.41,3294.39,23.92,6.38,45.47,23,0,7,4,0.617,0,Medium,1,0.00013093799
MRC01700,Agri-Allied,102,647,2,1,1,471559.09,32677.68,41,12,12.2,2857.93,12.4,11.06,65.86,34,1,10,5,0.546,0,Low,0,5.1368188e-05
MRC01701,Construction,3,857,3,1,1,5973889.64,738777.47,42,15,-7.14,35348.46,21.71,-2.39,54.05,30,1,4,4,0.444,0,Low,1,0.0001417636
MRC01702,Textile & Apparel,106,512,1,1,1,782621.71,50639.15,50,15,10.0,3893.64,20.44,-8.74,59.8,22,0,6,4,0.788,0,Low,6,0.00012163036
MRC01703,Textile & Apparel,59,705,2,0,0,215343.72,10746.0,48,18,-12.5,1115.77,16.79,-9.9,0.0,0,0,0,5,0.659,0,Low,6,0.00026477803
MRC01704,Agri-Allied,70,743,1,1,1,4282983.43,258316.89,39,12,7.69,27280.15,12.35,11.11,42.96,35,0,10,4,0.898,0,Low,0,0.00012605618
MRC01705,Textile & Apparel,119,721,1,1,1,121137.97,9346.31,41,14,-2.44,734.17,13.3,11.95,57.27,31,0,5,3,0.951,0,Low,6,0.00013237896
MRC01706,Retail Trader,48,633,2,0,0,11003.25,526.26,61,5,75.41,44.91,38.42,20.7,0.0,0,4,43,3,0.165,1,High,3,0.9966473
MRC01707,Small Mfg,64,626,1,0,1,1836301.61,181764.96,46,13,15.22,9925.95,13.53,-9.75,0.0,24,0,7,4,0.524,0,Low,4,3.9386054e-05
MRC01708,Retail Trader,113,685,1,0,1,2175656.82,293598.79,38,14,-10.53,14219.98,24.79,10.01,0.0,32,0,1,4,0.882,0,Low,3,0.000105020285
MRC01709,Small Mfg,19,715,1,1,0,1198780.72,116773.01,36,13,-8.33,8267.45,12.27,6.02,62.78,0,1,13,4,0.633,0,Low,4,0.00015664593
MRC01710,Small Mfg,67,698,2,1,1,152825.6,11930.62,48,7,56.25,791.84,33.29,39.97,87.22,5,2,38,2,0.037,1,High,4,0.99993384
MRC01711,Retail Trader,82,733,3,1,0,679665.59,84001.87,46,7,54.35,3673.87,43.78,44.01,88.64,0,1,22,2,0.14,1,High,3,0.9998373
MRC01712,Retail Trader,103,568,2,1,1,522404.63,61249.34,39,11,15.38,3327.42,14.33,9.34,35.08,32,0,1,3,0.852,0,Low,3,0.00011635401
MRC01713,Food & Beverages,73,631,2,1,1,382794.35,25921.9,51,4,76.47,1867.29,55.21,38.28,98.62,8,3,51,3,0.093,1,High,2,0.9996014
MRC01714,Textile & Apparel,116,574,2,1,1,3970820.54,391284.46,52,5,71.15,18999.14,67.71,54.18,99.72,5,6,20,2,0.173,1,High,6,0.9996481
MRC01715,Retail Trader,76,619,2,0,0,207731.31,23864.08,38,12,5.26,1357.72,18.22,-8.05,0.0,0,0,10,5,0.915,0,Low,3,7.021322e-05
MRC01716,Construction,5,731,1,0,1,1065894.96,55330.85,50,16,4.0,5302.96,11.95,4.15,0.0,38,1,1,5,0.942,0,Low,1,9.7752774e-05
MRC01717,Retail Trader,67,658,1,1,1,3056730.32,206682.67,31,9,12.9,24453.84,15.5,14.02,48.53,29,1,4,5,0.487,0,Low,3,4.5381203e-05
MRC01718,Small Mfg,11,858,1,1,0,1152829.4,38909.02,47,16,-2.13,6099.63,22.44,-2.9,54.91,0,0,0,4,0.747,0,Low,4,0.00021222787
MRC01719,Construction,94,665,2,1,1,3234361.35,479974.17,36,11,8.33,22305.94,5.89,13.23,32.61,31,0,12,5,0.79,0,Low,1,9.980033e-05
MRC01720,Retail Trader,68,654,3,1,1,1434687.58,44710.74,38,12,5.26,9377.04,23.6,8.23,70.86,32,0,10,4,0.367,0,Low,3,7.080909e-05
MRC01721,Retail Trader,69,658,1,0,1,1221047.44,51184.84,37,6,51.35,8194.95,34.35,55.55,0.0,2,2,52,3,0.185,1,High,3,0.99955505
MRC01722,Retail Trader,1,598,1,1,0,1132798.69,93317.86,50,7,58.0,5635.81,48.82,24.02,85.06,0,4,70,1,0.035,1,High,3,0.9997881
MRC01723,Textile & Apparel,91,645,3,1,1,1522907.54,201762.92,39,11,15.38,9700.05,22.23,-0.84,43.79,24,0,4,5,0.508,0,Low,6,5.4513745e-05
MRC01724,Retail Trader,92,740,3,0,0,459251.41,30432.14,44,13,11.36,2594.64,6.17,-6.94,0.0,0,0,12,4,0.483,0,Low,3,0.00024307497
MRC01725,Small Mfg,63,659,2,1,1,152932.42,18339.27,44,12,18.18,864.02,20.63,-7.68,50.64,39,1,8,4,0.629,0,Low,4,7.2425144e-05
MRC01726,Retail Trader,29,586,1,1,1,2291809.17,247250.52,42,12,14.29,13561.0,19.66,-9.57,44.48,38,1,1,5,0.698,0,Low,3,8.8790795e-05
MRC01727,Agri-Allied,82,575,1,1,1,2940501.67,302949.1,42,12,14.29,17399.42,5.86,9.95,73.37,23,0,10,5,0.531,0,Low,0,0.00012017647
MRC01728,Construction,12,613,1,1,0,986949.92,128157.66,58,17,12.07,4235.84,23.81,12.12,68.93,0,0,9,3,0.314,0,Low,1,5.5146833e-05
MRC01729,Food & Beverages,77,655,1,0,1,377735.41,8250.55,42,13,7.14,2235.12,17.69,2.06,0.0,31,1,13,3,0.538,0,Low,2,2.8394357e-05
MRC01730,Small Mfg,41,745,1,0,1,112503.48,15839.35,46,13,15.22,608.13,8.35,3.0,0.0,31,0,1,4,0.797,0,Low,4,0.000111033354
MRC01731,Textile & Apparel,2,542,2,1,1,808526.33,103329.18,47,17,-8.51,4277.92,7.46,7.29,63.94,33,1,4,4,0.484,0,Low,6,0.000103215534
MRC01732,Small Mfg,37,624,1,1,1,144532.49,20512.45,44,12,18.18,816.57,16.24,7.52,31.56,30,0,11,3,0.649,0,Low,4,3.57217e-05
MRC01733,Agri-Allied,45,661,1,0,1,122175.64,15047.94,44,15,-2.27,690.26,6.18,-1.9,0.0,30,0,9,4,0.771,0,Low,0,8.458651e-05
MRC01734,Textile & Apparel,80,503,1,0,1,711493.93,95494.5,44,14,4.55,4019.74,8.29,-6.02,0.0,18,0,2,4,0.335,0,Low,6,0.00011770586
MRC01735,Retail Trader,48,583,2,1,0,291698.67,13534.86,39,5,61.54,1857.95,57.91,24.23,93.65,0,1,40,3,0.015,1,High,3,0.9949315
MRC01736,Tech Services,24,595,2,1,1,1103912.75,67890.39,54,15,16.67,5087.16,19.89,7.43,59.43,33,0,6,4,0.314,0,Low,5,0.000119375494
MRC01737,Textile & Apparel,99,586,2,1,1,602501.41,36739.77,43,7,51.16,3482.67,43.36,28.69,91.99,6,1,33,3,0.181,1,High,6,0.9997838
MRC01738,Retail Trader,22,665,1,0,1,352229.6,12043.32,49,17,-4.08,1787.97,9.18,-7.77,0.0,34,0,0,3,0.42,0,Low,3,5.4698703e-05
MRC01739,Textile & Apparel,100,637,1,0,0,94287.31,10828.45,47,3,80.85,498.87,45.2,40.44,0.0,0,2,47,3,0.028,1,High,6,0.9998349
MRC01740,Textile & Apparel,11,605,1,0,1,262113.85,9882.27,47,15,4.26,1386.85,13.92,-8.65,0.0,38,0,10,5,0.386,0,Low,6,0.00012390607
MRC01741,Food & Beverages,119,684,1,1,0,273932.28,7348.56,34,11,2.94,1999.51,20.08,10.62,68.61,0,1,1,5,0.929,0,Low,2,8.930385e-05
MRC01742,Food & Beverages,58,787,3,0,1,167649.5,20253.42,45,14,6.67,926.24,5.08,6.67,0.0,28,0,0,4,0.468,0,Low,2,0.00020232168
MRC01743,Food & Beverages,46,781,4,1,1,491465.41,67628.69,51,18,-5.88,2397.39,5.89,7.42,49.16,36,0,7,5,0.665,0,Low,2,8.949447e-05
MRC01744,Retail Trader,29,496,2,1,0,184111.64,21971.15,45,4,73.33,1017.19,52.67,49.95,89.94,0,1,34,2,0.103,1,High,3,0.9997563
MRC01745,Textile & Apparel,35,696,3,0,1,599294.68,76287.69,37,11,10.81,4022.11,21.28,2.39,0.0,34,1,7,5,0.802,0,Low,6,9.82254e-05
MRC01746,Agri-Allied,112,635,2,1,1,973344.6,94833.76,36,13,-8.33,6712.72,18.89,-2.53,30.87,31,0,8,3,0.424,0,Low,0,5.419843e-05
MRC01747,Retail Trader,118,662,1,1,1,270653.87,36648.44,47,7,55.32,1432.03,53.22,23.84,92.47,3,4,88,1,0.143,1,High,3,0.9997974
MRC01748,Retail Trader,15,618,4,1,1,1215286.43,102778.54,55,19,-3.64,5499.03,7.9,9.43,70.68,45,1,11,3,0.996,0,Low,3,5.8114543e-05
MRC01749,Food & Beverages,60,659,1,1,1,142396.48,21143.31,40,6,55.0,884.45,46.76,27.03,79.47,3,0,86,2,0.083,1,High,2,0.9924408
MRC01750,Retail Trader,95,662,2,0,0,192026.2,6422.12,46,15,2.17,1037.98,23.11,12.57,0.0,0,1,11,4,0.736,0,Low,3,0.00022159885
MRC01751,Agri-Allied,42,603,1,0,0,636754.36,79717.5,52,5,71.15,3046.67,53.64,22.53,0.0,0,3,53,2,0.148,1,High,0,0.9980755
MRC01752,Retail Trader,105,578,1,1,1,1663524.85,171976.24,40,13,2.5,10332.45,18.91,-2.34,72.78,33,0,2,3,0.599,0,Low,3,0.00012267646
MRC01753,Retail Trader,43,614,2,1,0,2065492.9,197221.5,39,12,7.69,13156.01,14.12,-4.6,58.19,0,1,12,4,0.569,0,Low,3,3.8104998e-05
MRC01754,Retail Trader,80,668,1,0,1,5049848.23,577477.26,33,11,0.0,37968.78,19.62,14.14,0.0,30,1,5,5,0.894,0,Low,3,9.2104754e-05
MRC01755,Construction,74,697,1,1,0,464210.48,59993.59,48,14,12.5,2405.24,8.87,-2.51,71.74,0,0,0,4,0.693,0,Low,1,0.00014087705
MRC01756,Food & Beverages,49,718,1,1,1,625932.88,82732.63,47,16,-2.13,3311.81,14.69,14.29,53.25,29,0,13,3,0.913,0,Low,2,7.688993e-05
MRC01757,Construction,64,610,1,0,1,211248.27,9041.33,45,12,20.0,1167.12,12.54,5.95,0.0,36,0,10,3,0.447,0,Low,1,6.311383e-05
MRC01758,Agri-Allied,32,672,4,1,0,162020.86,7390.53,35,10,14.29,1149.08,9.9,-5.59,40.19,0,0,10,5,0.461,0,Low,0,0.00017046189
MRC01759,Retail Trader,64,727,2,0,1,959614.1,21209.05,54,18,0.0,4422.18,16.95,3.85,0.0,38,0,7,5,0.966,0,Low,3,0.00011994851
MRC01760,Agri-Allied,115,743,2,1,1,287493.12,10677.36,43,13,9.3,1661.81,15.74,12.06,49.65,29,0,2,5,0.589,0,Low,0,8.907354e-05
MRC01761,Textile & Apparel,2,645,1,1,1,3200619.81,173808.78,48,3,81.25,16583.52,48.72,35.35,93.11,7,4,33,1,0.059,1,High,6,0.9998559
MRC01762,Food & Beverages,24,632,3,0,1,126138.67,14346.34,44,16,-9.09,712.65,16.82,-6.69,0.0,36,0,11,5,0.561,0,Low,2,6.22608e-05
MRC01763,Retail Trader,87,665,1,1,1,1307495.26,107018.19,47,15,4.26,6917.96,7.85,-2.83,61.52,37,0,13,4,0.588,0,Low,3,9.752243e-05
MRC01764,Agri-Allied,66,558,1,1,1,218188.12,25861.28,48,5,68.75,1130.51,60.27,55.27,98.11,2,2,79,3,0.16,1,High,0,0.99981755
MRC01765,Retail Trader,38,634,1,1,1,272518.52,22687.07,40,13,2.5,1692.66,11.49,-6.85,48.95,38,0,10,5,0.544,0,Low,3,1.8816881e-05
MRC01766,Textile & Apparel,31,709,3,0,1,1392950.17,128468.55,42,12,14.29,8242.31,20.38,-1.82,0.0,35,1,11,4,0.621,0,Low,6,0.00010329638
MRC01767,Food & Beverages,115,701,1,1,0,324144.11,11163.09,49,17,-4.08,1645.4,5.71,6.53,50.75,0,1,13,4,0.97,0,Low,2,9.364591e-05
MRC01768,Agri-Allied,104,628,1,1,1,392801.28,47510.33,39,4,69.23,2501.92,43.04,43.46,78.85,7,2,66,2,0.04,1,High,0,0.99995136
MRC01769,Textile & Apparel,26,667,2,1,1,275243.09,32631.84,44,14,4.55,1555.05,23.37,1.1,73.3,37,0,9,5,0.447,0,Low,6,6.4727734e-05
MRC01770,Textile & Apparel,29,584,1,1,1,6212262.69,372630.2,39,11,15.38,39568.55,11.01,-1.98,73.31,16,0,13,4,0.617,0,Low,6,0.00011309776
MRC01771,Textile & Apparel,67,706,2,0,1,347672.57,21804.34,42,13,7.14,2057.23,8.04,14.86,0.0,28,0,0,4,0.945,0,Low,6,6.849932e-05
MRC01772,Food & Beverages,78,643,2,0,1,775964.97,37679.76,45,16,-6.67,4287.1,20.15,4.65,0.0,28,0,13,5,0.861,0,Low,2,5.6765475e-05
MRC01773,Tech Services,25,627,1,1,1,572463.17,72015.38,35,6,48.57,4060.02,38.58,42.32,84.85,4,3,49,3,0.089,1,High,5,0.99984145
MRC01774,Construction,48,621,1,0,1,951410.1,111420.48,54,16,11.11,4384.38,13.53,1.03,0.0,32,1,9,4,0.865,0,Low,1,3.0781557e-05
MRC01775,Food & Beverages,65,644,1,1,1,348821.52,34599.33,36,10,16.67,2405.67,22.11,-5.78,33.59,26,1,12,5,0.359,0,Low,2,4.2110252e-05
MRC01776,Textile & Apparel,53,614,3,1,0,573216.82,29260.93,62,4,80.65,2302.08,64.74,45.71,97.25,0,0,47,1,0.101,1,High,6,0.999302
MRC01777,Small Mfg,67,702,3,1,1,1170266.91,49550.19,48,16,0.0,6063.56,9.98,9.09,60.66,27,0,0,5,0.797,0,Low,4,0.00012943025
MRC01778,Textile & Apparel,118,618,1,1,1,258950.3,6871.23,33,12,-9.09,1946.99,10.92,-1.75,70.96,27,1,6,4,0.617,0,Low,6,2.837054e-05
MRC01779,Retail Trader,90,777,1,1,1,2695746.26,69899.33,52,19,-9.62,12898.31,16.35,5.16,40.39,41,1,12,4,0.983,0,Low,3,0.0001288935
MRC01780,Food & Beverages,18,767,1,1,1,3025468.83,134112.07,43,6,58.14,17488.26,50.68,45.2,84.88,3,1,67,2,0.116,1,High,2,0.9998801
MRC01781,Retail Trader,9,578,2,0,1,1510258.15,49943.07,39,12,7.69,9619.48,8.01,-9.34,0.0,36,0,9,4,0.821,0,Low,3,0.0001017492
MRC01782,Tech Services,38,655,2,0,0,793216.65,73209.14,44,14,4.55,4481.45,13.52,10.39,0.0,0,0,13,4,0.925,0,Low,5,5.2960662e-05
MRC01783,Agri-Allied,87,597,1,0,1,20156.42,1341.44,37,13,-5.41,135.28,6.44,13.55,0.0,23,0,8,4,0.443,0,Low,0,0.00015257807
MRC01784,Small Mfg,21,623,2,1,1,1213657.83,94474.71,40,7,47.5,7538.25,44.11,30.7,79.27,6,1,30,1,0.182,1,High,4,0.9990514
MRC01785,Small Mfg,65,810,2,1,1,456070.88,44343.19,54,15,16.67,2101.71,11.68,4.94,41.25,35,0,1,4,0.595,0,Low,4,8.607105e-05
MRC01786,Tech Services,21,625,3,0,0,542786.16,57363.39,42,13,7.14,3211.75,11.73,7.93,0.0,0,0,4,4,0.695,0,Low,5,4.9487113e-05
MRC01787,Small Mfg,27,678,1,1,1,74842.95,7803.59,38,13,-2.63,489.17,20.83,8.65,74.62,27,0,13,4,0.978,0,Low,4,0.00016124864
MRC01788,Small Mfg,106,693,1,0,1,1318896.79,71103.51,44,7,52.27,7451.39,66.95,34.56,0.0,7,0,58,2,0.015,1,High,4,0.99984884
MRC01789,Retail Trader,70,569,1,1,0,128245.64,16062.96,56,8,57.14,569.98,68.3,18.52,84.79,0,6,66,1,0.069,1,High,3,0.9998184
MRC01790,Agri-Allied,119,581,3,0,1,840800.3,117125.38,50,8,52.0,4183.09,69.82,17.78,0.0,5,1,45,1,0.09,1,High,0,0.9987388
MRC01791,Retail Trader,44,553,2,1,1,2159935.63,131911.56,60,9,55.0,8962.39,48.92,47.12,78.14,7,2,45,3,0.046,1,High,3,0.9998696
MRC01792,Food & Beverages,100,579,2,1,0,415320.66,9227.8,38,11,13.16,2714.51,20.37,6.13,39.69,0,0,11,4,0.974,0,Low,2,9.520552e-05
MRC01793,Agri-Allied,28,421,1,1,1,3138520.51,429632.21,45,13,13.33,17339.89,14.0,2.77,63.51,25,0,4,4,0.335,0,Low,0,0.00010558168
MRC01794,Small Mfg,45,693,1,0,1,297631.54,41686.67,37,2,83.78,1997.53,51.92,40.69,0.0,9,1,64,3,0.04,1,High,4,0.9979874
MRC01795,Retail Trader,17,814,1,1,0,1499316.19,39916.35,54,18,0.0,6909.29,19.74,-3.46,35.68,0,1,7,3,0.697,0,Low,3,0.0001919826
MRC01796,Retail Trader,40,661,2,0,1,152398.96,3146.18,48,7,56.25,789.63,63.41,32.36,0.0,3,4,88,2,0.196,1,High,3,0.99968755
MRC01797,Small Mfg,116,536,1,1,1,2513926.73,317088.17,35,12,-2.86,17829.27,11.33,-5.83,37.71,32,0,8,3,0.845,0,Low,4,9.944665e-05
MRC01798,Retail Trader,3,598,1,1,0,2086896.22,123523.88,27,8,11.11,19145.84,24.86,10.27,48.93,0,0,5,3,0.739,0,Low,3,0.000106024905
MRC01799,Retail Trader,76,613,2,1,1,1279563.43,177725.83,56,19,-1.79,5686.95,22.52,-5.71,35.6,26,0,1,5,0.972,0,Low,3,5.7824815e-05
MRC01800,Retail Trader,103,568,1,1,1,455002.88,21920.52,48,5,68.75,2357.53,58.84,19.33,96.67,4,3,48,2,0.2,1,High,3,0.9993837
MRC01801,Construction,76,718,2,1,1,135618.25,17894.84,48,17,-6.25,702.69,16.87,10.44,65.1,24,0,6,3,0.902,0,Low,1,0.00015031222
MRC01802,Food & Beverages,66,714,1,1,0,456448.71,13202.21,45,6,60.0,2521.82,51.49,15.15,91.44,0,5,75,3,0.034,1,High,2,0.9993456
MRC01803,Textile & Apparel,46,557,3,0,1,2764495.21,148958.72,56,18,3.57,12286.65,5.75,1.58,0.0,34,2,8,4,0.51,0,Low,6,0.0006181337
MRC01804,Textile & Apparel,86,708,2,1,0,852521.96,124900.23,30,8,20.0,7045.64,5.23,-8.41,68.48,0,0,1,4,0.697,0,Low,6,0.00020665584
MRC01805,Textile & Apparel,87,772,3,0,1,113137.11,5663.14,42,12,14.29,669.45,16.68,6.94,0.0,32,2,4,4,0.619,0,Low,6,0.0011293762
MRC01806,Food & Beverages,30,802,2,0,1,189155.9,7053.94,54,17,5.56,871.69,11.4,-2.93,0.0,32,0,12,5,0.478,0,Low,2,0.00017077065
MRC01807,Small Mfg,69,879,3,1,1,3281403.16,431232.5,39,12,7.69,20900.66,19.07,-7.68,62.49,32,0,0,4,0.793,0,Low,4,0.00016979888
MRC01808,Retail Trader,9,577,3,1,1,1309944.47,46259.51,52,4,76.92,6267.68,65.35,40.09,96.82,9,3,75,2,0.167,1,High,3,0.9996816
MRC01809,Retail Trader,85,875,2,0,1,165909.85,5420.16,44,16,-9.09,937.34,20.33,-6.51,0.0,23,2,4,5,0.554,0,Low,3,0.0011308565
MRC01810,Retail Trader,11,621,3,1,1,87640.82,5437.7,41,15,-9.76,531.16,21.26,2.66,33.55,28,0,2,5,0.578,0,Low,3,5.731923e-05
MRC01811,Small Mfg,69,602,1,0,1,344534.48,35346.72,49,16,2.04,1748.91,18.14,9.71,0.0,33,0,5,4,0.581,0,Low,4,6.4741194e-05
MRC01812,Food & Beverages,99,676,1,1,0,79092.2,8889.73,47,6,61.7,418.48,57.42,39.6,85.19,0,1,59,2,0.042,1,High,2,0.99991274
MRC01813,Retail Trader,91,603,1,1,1,605009.0,81410.64,53,18,-1.89,2840.42,24.77,12.42,35.34,44,1,5,4,0.532,0,Low,3,0.000109424975
MRC01814,Retail Trader,113,681,2,1,1,13824465.55,1248604.97,52,15,13.46,66145.77,11.13,-1.71,51.34,31,0,8,4,0.35,0,Low,3,0.00011647079
MRC01815,Retail Trader,66,544,2,1,1,107328.84,7635.84,43,15,-4.65,620.4,15.29,-0.09,52.87,26,0,9,3,0.781,0,Low,3,0.00014484221
MRC01816,Construction,88,630,2,0,0,583482.19,38888.15,34,11,2.94,4258.99,15.41,-6.71,0.0,0,0,11,4,0.958,0,Low,1,6.734487e-05
MRC01817,Textile & Apparel,31,752,1,1,1,3521198.21,458098.57,37,10,18.92,23632.2,13.57,6.11,59.86,30,0,6,3,0.369,0,Low,6,0.00013059199
MRC01818,Food & Beverages,33,645,1,0,0,1792112.11,204472.81,50,4,76.0,8915.98,56.5,46.92,0.0,0,5,81,2,0.179,1,High,2,0.9997043
MRC01819,Small Mfg,39,661,1,0,0,610181.14,84025.46,55,17,7.27,2761.0,12.08,14.35,0.0,0,0,7,4,0.562,0,Low,4,9.672852e-05
MRC01820,Textile & Apparel,94,688,2,1,1,611935.15,88929.24,45,16,-6.67,3380.86,9.3,7.46,30.09,38,0,10,3,0.773,0,Low,6,0.000116151925
MRC01821,Retail Trader,46,743,1,0,1,182208.75,10751.52,43,12,16.28,1053.23,23.0,8.97,0.0,30,0,11,3,0.922,0,Low,3,0.0001265956
MRC01822,Retail Trader,37,517,3,1,1,529036.7,47008.95,40,3,77.5,3285.94,49.11,53.72,93.07,6,1,79,3,0.024,1,High,3,0.99990606
MRC01823,Small Mfg,115,696,1,1,1,976889.53,99776.28,36,10,16.67,6737.17,10.76,7.82,39.59,33,0,5,4,0.466,0,Low,4,0.00010220937
MRC01824,Food & Beverages,92,628,1,0,1,2747319.46,113465.29,43,14,2.33,15880.46,16.31,3.93,0.0,32,0,5,4,0.959,0,Low,2,4.6556062e-05
MRC01825,Small Mfg,60,663,3,1,1,346552.38,9334.43,56,18,3.57,1540.23,22.06,0.1,33.22,40,0,2,4,0.606,0,Low,4,6.779113e-05
MRC01826,Agri-Allied,31,734,2,1,1,580820.97,77138.43,45,16,-6.67,3208.96,23.69,9.57,41.82,25,0,8,4,0.982,0,Low,0,0.00011077974
MRC01827,Retail Trader,11,554,1,1,1,233501.51,20925.95,37,13,-5.41,1567.12,6.5,14.46,49.58,28,0,6,4,0.826,0,Low,3,6.369312e-05
MRC01828,Construction,87,568,2,1,1,955882.44,90044.75,50,18,-8.0,4755.63,20.74,-7.63,49.87,25,0,2,4,0.621,0,Low,1,0.000121078716
MRC01829,Food & Beverages,2,495,1,0,1,1868292.26,172142.33,41,12,12.2,11322.98,24.33,9.72,0.0,22,0,8,5,0.599,0,Low,2,0.00010598548
MRC01830,Textile & Apparel,104,606,4,1,0,1552811.34,183456.73,50,6,64.0,7725.43,44.87,19.78,76.57,0,2,24,2,0.131,1,High,6,0.9983347
MRC01831,Construction,105,756,2,1,1,179113.6,6970.25,49,16,2.04,909.21,24.91,-2.12,51.17,42,0,5,4,0.448,0,Low,1,0.0002324979
MRC01832,Small Mfg,27,640,1,1,0,869989.0,86847.78,44,12,18.18,4915.19,24.14,-0.92,46.09,0,0,4,3,0.925,0,Low,4,6.417844e-05
MRC01833,Small Mfg,99,542,2,0,0,323587.54,26221.05,51,18,-5.88,1578.48,18.14,9.87,0.0,0,0,9,4,0.761,0,Low,4,8.3473424e-05
MRC01834,Food & Beverages,2,611,1,0,0,2454073.9,335237.69,38,3,76.32,16039.7,63.59,47.8,0.0,0,1,39,2,0.102,1,High,2,0.99937016
MRC01835,Food & Beverages,103,530,2,1,0,601044.79,52621.91,26,7,19.23,5724.24,10.93,13.47,52.69,0,3,8,5,0.965,0,Low,2,0.0011848944
MRC01836,Small Mfg,101,559,3,1,1,117781.21,16793.43,47,6,61.7,623.18,62.97,33.4,91.02,7,1,21,2,0.124,1,High,4,0.99971026
MRC01837,Retail Trader,21,681,3,1,1,560305.11,36936.93,44,12,18.18,3165.57,16.84,11.79,34.77,36,1,8,4,0.388,0,Low,3,0.000118577474
MRC01838,Textile & Apparel,58,556,1,1,1,1264474.38,184229.25,52,7,59.62,6050.12,41.63,15.11,93.16,4,4,41,1,0.107,1,High,6,0.9983885
MRC01839,Tech Services,5,739,1,1,0,977552.5,130767.72,48,13,18.75,5065.04,21.71,0.53,51.59,0,0,12,4,0.873,0,Low,5,0.00022136932
MRC01840,Retail Trader,52,644,1,1,1,394685.6,37871.75,48,15,6.25,2045.0,22.79,11.14,61.22,37,1,9,3,0.48,0,Low,3,2.074687e-05
MRC01841,Textile & Apparel,45,656,2,0,1,361375.16,23844.36,70,25,-7.14,1286.03,19.02,10.01,0.0,25,2,3,5,0.419,0,Low,6,0.00048039202
MRC01842,Textile & Apparel,85,627,2,1,1,223015.09,15359.06,45,13,13.33,1232.13,5.5,2.73,60.02,26,1,13,5,0.576,0,Low,6,5.8110443e-05
MRC01843,Textile & Apparel,93,711,2,0,1,454203.43,54712.33,47,16,-2.13,2403.19,16.94,0.27,0.0,30,0,10,5,0.938,0,Low,6,9.4841074e-05
MRC01844,Small Mfg,20,712,3,0,0,261237.5,24943.5,41,7,48.78,1583.26,66.73,50.1,0.0,0,3,75,2,0.078,1,High,4,0.9998605
MRC01845,Construction,61,676,1,1,1,2336356.41,168699.85,38,14,-10.53,15270.3,15.91,-2.04,51.63,32,2,3,5,0.319,0,Low,1,0.00082126295
MRC01846,Retail Trader,38,695,1,0,1,247368.68,25401.58,39,14,-7.69,1575.6,23.7,7.01,0.0,33,0,10,5,0.921,0,Low,3,4.469906e-05
MRC01847,Retail Trader,20,633,1,1,1,844703.84,97411.54,45,7,53.33,4666.87,32.6,29.02,95.08,7,1,67,1,0.017,1,High,3,0.99987316
MRC01848,Retail Trader,114,693,1,0,1,778531.46,17888.37,47,16,-2.13,4119.21,15.59,-3.74,0.0,30,0,3,4,0.538,0,Low,3,0.000110283945
MRC01849,Tech Services,25,622,1,0,1,2268889.22,71883.32,49,15,8.16,11517.2,13.08,10.64,0.0,31,0,6,3,0.539,0,Low,5,3.774111e-05
MRC01850,Small Mfg,2,650,2,1,1,2695898.08,87031.97,42,5,64.29,15952.06,57.74,57.49,87.36,1,3,85,3,0.056,1,High,4,0.99991584
MRC01851,Textile & Apparel,32,628,1,1,1,1681444.72,84326.8,41,13,4.88,10190.57,17.65,-6.7,34.45,32,1,13,5,0.804,0,Low,6,3.6393027e-05
MRC01852,Food & Beverages,26,613,1,1,0,1114051.59,84120.65,43,13,9.3,6439.6,10.32,-8.99,36.31,0,1,9,3,0.876,0,Low,2,4.2224256e-05
MRC01853,Tech Services,70,594,2,1,1,207238.3,25795.88,44,15,-2.27,1170.84,18.37,1.98,58.07,30,1,11,3,0.474,0,Low,5,0.00013490127
MRC01854,Food & Beverages,41,687,1,0,1,202269.43,13277.55,42,12,14.29,1196.86,20.98,4.21,0.0,31,0,0,4,0.438,0,Low,2,9.20346e-05
MRC01855,Tech Services,67,754,2,1,0,264387.48,5888.47,41,13,4.88,1602.35,13.17,-9.85,35.73,0,1,10,4,0.387,0,Low,5,0.00015294105
MRC01856,Retail Trader,97,743,1,0,1,1798215.24,148958.83,32,11,-3.12,13939.65,5.31,6.32,0.0,34,0,4,5,0.887,0,Low,3,0.00013140254
MRC01857,Food & Beverages,1,549,2,1,0,796510.76,119127.52,38,11,13.16,5205.95,22.31,2.96,68.55,0,2,0,5,0.468,0,Low,2,0.0008641663
MRC01858,Agri-Allied,51,753,3,1,1,2068612.58,135230.85,44,15,-2.27,11687.08,15.98,14.94,47.09,30,1,8,4,0.568,0,Low,0,0.00010231078
MRC01859,Food & Beverages,5,624,1,1,1,2429906.36,352246.73,52,16,7.69,11626.35,11.3,-7.39,52.41,37,1,12,5,0.509,0,Low,2,3.493089e-05
MRC01860,Small Mfg,13,698,2,1,0,305241.25,10126.34,49,14,14.29,1549.45,17.68,7.63,66.07,0,0,8,4,0.999,0,Low,4,0.00011845407
MRC01861,Food & Beverages,19,577,3,0,1,758038.3,32218.87,37,11,10.81,5087.51,18.49,-4.57,0.0,17,1,0,4,0.389,0,Low,2,0.0001286494
MRC01862,Small Mfg,12,661,2,1,1,718131.22,81964.53,36,11,8.33,4952.63,7.95,-4.84,46.32,27,0,2,5,0.528,0,Low,4,9.324093e-05
MRC01863,Retail Trader,48,675,1,0,0,492207.07,41915.18,56,16,14.29,2187.59,17.93,-9.53,0.0,0,0,3,3,0.664,0,Low,3,7.2279356e-05
MRC01864,Agri-Allied,25,531,1,0,1,383919.65,45865.28,46,15,2.17,2075.24,10.73,-9.84,0.0,27,0,0,4,0.639,0,Low,0,6.028737e-05
MRC01865,Construction,57,698,2,1,1,3022837.76,399808.34,42,15,-7.14,17886.61,21.07,-5.33,46.36,37,0,2,3,0.798,0,Low,1,0.0001077369
MRC01866,Construction,115,757,3,0,1,776355.7,40868.17,46,17,-10.87,4196.52,23.83,-5.61,0.0,27,0,5,5,0.709,0,Low,1,0.00017933123
MRC01867,Retail Trader,35,636,1,0,0,741013.22,80598.37,53,16,9.43,3478.94,7.05,-9.99,0.0,0,0,9,4,0.667,0,Low,3,5.690498e-05
MRC01868,Retail Trader,76,758,1,1,0,278358.96,27554.24,50,18,-8.0,1384.87,23.35,7.93,60.24,0,0,3,5,0.861,0,Low,3,0.00031401496
MRC01869,Retail Trader,94,634,1,1,1,1640078.91,216489.68,47,17,-8.51,8677.67,23.07,2.59,65.33,30,0,5,4,0.846,0,Low,3,5.278847e-05
MRC01870,Small Mfg,5,717,1,0,1,218353.59,16575.99,48,15,6.25,1131.37,11.86,-0.1,0.0,23,0,3,5,0.728,0,Low,4,0.00011919599
MRC01871,Food & Beverages,98,472,1,1,1,1259073.43,33671.6,50,18,-8.0,6264.05,5.58,-7.41,50.53,28,0,8,4,0.645,0,Low,2,0.000104432984
MRC01872,Retail Trader,22,843,1,1,0,1301040.95,123135.98,61,23,-13.11,5310.37,18.26,-1.65,55.21,0,0,10,4,0.658,0,Low,3,0.00022840626
MRC01873,Agri-Allied,103,769,1,1,1,444622.97,64316.57,37,13,-5.41,2984.05,11.89,1.76,43.0,25,0,2,5,0.456,0,Low,0,0.00014316305
MRC01874,Food & Beverages,77,627,1,1,0,1067876.33,23388.68,45,4,73.33,5899.87,55.04,26.99,89.1,0,0,85,2,0.07,1,High,2,0.9960531
MRC01875,Food & Beverages,57,492,3,1,1,911460.44,46697.34,60,20,0.0,3781.99,7.17,2.76,37.79,20,0,9,4,0.726,0,Low,2,0.00012040541
MRC01876,Agri-Allied,47,673,1,1,1,695765.01,42503.46,46,14,8.7,3760.89,8.92,-9.51,68.01,32,0,3,5,0.372,0,Low,0,8.25033e-05
MRC01877,Small Mfg,54,534,1,1,1,740834.68,88573.49,49,18,-10.2,3760.58,9.75,-4.81,54.37,44,2,4,5,0.809,0,Low,4,0.00053381163
MRC01878,Agri-Allied,3,685,1,0,0,785549.06,48724.47,38,11,13.16,5134.31,20.92,-1.14,0.0,0,1,13,4,0.387,0,Low,0,0.00014369767
MRC01879,Textile & Apparel,53,682,3,1,1,852470.61,43544.97,45,16,-6.67,4709.78,20.68,1.4,68.88,39,0,1,4,0.686,0,Low,6,9.308342e-05
MRC01880,Agri-Allied,84,574,2,1,0,784098.9,81791.35,35,10,14.29,5560.99,14.89,6.86,35.12,0,0,5,5,0.732,0,Low,0,0.00010676523
MRC01881,Small Mfg,31,739,2,1,0,193951.42,5049.08,42,12,14.29,1147.64,16.07,4.76,56.74,0,0,8,4,0.385,0,Low,4,0.00029619792
MRC01882,Tech Services,69,714,1,0,1,607645.46,25629.02,47,17,-8.51,3215.06,23.36,2.73,0.0,32,0,12,4,0.416,0,Low,5,0.00011811016
MRC01883,Small Mfg,88,728,3,1,1,1002430.71,73221.48,49,18,-10.2,5088.48,23.16,10.95,35.62,44,0,8,4,0.453,0,Low,4,0.00013589334
MRC01884,Food & Beverages,104,650,1,1,1,819743.26,54289.95,51,7,58.82,3998.75,34.32,52.66,84.55,3,3,88,2,0.116,1,High,2,0.99991715
MRC01885,Retail Trader,118,536,1,1,1,2291003.09,149216.6,56,21,-12.5,10182.24,12.49,-8.05,31.5,20,1,10,5,0.851,0,Low,3,9.946837e-05
MRC01886,Agri-Allied,33,728,2,1,1,1535096.66,52365.45,43,15,-4.65,8873.39,12.33,10.96,72.39,33,1,7,4,0.644,0,Low,0,0.00010534134
MRC01887,Retail Trader,72,628,3,1,1,256660.26,17172.93,44,7,52.27,1450.06,34.81,47.12,81.1,4,2,52,2,0.115,1,High,3,0.99988234
MRC01888,Retail Trader,88,538,2,0,1,597223.96,73899.93,47,16,-2.13,3159.92,23.53,3.83,0.0,38,1,0,4,0.444,0,Low,3,0.00012368284
MRC01889,Small Mfg,50,758,3,1,1,502020.39,37048.98,38,14,-10.53,3281.18,20.97,10.93,60.21,37,0,6,5,0.814,0,Low,4,0.0001309887
MRC01890,Construction,84,817,3,1,1,725620.05,69806.28,48,17,-6.25,3759.69,20.14,13.65,43.66,28,0,6,3,0.766,0,Low,1,0.00017526178
MRC01891,Retail Trader,16,646,1,0,0,726811.41,29992.11,29,10,-3.45,6212.06,16.16,3.8,0.0,0,0,7,4,0.764,0,Low,3,5.8166774e-05
MRC01892,Textile & Apparel,114,822,1,0,0,1519399.89,44157.52,41,12,12.2,9208.48,11.77,10.31,0.0,0,0,5,4,0.883,0,Low,6,0.00021652381
MRC01893,Food & Beverages,116,657,1,1,1,902382.74,121275.08,54,9,50.0,4158.45,50.76,18.3,83.85,9,7,78,2,0.199,1,High,2,0.9971616
MRC01894,Retail Trader,76,619,3,1,0,3193582.89,201446.22,56,4,78.57,14193.7,55.96,45.27,76.41,0,4,83,1,0.121,1,High,3,0.9998584
MRC01895,Agri-Allied,77,599,1,1,1,974036.22,63842.07,63,21,0.0,3849.95,19.56,13.9,69.66,29,0,11,4,0.846,0,Low,0,0.00012783632
MRC01896,Food & Beverages,109,780,3,0,1,269221.94,36102.51,40,14,-5.0,1672.19,20.54,10.44,0.0,30,0,2,3,0.917,0,Low,2,0.00010836654
MRC01897,Small Mfg,106,587,1,0,1,416342.39,46634.63,38,14,-10.53,2721.19,12.17,8.84,0.0,33,2,0,4,0.99,0,Low,4,0.0007432526
MRC01898,Retail Trader,39,708,1,0,1,1505366.4,178106.15,43,15,-4.65,8701.54,5.12,1.05,0.0,26,1,10,5,0.944,0,Low,3,6.4678556e-05
MRC01899,Textile & Apparel,89,605,1,1,0,105134.74,11423.99,38,11,13.16,687.16,23.77,13.56,73.24,0,0,2,4,0.971,0,Low,6,0.00017281856
MRC01900,Food & Beverages,46,613,1,1,1,145065.91,4896.41,41,12,12.2,879.19,13.74,2.25,33.18,20,2,0,4,0.32,0,Low,2,0.00042498022
MRC01901,Agri-Allied,96,732,3,1,0,738839.99,106791.53,44,13,11.36,4174.24,24.49,8.02,51.48,0,0,9,5,0.838,0,Low,0,0.0002020753
MRC01902,Retail Trader,88,619,1,1,1,2283241.14,315515.88,52,18,-3.85,10924.6,18.55,-7.49,68.48,41,0,11,4,0.346,0,Low,3,5.3587162e-05
MRC01903,Food & Beverages,112,617,1,0,1,3500591.52,177510.15,49,4,75.51,17769.5,64.0,47.23,0.0,7,1,70,2,0.082,1,High,2,0.99966824
MRC01904,Retail Trader,47,740,1,0,1,562121.39,69994.93,39,11,15.38,3580.39,11.54,0.61,0.0,29,0,12,4,0.338,0,Low,3,0.00010514674
MRC01905,Food & Beverages,44,777,1,0,0,2605133.36,190751.87,52,6,65.38,12464.75,48.84,29.1,0.0,0,1,83,1,0.164,1,High,2,0.998013
MRC01906,Retail Trader,9,701,1,0,1,795496.31,86621.36,36,13,-8.33,5486.18,17.99,10.14,0.0,27,2,9,4,0.895,0,Low,3,0.0007272464
MRC01907,Construction,104,597,1,0,1,116111.01,4821.9,51,14,17.65,566.4,9.64,-3.98,0.0,36,0,5,4,0.717,0,Low,1,0.00014033551
MRC01908,Textile & Apparel,114,609,3,1,0,722381.13,65023.01,57,16,15.79,3154.5,8.54,9.36,68.65,0,1,13,5,0.544,0,Low,6,6.2970095e-05
MRC01909,Textile & Apparel,87,656,1,1,1,347079.89,12654.57,44,14,4.55,1960.9,10.54,12.25,73.05,25,0,13,5,0.741,0,Low,6,3.2759137e-05
MRC01910,Retail Trader,50,675,1,1,1,2195404.91,196931.62,44,13,11.36,12403.42,20.74,10.46,42.64,30,0,0,5,0.705,0,Low,3,7.019072e-05
MRC01911,Textile & Apparel,77,570,2,1,1,707285.5,36543.47,44,13,11.36,3995.96,9.84,5.56,62.87,28,0,10,5,0.896,0,Low,6,0.00011669345
MRC01912,Tech Services,60,707,1,1,1,157393.49,12405.86,47,14,10.64,832.77,19.04,10.25,33.62,32,1,0,3,0.35,0,Low,5,0.00013301555
MRC01913,Construction,96,656,1,1,1,120612.98,12885.81,44,15,-2.27,681.43,22.4,11.94,63.37,30,1,3,4,0.602,0,Low,1,6.689994e-05
MRC01914,Textile & Apparel,114,512,2,0,1,711281.86,95325.78,45,12,20.0,3929.73,12.83,3.88,0.0,27,0,10,3,0.402,0,Low,6,0.00012501821
MRC01915,Textile & Apparel,15,575,1,1,1,39964.19,1658.02,39,14,-7.69,254.55,5.14,10.25,35.31,30,1,6,5,0.697,0,Low,6,0.00011379443
MRC01916,Small Mfg,36,609,2,0,1,391680.47,53317.5,40,3,77.5,2432.8,60.32,56.39,0.0,4,5,88,2,0.009,1,High,4,0.9999006
MRC01917,Tech Services,113,644,2,0,0,962449.03,68049.86,43,5,65.12,5563.29,53.25,20.86,0.0,0,2,72,2,0.191,1,High,5,0.99732083
MRC01918,Small Mfg,63,801,2,0,1,205167.13,26608.85,40,14,-5.0,1274.33,8.8,-8.68,0.0,26,0,3,4,0.723,0,Low,4,0.00020167838
MRC01919,Textile & Apparel,69,669,3,1,1,2404336.62,208290.64,50,18,-8.0,11961.87,10.79,12.09,53.98,19,0,4,5,0.822,0,Low,6,0.00010636667
MRC01920,Textile & Apparel,86,582,1,1,1,3045598.1,402284.26,49,14,14.29,15459.89,15.88,-6.49,44.66,28,0,5,5,0.373,0,Low,6,0.000103891456
MRC01921,Small Mfg,80,667,1,1,0,215336.86,22861.7,52,18,-3.85,1030.32,5.42,-3.1,61.98,0,0,7,5,0.847,0,Low,4,0.00021890749
MRC01922,Retail Trader,41,621,1,1,1,510092.31,43935.83,37,13,-5.41,3423.44,6.29,-2.06,58.24,31,1,10,4,0.641,0,Low,3,2.7777729e-05
MRC01923,Small Mfg,74,675,1,1,1,2406374.42,145898.53,56,18,3.57,10695.0,22.11,-7.1,38.53,24,0,9,4,0.673,0,Low,4,9.72342e-05
MRC01924,Textile & Apparel,24,696,3,1,0,728272.78,106297.37,36,12,0.0,5022.57,15.45,13.04,40.9,0,0,9,3,0.374,0,Low,6,0.00019185597
MRC01925,Food & Beverages,82,746,2,1,1,136847.95,16985.11,57,5,73.68,597.59,69.37,32.05,90.13,7,1,83,1,0.166,1,High,2,0.9998412
MRC01926,Retail Trader,49,648,2,1,1,614162.43,42717.66,42,13,7.14,3634.1,5.07,11.63,60.38,29,0,10,5,0.778,0,Low,3,4.0616687e-05
MRC01927,Small Mfg,18,781,2,0,1,262101.21,10922.82,46,3,80.43,1416.76,38.32,31.61,0.0,4,3,87,1,0.033,1,High,4,0.9999063
MRC01928,Agri-Allied,7,722,1,0,1,2757506.74,334594.78,49,18,-10.2,13997.5,19.79,-8.62,0.0,23,0,10,4,0.838,0,Low,0,9.191655e-05
MRC01929,Small Mfg,4,593,2,1,1,1509242.63,224413.45,37,13,-5.41,10129.15,14.53,-5.43,51.02,31,0,6,5,0.669,0,Low,4,9.920371e-05
MRC01930,Retail Trader,90,826,2,0,1,500564.46,28165.13,44,5,65.91,2828.05,62.3,35.82,0.0,6,0,66,1,0.128,1,High,3,0.9999018
MRC01931,Agri-Allied,69,676,2,1,1,865080.3,120299.97,49,6,63.27,4391.27,55.11,57.55,94.71,3,2,63,1,0.122,1,High,0,0.9999577
MRC01932,Agri-Allied,60,583,1,1,1,151790.13,5509.71,46,15,2.17,820.49,15.08,12.32,41.9,32,0,0,4,0.464,0,Low,0,0.0001349651
MRC01933,Agri-Allied,55,782,2,1,0,295217.32,42448.36,46,3,80.43,1595.77,57.6,44.33,88.96,0,2,33,2,0.05,1,High,0,0.99985695
MRC01934,Small Mfg,16,816,1,0,1,4704052.95,549875.84,40,5,62.5,29217.72,31.97,36.91,0.0,6,2,54,2,0.08,1,High,4,0.99987817
MRC01935,Small Mfg,99,647,2,1,0,777794.46,50601.37,48,14,12.5,4030.02,21.07,7.34,57.63,0,0,5,4,0.552,0,Low,4,7.293838e-05
MRC01936,Food & Beverages,90,609,2,1,1,2226859.75,132725.6,61,19,6.56,9089.22,10.54,1.06,67.78,40,0,7,4,0.686,0,Low,2,6.0269955e-05
MRC01937,Retail Trader,82,636,1,1,1,963584.73,99872.28,42,14,0.0,5701.68,18.49,-4.63,55.63,25,1,6,4,0.378,0,Low,3,5.0952665e-05
MRC01938,Food & Beverages,29,707,2,1,1,3531164.32,343073.55,47,15,4.26,18683.41,17.86,4.75,56.86,25,0,3,4,0.817,0,Low,2,9.598711e-05
MRC01939,Agri-Allied,23,752,3,1,1,66263.53,9241.23,41,13,4.88,401.6,22.12,10.93,60.3,33,1,6,5,0.461,0,Low,0,0.00016464354
MRC01940,Retail Trader,117,695,1,1,1,581949.47,69607.91,40,14,-5.0,3614.59,22.37,13.17,38.84,37,0,4,4,0.872,0,Low,3,0.00011746177
MRC01941,Retail Trader,14,658,3,0,0,5249996.54,473798.71,39,12,7.69,33439.47,10.37,-8.53,0.0,0,0,1,5,0.83,0,Low,3,7.154089e-05
MRC01942,Textile & Apparel,79,769,2,1,0,2297674.59,323015.27,39,13,0.0,14634.87,22.59,0.47,68.43,0,0,1,5,0.564,0,Low,6,0.00026236763
MRC01943,Food & Beverages,49,624,2,0,1,3578472.93,347308.63,45,6,60.0,19770.57,57.88,33.42,0.0,2,4,18,3,0.016,1,High,2,0.9996824
MRC01944,Small Mfg,33,732,3,0,1,723519.29,94389.62,46,13,15.22,3910.92,7.19,-1.55,0.0,29,0,7,4,0.942,0,Low,4,0.000112026566
MRC01945,Food & Beverages,25,626,2,0,1,382878.24,49514.79,43,6,58.14,2213.17,47.31,48.91,0.0,3,1,44,1,0.159,1,High,2,0.9913549
MRC01946,Agri-Allied,21,684,3,1,1,212649.95,29663.67,39,4,69.23,1354.46,40.24,35.46,79.65,6,2,61,1,0.144,1,High,0,0.9999479
MRC01947,Textile & Apparel,17,640,1,0,1,195572.47,5630.19,42,14,0.0,1157.23,13.04,9.56,0.0,22,0,4,3,0.341,0,Low,6,6.0547907e-05
MRC01948,Retail Trader,23,645,1,0,1,1921223.3,184238.7,45,16,-6.67,10614.49,19.1,8.22,0.0,28,0,11,5,0.369,0,Low,3,4.624261e-05
MRC01949,Textile & Apparel,57,619,2,1,1,1350321.49,109228.91,51,15,11.76,6586.93,7.59,12.46,49.07,48,0,1,4,0.349,0,Low,6,4.5444085e-05
MRC01950,Textile & Apparel,107,757,3,1,1,673411.5,56412.02,39,14,-7.69,4289.25,21.4,2.37,32.59,33,1,12,4,0.371,0,Low,6,0.00017459127
MRC01951,Retail Trader,81,591,3,0,0,1342210.96,107092.84,38,11,13.16,8772.62,5.53,9.7,0.0,0,0,12,5,0.503,0,Low,3,0.00012231832
MRC01952,Retail Trader,58,590,2,1,1,865395.68,111524.12,37,13,-5.41,5808.02,16.57,-9.72,55.23,23,2,10,4,0.825,0,Low,3,0.0007573965
MRC01953,Small Mfg,14,819,2,1,1,2314400.48,142095.57,63,8,61.9,9147.83,67.6,25.98,76.47,4,0,30,1,0.05,1,High,4,0.99693274
MRC01954,Food & Beverages,93,728,1,0,1,2288081.17,183407.19,56,19,-1.79,10169.25,18.35,12.98,0.0,18,2,8,4,0.506,0,Low,2,0.0008617258
MRC01955,Construction,20,459,4,1,0,202997.93,9355.92,41,14,-2.44,1230.29,15.51,11.03,69.88,0,0,11,4,0.38,0,Low,1,0.00016592215
MRC01956,Construction,30,604,1,1,0,1012947.73,53405.81,41,5,63.41,6139.08,64.14,22.6,77.32,0,1,35,1,0.061,1,High,1,0.992588
MRC01957,Small Mfg,19,505,2,1,1,98455.5,10421.97,41,12,12.2,596.7,22.25,3.6,34.67,25,1,8,5,0.52,0,Low,4,0.0001366333
MRC01958,Textile & Apparel,53,573,2,1,0,855657.01,30120.56,42,13,7.14,5063.06,11.73,-6.25,65.32,0,0,4,5,0.937,0,Low,6,9.491173e-05
MRC01959,Small Mfg,103,398,2,1,1,1506297.39,66904.96,46,16,-4.35,8142.15,15.57,-8.65,57.98,30,2,13,5,0.706,0,Low,4,0.00078263925
MRC01960,Food & Beverages,56,639,1,0,1,150773.92,13365.28,37,14,-13.51,1011.91,11.36,-3.6,0.0,40,1,8,5,0.783,0,Low,2,5.2481282e-05
MRC01961,Retail Trader,77,558,4,1,1,442521.67,11368.6,51,7,58.82,2158.64,45.71,36.78,81.93,4,1,52,1,0.177,1,High,3,0.9988709
MRC01962,Textile & Apparel,82,654,2,0,1,737802.65,26930.17,63,20,4.76,2916.22,13.45,4.02,0.0,31,0,7,4,0.875,0,Low,6,5.4769902e-05
MRC01963,Food & Beverages,23,519,3,1,0,965786.33,127711.61,42,15,-7.14,5714.71,7.31,-1.69,31.91,0,1,1,5,0.655,0,Low,2,0.00010358164
MRC01964,Textile & Apparel,62,656,1,0,1,522131.92,67876.67,41,12,12.2,3164.44,18.22,-0.3,0.0,28,0,7,5,0.982,0,Low,6,5.1507748e-05
MRC01965,Agri-Allied,110,616,2,1,1,178662.57,11650.75,38,12,5.26,1167.73,5.22,-9.34,38.6,26,0,0,3,0.863,0,Low,0,7.07885e-05
MRC01966,Small Mfg,33,770,2,0,1,683643.16,44600.11,56,18,3.57,3038.41,10.95,3.72,0.0,37,0,13,5,0.955,0,Low,4,0.00012965321
MRC01967,Retail Trader,103,762,2,1,1,100439.19,14236.95,37,3,75.68,674.09,52.42,27.92,88.16,2,0,78,1,0.026,1,High,3,0.9995602
MRC01968,Textile & Apparel,104,712,3,1,1,551738.94,12888.26,45,14,6.67,3048.28,6.88,-1.64,63.52,32,0,2,4,0.514,0,Low,6,0.00012988732
MRC01969,Textile & Apparel,18,623,1,1,0,429489.11,40989.76,33,3,72.73,3229.24,51.2,53.76,78.0,0,8,50,1,0.17,1,High,6,0.9994161
MRC01970,Retail Trader,73,808,1,1,0,620872.6,60634.9,35,4,65.71,4403.35,67.05,39.14,89.75,0,2,23,2,0.1,1,High,3,0.9999372
MRC01971,Retail Trader,33,525,2,1,1,372806.06,45640.9,37,13,-5.41,2502.05,23.09,-6.78,44.2,33,0,8,4,0.784,0,Low,3,8.732736e-05
MRC01972,Food & Beverages,32,537,1,0,1,119465.51,17170.49,39,12,7.69,760.93,16.2,10.42,0.0,23,0,7,5,0.682,0,Low,2,0.00011500024
MRC01973,Retail Trader,61,643,4,0,1,469953.02,31137.95,48,7,56.25,2434.99,30.7,58.17,0.0,0,2,77,2,0.031,1,High,3,0.9999156
MRC01974,Agri-Allied,54,830,1,1,1,2228822.89,171437.38,52,7,59.62,10664.22,39.54,55.88,89.33,4,1,35,2,0.16,1,High,0,0.99963224
MRC01975,Textile & Apparel,17,633,2,1,0,3314286.63,355519.56,40,12,10.0,20585.63,19.99,12.47,41.48,0,0,5,4,0.591,0,Low,6,5.8621783e-05
MRC01976,Construction,19,635,1,0,1,13622060.53,1985351.45,61,21,-3.28,55600.25,12.91,-6.46,0.0,44,0,12,4,0.658,0,Low,1,4.1973137e-05
MRC01977,Retail Trader,91,534,2,0,0,5553730.88,754213.35,37,12,2.7,37273.36,10.54,5.03,0.0,0,0,13,4,0.997,0,Low,3,0.00011054938
MRC01978,Textile & Apparel,70,725,1,0,0,173455.18,18510.6,39,13,0.0,1104.81,5.95,5.44,0.0,0,0,10,4,0.754,0,Low,6,0.00023798742
MRC01979,Tech Services,99,726,1,1,1,446803.81,58698.43,38,13,-2.63,2920.29,8.83,-9.07,36.32,30,0,6,4,0.725,0,Low,5,0.00010921971
MRC01980,Food & Beverages,101,713,1,0,1,709742.31,22056.36,39,13,0.0,4520.65,20.55,5.24,0.0,17,0,9,5,0.367,0,Low,2,0.00013491235
MRC01981,Retail Trader,34,599,1,1,0,658242.18,45436.16,36,13,-8.33,4539.6,7.17,7.36,41.09,0,1,3,5,0.611,0,Low,3,9.380545e-05
MRC01982,Food & Beverages,84,593,4,0,1,792890.17,17207.32,39,14,-7.69,5050.26,7.59,12.75,0.0,32,0,9,3,0.789,0,Low,2,0.00013670055
MRC01983,Textile & Apparel,25,546,1,0,1,13112935.0,564792.35,55,4,78.18,59334.55,31.88,42.45,0.0,5,3,67,2,0.173,1,High,6,0.99977416
MRC01984,Agri-Allied,68,656,2,0,0,199095.15,20300.54,53,20,-13.21,934.72,12.91,2.11,0.0,0,0,6,5,0.906,0,Low,0,9.580166e-05
MRC01985,Retail Trader,74,563,4,1,1,309824.92,41864.48,37,10,18.92,2079.36,8.78,11.33,44.59,30,0,0,4,0.333,0,Low,3,8.26418e-05
MRC01986,Retail Trader,74,555,2,1,1,5243978.98,536256.84,47,17,-8.51,27745.92,23.09,-1.16,36.76,30,0,3,3,0.528,0,Low,3,0.000115206916
MRC01987,Small Mfg,88,616,4,0,1,348301.02,37037.62,55,6,67.27,1576.02,36.12,46.87,0.0,2,3,83,1,0.17,1,High,4,0.9996184
MRC01988,Agri-Allied,85,610,4,1,0,1169745.52,39182.74,41,12,12.2,7089.37,23.39,11.1,51.98,0,0,5,5,0.789,0,Low,0,4.9461636e-05
MRC01989,Textile & Apparel,11,606,2,0,1,2524589.02,268696.71,51,18,-5.88,12315.07,24.7,5.09,0.0,40,1,9,3,0.908,0,Low,6,4.8228037e-05
MRC01990,Small Mfg,91,687,2,1,1,1307724.05,103395.3,45,5,66.67,7224.99,49.29,38.89,95.24,4,3,44,3,0.05,1,High,4,0.99995446
MRC01991,Food & Beverages,16,656,1,1,0,918152.48,96118.84,50,6,64.0,4567.92,56.89,17.13,82.98,0,0,83,2,0.051,1,High,2,0.99391454
MRC01992,Retail Trader,90,626,1,0,0,2249757.35,140390.49,46,14,8.7,12160.85,9.8,12.65,0.0,0,0,12,5,0.37,0,Low,3,4.1319632e-05
MRC01993,Small Mfg,61,664,3,1,0,249775.48,23876.83,42,12,14.29,1477.96,10.35,5.91,63.86,0,1,4,5,0.309,0,Low,4,0.00023380456
MRC01994,Retail Trader,94,570,2,1,0,402063.07,30206.6,38,11,13.16,2627.86,15.86,11.0,37.44,0,0,11,3,0.891,0,Low,3,0.00011161455
MRC01995,Food & Beverages,113,658,2,0,0,1387154.53,128482.16,38,11,13.16,9066.37,8.17,-1.38,0.0,0,0,12,5,0.91,0,Low,2,6.28832e-05
MRC01996,Small Mfg,80,662,2,1,1,60880.79,2381.76,44,14,4.55,343.96,6.54,-2.69,33.42,21,1,11,4,0.954,0,Low,4,0.00013308229
MRC01997,Construction,7,529,1,0,1,3992389.92,285285.13,36,12,0.0,27533.72,8.53,-3.6,0.0,33,1,7,4,0.66,0,Low,1,8.714759e-05
MRC01998,Retail Trader,16,729,3,1,1,1049758.66,72072.47,41,14,-2.44,6362.17,11.55,2.28,49.89,33,0,6,5,0.688,0,Low,3,0.000109737615
MRC01999,Retail Trader,99,579,2,0,1,876452.78,101433.01,45,14,6.67,4842.28,5.98,0.8,0.0,34,0,13,4,0.618,0,Low,3,0.00011768443
MRC02000,Textile & Apparel,16,657,1,1,1,103092.77,11529.2,49,18,-10.2,523.31,8.91,11.36,31.47,30,0,7,5,0.616,0,Low,6,5.5411932e-05
MRC02001,Retail Trader,40,743,3,0,1,155759.6,21518.44,53,16,9.43,731.27,8.35,-7.18,0.0,36,1,11,5,0.712,0,Low,3,0.00012420889
MRC02002,Retail Trader,12,724,1,0,0,452118.5,46191.69,41,12,12.2,2740.11,20.45,3.85,0.0,0,0,12,3,0.529,0,Low,3,0.00015589106
MRC02003,Tech Services,35,652,2,0,1,1922074.87,117037.3,39,4,69.23,12242.52,55.85,23.3,0.0,4,2,48,2,0.037,1,High,5,0.99933344
MRC02004,Retail Trader,113,621,2,0,1,60358.72,7352.85,49,16,2.04,306.39,20.83,13.44,0.0,33,1,6,3,0.804,0,Low,3,6.598793e-05
MRC02005,Retail Trader,21,725,1,1,0,1878600.72,158947.83,50,19,-14.0,9346.27,15.16,9.71,57.87,0,0,2,4,0.721,0,Low,3,0.00015232804
MRC02006,Food & Beverages,50,703,3,0,0,473526.15,21381.66,44,14,4.55,2675.29,20.16,0.83,0.0,0,1,11,5,0.699,0,Low,2,0.00012928777
MRC02007,Textile & Apparel,43,600,2,1,1,557875.91,65362.69,55,19,-3.64,2524.33,14.01,6.02,69.92,29,0,5,3,0.779,0,Low,6,6.856761e-05
MRC02008,Food & Beverages,100,586,1,0,1,988863.45,36814.48,45,13,13.33,5463.33,23.02,8.64,0.0,22,1,10,5,0.425,0,Low,2,0.00012610067
MRC02009,Retail Trader,112,484,1,1,1,1007699.62,43492.25,45,16,-6.67,5567.4,10.53,-8.22,72.82,34,0,1,4,0.828,0,Low,3,0.00012418439
MRC02010,Agri-Allied,17,662,3,1,0,310235.1,36805.76,38,11,13.16,2027.68,20.34,6.84,31.77,0,0,1,4,0.92,0,Low,0,9.3723014e-05
MRC02011,Retail Trader,32,643,1,1,0,1544007.87,185464.39,49,14,14.29,7837.6,8.27,-6.51,35.16,0,2,10,5,0.738,0,Low,3,0.00065589324
MRC02012,Retail Trader,41,740,3,1,1,45103.82,5538.82,43,12,16.28,260.72,22.65,-5.28,62.7,23,0,6,3,0.959,0,Low,3,0.000127667
MRC02013,Tech Services,6,678,1,1,1,424852.5,24697.64,56,18,3.57,1888.23,5.57,1.53,57.39,19,0,3,5,0.413,0,Low,5,5.927204e-05
MRC02014,Retail Trader,88,756,2,1,1,877136.69,116357.77,42,13,7.14,5190.16,14.15,14.49,62.27,22,0,8,5,0.373,0,Low,3,0.0001904976
MRC02015,Agri-Allied,27,594,3,0,1,482174.24,54942.24,47,17,-8.51,2551.19,13.43,13.8,0.0,33,0,9,4,0.72,0,Low,0,0.00010655366
MRC02016,Textile & Apparel,20,741,1,1,1,81446.99,10459.08,41,15,-9.76,493.62,17.48,12.56,53.72,34,0,11,3,0.823,0,Low,6,0.00014147258
MRC02017,Textile & Apparel,25,607,2,1,0,1811440.34,203096.36,38,13,-2.63,11839.48,13.82,-9.14,31.4,0,0,8,3,0.427,0,Low,6,4.761785e-05
MRC02018,Tech Services,66,712,2,0,1,163069.97,15548.32,48,17,-6.25,844.92,16.78,11.32,0.0,36,1,0,4,0.458,0,Low,5,0.00014103363
MRC02019,Retail Trader,9,533,2,1,0,672651.87,23019.04,50,18,-8.0,3346.53,22.23,9.4,52.96,0,0,1,5,0.676,0,Low,3,0.00012156356
MRC02020,Small Mfg,92,668,2,0,1,876455.77,98532.65,54,19,-5.56,4038.97,7.84,2.47,0.0,36,1,4,4,0.944,0,Low,4,0.0001077708
MRC02021,Construction,53,491,2,1,1,746979.17,81988.36,44,16,-9.09,4220.22,9.88,-1.86,38.66,26,0,1,5,0.317,0,Low,1,9.0890666e-05
MRC02022,Agri-Allied,61,628,2,1,0,2966261.94,179826.21,40,15,-12.5,18423.99,21.06,8.89,59.79,0,1,10,3,0.376,0,Low,0,6.139439e-05
MRC02023,Construction,38,685,3,1,0,684254.31,79138.51,46,14,8.7,3698.67,9.56,-7.32,33.47,0,0,13,5,0.862,0,Low,1,0.00012580222
MRC02024,Retail Trader,3,608,2,1,0,1218275.0,111544.15,49,14,14.29,6184.14,23.11,6.26,69.13,0,0,1,5,0.949,0,Low,3,5.617682e-05
MRC02025,Textile & Apparel,84,565,1,1,0,682088.82,63245.19,43,14,2.33,3942.71,15.82,6.8,65.58,0,0,10,4,0.872,0,Low,6,0.00012199764
MRC02026,Retail Trader,70,717,4,1,1,1522017.48,103175.45,44,13,11.36,8598.97,6.64,3.84,43.78,36,1,4,4,0.759,0,Low,3,0.00011082253
MRC02027,Food & Beverages,103,641,1,1,1,3883294.14,136622.27,51,15,11.76,18942.9,5.41,11.94,69.76,35,1,6,5,0.895,0,Low,2,5.0579125e-05
MRC02028,Construction,97,610,1,0,1,860311.83,41467.63,41,6,56.1,5214.01,68.44,58.48,0.0,2,4,86,1,0.012,1,High,1,0.99986136
MRC02029,Retail Trader,55,653,1,1,1,1863972.33,223579.97,36,3,75.0,12854.98,31.5,38.04,89.58,5,4,29,2,0.065,1,High,3,0.99988437
MRC02030,Small Mfg,1,860,1,1,1,4182395.48,231233.78,47,16,-2.13,22129.08,9.8,8.97,43.84,30,0,1,4,0.971,0,Low,4,0.00012368862
MRC02031,Retail Trader,101,742,1,0,1,3717719.86,75443.31,39,14,-7.69,23679.74,9.82,7.92,0.0,33,0,12,5,0.98,0,Low,3,0.00013140254
MRC02032,Agri-Allied,70,743,1,0,1,459389.04,68730.23,52,4,76.92,2198.03,66.69,34.56,0.0,5,1,38,1,0.151,1,High,0,0.99949515
MRC02033,Agri-Allied,45,684,1,1,1,2529972.08,119892.06,43,14,2.33,14624.12,18.12,-3.2,54.25,19,0,4,5,0.697,0,Low,0,7.329935e-05
MRC02034,Construction,98,663,2,1,1,983158.27,103428.06,50,6,64.0,4891.33,52.77,32.85,83.36,2,2,81,2,0.05,1,High,1,0.9999291
MRC02035,Small Mfg,47,458,1,1,1,2787556.59,391651.31,39,6,53.85,17755.14,49.16,51.91,90.57,4,3,54,1,0.069,1,High,4,0.99991024
MRC02036,Textile & Apparel,79,595,1,0,0,1443182.79,141378.02,54,5,72.22,6650.61,60.34,29.81,0.0,0,2,63,1,0.104,1,High,6,0.9998784
MRC02037,Retail Trader,109,611,1,0,1,1015408.64,125782.71,34,9,20.59,7411.74,17.42,6.32,0.0,28,1,7,4,0.545,0,Medium,3,5.405282e-05
MRC02038,Retail Trader,26,500,1,1,1,1227839.28,180404.37,45,13,13.33,6783.64,13.15,-3.79,72.59,30,2,0,4,0.667,0,Low,3,0.0007080123
MRC02039,Retail Trader,14,557,1,0,1,990817.41,130636.55,42,15,-7.14,5862.82,8.02,6.82,0.0,28,2,0,3,0.781,0,Low,3,0.000628379
MRC02040,Retail Trader,54,491,2,0,1,1038408.34,96081.36,40,14,-5.0,6449.74,19.52,-5.33,0.0,32,0,3,3,0.652,0,Low,3,8.3435465e-05
MRC02041,Tech Services,71,646,4,0,0,602836.42,40559.67,45,15,0.0,3330.59,10.53,-0.59,0.0,0,0,4,4,0.979,0,Low,5,7.641314e-05
MRC02042,Agri-Allied,46,715,3,0,1,539247.97,44606.8,46,17,-10.87,2914.85,16.32,8.85,0.0,34,0,8,4,0.62,0,Low,0,9.043065e-05
MRC02043,Agri-Allied,31,738,3,0,1,6051458.74,783285.1,51,15,11.76,29519.31,17.0,8.88,0.0,31,0,9,5,0.693,0,Low,0,0.00013264899
MRC02044,Retail Trader,88,683,1,0,1,1293721.48,169394.84,49,16,2.04,6567.11,16.11,-4.76,0.0,25,2,1,4,0.557,0,Low,3,0.0008231202
MRC02045,Tech Services,59,572,1,0,1,366602.74,47644.11,50,14,16.0,1823.89,9.93,-0.59,0.0,29,0,7,5,0.362,0,Low,5,6.718828e-05
MRC02046,Small Mfg,95,495,1,1,0,522875.72,51053.15,52,19,-9.62,2501.8,19.17,2.56,43.89,0,0,10,3,0.838,0,Low,4,9.475013e-05
MRC02047,Retail Trader,29,509,2,0,1,2590885.18,212463.65,43,14,2.33,14976.21,16.32,4.68,0.0,36,0,13,4,0.844,0,Low,3,9.798964e-05
MRC02048,Small Mfg,106,548,1,1,1,301515.27,18233.82,36,10,16.67,2079.42,13.07,8.56,53.01,37,0,8,5,0.65,0,Low,4,6.225147e-05
MRC02049,Agri-Allied,96,578,2,1,1,123200.3,2517.83,47,14,10.64,651.85,6.04,-9.41,48.19,32,1,7,5,0.32,0,Low,0,0.00015449914
MRC02050,Retail Trader,17,637,1,1,0,134572.86,16065.72,47,4,74.47,712.03,48.29,53.15,87.1,0,1,84,1,0.088,1,High,3,0.9997725
MRC02051,Textile & Apparel,14,568,1,0,0,91603.91,5130.71,41,12,12.2,555.18,12.05,-6.06,0.0,0,1,10,4,0.76,0,Low,6,0.00013844827
MRC02052,Agri-Allied,104,677,4,1,1,153494.83,9648.4,39,6,53.85,977.67,59.5,27.27,78.79,5,2,29,3,0.13,1,High,0,0.9996786
MRC02053,Retail Trader,36,631,2,0,1,176832.97,22926.85,51,6,64.71,862.6,62.58,37.07,0.0,7,2,88,2,0.183,1,High,3,0.9996774
MRC02054,Construction,58,650,3,0,0,3845002.67,103017.81,51,15,11.76,18756.11,23.64,13.01,0.0,0,0,1,3,0.917,0,Low,1,6.286671e-05
MRC02055,Food & Beverages,112,741,2,1,0,690095.27,97020.94,44,13,11.36,3898.84,20.01,-5.95,39.29,0,0,3,3,0.951,0,Low,2,0.00022945376
MRC02056,Small Mfg,24,555,3,1,1,471693.06,9517.37,45,14,6.67,2606.04,15.76,-8.16,74.06,28,1,4,3,0.656,0,Low,4,0.00010924513
MRC02057,Agri-Allied,109,683,2,1,1,129043.43,18336.04,46,4,73.91,697.53,69.19,34.99,75.58,5,2,77,3,0.046,1,High,0,0.9999547
MRC02058,Textile & Apparel,63,648,3,1,0,614305.92,48603.03,52,17,1.92,2939.26,9.42,13.53,45.83,0,0,12,5,0.782,0,Low,6,7.339658e-05
MRC02059,Small Mfg,118,623,1,1,1,90690.36,3017.81,46,15,2.17,490.22,8.2,14.11,48.21,26,3,1,4,0.786,0,Low,4,0.0006100043
MRC02060,Agri-Allied,91,720,2,0,1,468222.74,50399.95,45,14,6.67,2586.87,13.86,6.91,0.0,35,2,1,5,0.565,0,Low,0,0.0009822657
MRC02061,Retail Trader,25,720,2,0,1,8687478.27,1185504.89,51,5,70.59,42377.94,51.28,46.2,0.0,7,4,62,1,0.057,1,High,3,0.9999379
MRC02062,Agri-Allied,59,574,1,1,1,1617778.22,124487.17,51,6,64.71,7891.6,49.38,41.67,85.52,4,2,59,1,0.188,1,High,0,0.99977154
MRC02063,Food & Beverages,32,635,3,1,1,567072.37,62307.94,52,17,1.92,2713.26,6.92,-1.62,31.52,31,0,3,4,0.791,0,Low,2,4.0308383e-05
MRC02064,Textile & Apparel,116,672,4,0,1,1685795.85,248346.65,41,14,-2.44,10216.94,14.92,-6.86,0.0,45,0,0,4,0.737,0,Low,6,0.000107800195
MRC02065,Retail Trader,82,628,2,1,1,390096.02,20008.46,54,16,11.11,1797.68,14.63,8.88,53.85,29,1,4,5,0.92,0,Low,3,3.0061154e-05
MRC02066,Food & Beverages,110,696,1,0,1,279061.29,35345.46,44,15,-2.27,1576.62,13.78,14.23,0.0,16,0,4,5,0.593,0,Low,2,7.024536e-05
MRC02067,Retail Trader,18,672,2,1,1,5637524.2,329123.31,41,5,63.41,34166.81,65.43,50.04,83.26,2,1,18,3,0.138,1,High,3,0.99962306
MRC02068,Retail Trader,37,796,3,1,0,185214.6,13969.61,41,12,12.2,1122.51,14.52,-0.08,53.16,0,1,9,5,0.689,0,Low,3,0.00022471506
MRC02069,Retail Trader,26,527,2,1,1,476896.38,27006.43,50,16,4.0,2372.62,15.33,12.56,71.6,37,0,1,5,0.955,0,Low,3,0.00010482458
MRC02070,Textile & Apparel,9,640,1,0,1,1053090.72,82121.62,40,5,62.5,6540.94,51.06,39.36,0.0,6,2,69,3,0.181,1,High,6,0.9996568
MRC02071,Food & Beverages,99,577,2,1,1,237166.8,4900.24,48,13,18.75,1228.84,12.55,11.74,54.06,31,0,1,3,0.342,0,Low,2,0.00016879673
MRC02072,Agri-Allied,64,698,1,1,1,1592357.12,94660.93,46,5,67.39,8607.34,37.25,26.63,87.67,7,1,19,2,0.182,1,High,0,0.9958905
MRC02073,Retail Trader,72,520,2,0,1,504885.31,39324.62,44,14,4.55,2852.46,11.78,0.32,0.0,31,0,7,5,0.858,0,Low,3,0.00010624807
MRC02074,Tech Services,20,677,1,0,0,1617985.46,165343.91,34,11,2.94,11810.11,22.9,7.34,0.0,0,1,5,3,0.453,0,Low,5,0.00013180284
MRC02075,Tech Services,54,599,2,1,0,1473544.11,151564.3,51,17,0.0,7188.02,21.03,7.73,57.78,0,0,2,4,0.994,0,Low,5,7.8244775e-05
MRC02076,Tech Services,106,591,2,1,0,544915.19,52253.08,55,5,72.73,2465.68,52.35,46.35,92.47,0,4,84,1,0.061,1,High,5,0.99992096
MRC02077,Retail Trader,86,534,1,0,1,5681866.85,330083.16,47,14,10.64,30062.79,14.93,-1.86,0.0,26,1,1,5,0.56,0,Low,3,9.385475e-05
MRC02078,Textile & Apparel,83,612,1,1,1,328271.75,46996.22,35,13,-11.43,2328.17,22.4,10.8,48.65,22,0,4,4,0.687,0,Low,6,4.2890675e-05
MRC02079,Construction,30,736,1,1,1,3680814.31,261176.14,57,5,73.68,16073.42,57.96,38.75,90.85,3,2,39,1,0.027,1,High,1,0.9999254
MRC02080,Food & Beverages,53,647,1,0,1,2987417.59,143982.21,38,6,52.63,19525.61,54.81,52.6,0.0,10,1,86,2,0.1,1,High,2,0.9987338
MRC02081,Retail Trader,92,700,1,1,1,6107686.69,562436.6,44,5,65.91,34506.7,45.17,30.58,80.64,4,3,77,2,0.155,1,High,3,0.9999535
MRC02082,Retail Trader,99,783,4,0,1,898846.22,105489.25,37,12,2.7,6032.52,23.16,-9.73,0.0,24,0,11,3,0.934,0,Low,3,0.00017495407
MRC02083,Agri-Allied,107,671,3,0,0,283140.11,6113.1,46,16,-4.35,1530.49,9.36,11.09,0.0,0,1,6,4,0.401,0,Low,0,0.0002173398
MRC02084,Tech Services,63,605,3,0,0,8816679.67,493070.35,42,7,50.0,52169.7,63.84,30.23,0.0,0,1,85,3,0.11,1,High,5,0.99968326
MRC02085,Agri-Allied,11,687,3,1,0,488140.35,62114.45,44,16,-9.09,2757.86,24.31,1.77,74.12,0,0,6,5,0.803,0,Low,0,0.00017541794
MRC02086,Agri-Allied,31,606,1,1,1,274786.28,23607.64,47,13,17.02,1453.9,10.95,0.28,62.28,35,0,3,4,0.585,0,Low,0,5.5838736e-05
MRC02087,Retail Trader,49,609,1,0,0,580854.69,42462.5,45,15,0.0,3209.14,17.27,6.95,0.0,0,2,4,3,0.514,0,Low,3,0.00047886567
MRC02088,Small Mfg,112,528,1,1,0,224576.38,31669.12,57,18,5.26,980.68,5.94,-0.25,68.6,0,0,1,3,0.923,0,Low,4,0.00015498903
MRC02089,Food & Beverages,103,724,3,1,1,1371449.26,43392.05,40,14,-5.0,8518.32,8.36,-5.51,37.98,34,0,11,5,0.513,0,Low,2,0.00012240584
MRC02090,Textile & Apparel,100,619,2,0,1,352638.22,35272.33,41,11,19.51,2137.2,16.68,11.72,0.0,33,1,5,5,0.966,0,Low,6,2.9121102e-05
MRC02091,Food & Beverages,94,664,1,1,1,516597.33,33312.54,42,14,0.0,3056.79,18.0,-5.41,43.26,25,0,1,4,0.558,0,Low,2,9.7567456e-05
MRC02092,Construction,87,567,1,1,1,2329897.04,68049.4,47,17,-8.51,12327.5,15.69,-9.29,74.8,30,0,0,4,0.607,0,Low,1,0.00015536559
MRC02093,Retail Trader,19,684,2,1,0,1541754.87,73675.51,52,6,65.38,7376.82,67.71,53.24,94.77,0,5,35,3,0.042,1,High,3,0.99991477
MRC02094,Agri-Allied,12,589,2,1,0,743185.89,75530.96,47,13,17.02,3932.2,20.86,1.38,53.67,0,2,11,3,0.674,0,Low,0,0.00083929877
MRC02095,Textile & Apparel,15,638,3,0,0,895420.07,21199.97,55,15,18.18,4051.67,8.37,0.58,0.0,0,1,7,5,0.503,0,Low,6,7.278733e-05
MRC02096,Food & Beverages,31,720,1,1,0,740222.81,71795.95,50,4,76.0,3682.7,66.78,26.42,98.38,0,1,42,2,0.127,1,High,2,0.9990037
MRC02097,Agri-Allied,43,713,3,0,1,434788.04,62779.29,48,13,18.75,2252.79,16.25,-5.13,0.0,17,1,2,4,0.511,0,Low,0,5.920685e-05
MRC02098,Small Mfg,101,648,1,1,1,727208.13,89710.2,52,15,13.46,3479.46,7.35,9.39,48.35,31,0,7,4,0.773,0,Low,4,4.9765906e-05
MRC02099,Food & Beverages,37,508,2,1,1,1314556.56,85351.03,44,6,59.09,7426.87,67.22,32.3,92.74,5,2,29,1,0.142,1,High,2,0.99991095
MRC02100,Textile & Apparel,79,889,3,0,1,626939.58,23803.01,47,14,10.64,3317.14,13.39,1.84,0.0,29,1,9,4,0.894,0,Low,6,0.0001640099
MRC02101,Tech Services,29,789,3,1,1,1207087.7,97120.32,48,14,12.5,6254.34,22.28,11.63,55.84,37,0,2,3,0.509,0,Low,5,0.0001365265
MRC02102,Agri-Allied,114,707,1,1,0,267265.4,18998.18,41,3,78.05,1619.79,51.0,16.79,90.67,0,2,71,3,0.087,1,High,0,0.9997799
MRC02103,Retail Trader,107,589,1,1,0,353390.03,51709.9,46,14,8.7,1910.22,8.66,14.08,41.1,0,1,7,3,0.881,0,Low,3,7.269583e-05
MRC02104,Small Mfg,26,640,2,0,1,302191.26,44930.66,53,16,9.43,1418.74,19.42,5.78,0.0,32,0,8,4,0.431,0,Low,4,6.570586e-05
MRC02105,Food & Beverages,108,606,1,1,1,370216.17,27164.98,44,4,72.73,2091.62,65.59,22.17,80.82,4,0,22,2,0.108,0,High,2,0.4762437
MRC02106,Textile & Apparel,2,751,2,1,1,3418174.71,134477.55,49,15,8.16,17351.14,13.95,2.75,40.46,28,1,2,4,0.404,0,Low,6,0.00012377463
MRC02107,Tech Services,84,671,3,0,1,1743223.51,241225.95,51,4,76.47,8503.53,38.44,55.42,0.0,6,2,59,2,0.031,1,High,5,0.99994564
MRC02108,Tech Services,15,587,1,0,0,200324.18,24672.03,47,16,-2.13,1059.92,10.08,-7.88,0.0,0,1,0,4,0.707,0,Low,5,0.00013844827
MRC02109,Retail Trader,116,612,2,1,1,1233045.84,106616.11,41,14,-2.44,7473.01,5.99,-7.0,47.15,39,0,5,3,0.676,0,Low,3,5.351148e-05
MRC02110,Construction,4,739,1,0,0,456480.48,30810.65,39,11,15.38,2907.52,8.57,4.29,0.0,0,0,0,5,0.981,0,Low,1,0.00018592397
MRC02111,Retail Trader,86,778,3,0,1,321624.02,25170.8,42,14,0.0,1903.1,6.87,5.34,0.0,28,0,8,4,0.526,0,Low,3,0.00010482988
MRC02112,Retail Trader,50,772,4,1,1,122652.77,16833.42,35,13,-11.43,869.88,14.88,14.62,74.47,38,1,11,4,0.319,0,Low,3,0.00018881005
MRC02113,Retail Trader,38,710,2,1,0,2341500.29,103034.56,55,20,-9.09,10595.02,24.56,11.44,42.66,0,0,1,5,0.575,0,Low,3,0.00012259085
MRC02114,Tech Services,23,629,1,1,0,141969.03,17729.36,56,5,73.21,630.97,63.85,59.23,83.45,0,1,31,3,0.119,1,High,5,0.9991898
MRC02115,Small Mfg,59,390,2,0,0,685322.07,15327.08,53,4,77.36,3217.47,59.38,28.28,0.0,0,3,87,1,0.186,1,High,4,0.999065
MRC02116,Retail Trader,90,673,2,1,0,234316.14,32727.96,40,13,2.5,1455.38,14.73,0.29,30.33,0,0,11,4,0.338,0,Low,3,0.00024061487
MRC02117,Textile & Apparel,115,649,1,1,1,1850585.69,157371.3,43,12,16.28,10697.03,17.34,-7.45,57.07,39,0,9,4,0.819,0,Low,6,4.548523e-05
MRC02118,Small Mfg,75,661,3,0,1,488345.2,24161.96,31,10,3.23,3906.76,12.52,4.54,0.0,30,1,1,4,0.397,0,Low,4,0.000114762865
MRC02119,Retail Trader,28,654,4,1,1,620725.86,12645.02,49,6,63.27,3150.89,52.44,32.48,84.34,4,2,82,1,0.112,1,High,3,0.9999033
MRC02120,Tech Services,66,543,2,1,1,646364.51,59944.52,35,11,5.71,4584.15,16.8,1.17,40.53,25,0,5,5,0.986,0,Low,5,0.00010592233
MRC02121,Food & Beverages,8,694,2,1,0,1048723.64,54306.5,32,4,62.5,8129.64,34.07,48.22,93.56,0,3,25,3,0.131,1,High,2,0.9998437
MRC02122,Agri-Allied,29,700,1,1,0,740888.72,75618.34,40,6,55.0,4601.79,30.05,27.19,89.71,0,2,21,1,0.006,1,High,0,0.9972295
MRC02123,Construction,11,704,2,0,0,692505.99,39162.6,44,12,18.18,3912.46,18.0,9.39,0.0,0,1,9,5,0.43,0,Low,1,0.00017361763
MRC02124,Textile & Apparel,101,725,1,1,0,391569.24,12312.16,47,17,-8.51,2071.79,20.47,6.87,46.51,0,0,7,3,0.336,0,Low,6,0.00011006606
MRC02125,Construction,18,698,1,1,1,110230.04,9441.94,48,15,6.25,571.14,6.85,-6.3,38.69,27,0,8,3,0.732,0,Low,1,0.000115890725
MRC02126,Small Mfg,55,617,1,1,0,190563.14,17795.39,35,3,74.29,1351.51,67.73,54.95,87.24,0,1,40,3,0.11,1,High,4,0.99944454
MRC02127,Small Mfg,50,644,1,1,1,1727482.47,136189.02,48,16,0.0,8950.69,24.66,3.55,61.06,23,1,12,4,0.571,0,Low,4,3.54772e-05
MRC02128,Retail Trader,14,657,1,0,1,505355.11,40198.28,43,5,65.12,2921.13,34.9,51.93,0.0,2,4,24,1,0.188,1,High,3,0.999328
MRC02129,Tech Services,118,658,2,0,1,328794.52,31779.48,43,7,51.16,1900.55,62.08,26.94,0.0,1,4,70,2,0.102,1,High,5,0.9994808
MRC02130,Textile & Apparel,74,729,2,0,1,135012.98,11938.65,41,13,4.88,818.26,24.59,14.48,0.0,27,0,1,4,0.74,0,Low,6,0.00015304974
MRC02131,Retail Trader,99,701,2,1,1,92635.1,3449.16,41,12,12.2,561.42,12.83,12.56,39.45,29,0,1,5,0.907,0,Low,3,0.000150627
MRC02132,Retail Trader,9,816,1,0,1,313687.25,14310.77,33,10,9.09,2358.55,21.48,-6.22,0.0,34,0,6,3,0.629,0,Low,3,0.00010332908
MRC02133,Agri-Allied,99,826,1,1,1,2117323.66,81374.75,41,12,12.2,12832.26,12.99,11.38,47.52,32,0,6,4,0.384,0,Low,0,0.0001513216
MRC02134,Agri-Allied,11,656,3,0,0,373814.8,41167.64,39,13,0.0,2380.99,13.52,5.46,0.0,0,0,2,3,0.944,0,Low,0,6.068641e-05
MRC02135,Small Mfg,63,343,2,1,1,1179478.12,104640.7,55,15,18.18,5337.01,18.16,-9.46,53.53,26,0,13,5,0.345,0,Low,4,0.00012589966
MRC02136,Tech Services,108,748,4,0,0,353743.8,26842.49,56,5,73.21,1572.19,33.15,16.65,0.0,0,2,49,1,0.083,1,High,5,0.9994549
MRC02137,Retail Trader,76,606,1,1,1,1570084.56,194351.46,46,3,80.43,8486.94,51.1,36.39,79.53,3,2,16,2,0.189,1,High,3,0.99912935
MRC02138,Food & Beverages,67,585,2,1,1,478254.85,29820.77,49,18,-10.2,2427.69,11.58,-0.1,47.02,28,1,2,5,0.707,0,Low,2,8.518421e-05
MRC02139,Retail Trader,53,618,1,1,0,166331.64,15610.87,47,16,-2.13,880.06,7.46,-0.43,61.85,0,1,7,3,0.746,0,Low,3,5.0061066e-05
MRC02140,Tech Services,39,614,2,1,0,528213.75,15673.68,35,10,14.29,3746.2,11.45,4.91,47.43,0,0,13,3,0.841,0,Low,5,4.0597868e-05
MRC02141,Food & Beverages,78,698,3,0,0,6588264.39,769328.31,36,11,8.33,45436.31,22.12,7.86,0.0,0,0,2,4,0.934,0,Low,2,0.00018074713
MRC02142,Agri-Allied,56,525,3,0,1,6248557.4,689684.63,45,15,0.0,34522.42,11.28,6.19,0.0,25,0,7,3,0.977,0,Low,0,0.000102625316
MRC02143,Small Mfg,28,563,4,1,1,1307777.86,162569.02,47,15,4.26,6919.46,17.23,-3.96,38.59,31,0,5,3,0.483,0,Low,4,0.00010350649
MRC02144,Textile & Apparel,75,677,1,1,1,618795.06,83526.12,59,19,3.39,2610.95,23.71,7.67,69.01,21,0,7,5,0.619,0,Low,6,9.8102966e-05
MRC02145,Agri-Allied,39,699,2,0,1,1050400.59,124518.35,49,14,14.29,5331.98,10.2,-6.61,0.0,24,0,1,4,0.445,0,Low,0,8.110086e-05
MRC02146,Food & Beverages,25,701,2,1,0,1066851.99,138459.98,46,5,67.39,5766.77,58.29,43.93,98.94,0,2,24,3,0.127,1,High,2,0.99992836
MRC02147,Textile & Apparel,21,587,2,1,1,695325.87,45151.05,59,22,-11.86,2933.86,6.94,1.84,43.37,28,1,2,4,0.994,0,Low,6,9.57644e-05
MRC02148,Textile & Apparel,10,571,1,0,1,1238154.87,80026.73,51,5,70.59,6039.78,52.64,49.09,0.0,3,0,23,1,0.175,1,High,6,0.99877506
MRC02149,Agri-Allied,43,609,3,0,1,936469.5,133689.55,40,14,-5.0,5816.58,7.09,4.42,0.0,22,1,9,3,0.839,0,Low,0,4.389017e-05
MRC02150,Food & Beverages,15,669,3,1,1,499235.47,69341.16,50,14,16.0,2483.76,14.08,4.42,63.66,25,0,12,4,0.862,0,Low,2,8.926503e-05
MRC02151,Textile & Apparel,83,768,1,0,1,173805.45,15869.25,40,2,85.0,1079.54,67.49,49.67,0.0,6,2,71,2,0.11,1,High,6,0.99991584
MRC02152,Retail Trader,48,486,1,0,0,419965.95,28411.81,51,4,76.47,2048.61,33.22,55.4,0.0,0,0,38,3,0.15,1,High,3,0.99826765
MRC02153,Small Mfg,86,632,1,0,1,1903914.56,252421.37,54,17,5.56,8773.8,16.63,14.9,0.0,25,0,1,4,0.962,0,Low,4,4.6556062e-05
MRC02154,Food & Beverages,21,543,2,0,0,702390.88,43578.75,40,13,2.5,4362.68,22.01,-0.25,0.0,0,0,12,5,0.899,0,Low,2,0.00011224149
MRC02155,Retail Trader,60,517,1,1,1,1045853.93,41805.46,52,17,1.92,5004.09,7.01,-3.86,36.22,28,0,7,5,0.963,0,Low,3,0.00010293669
MRC02156,Retail Trader,116,727,3,0,0,519374.96,53565.24,52,8,53.85,2485.05,56.24,53.55,0.0,0,1,84,3,0.164,1,High,3,0.99943095
MRC02157,Retail Trader,108,693,2,0,1,204532.67,5223.94,31,4,61.29,1636.26,58.08,57.62,0.0,6,2,49,1,0.114,1,High,3,0.99989367
MRC02158,Textile & Apparel,96,685,2,1,1,547788.39,37952.56,43,12,16.28,3166.41,14.64,-9.68,67.55,27,1,10,5,0.306,0,Low,6,0.00012617945
MRC02159,Textile & Apparel,50,723,2,0,1,213854.88,26731.07,52,19,-9.62,1023.23,14.27,-7.18,0.0,30,2,1,3,0.968,0,Low,6,0.0007167455
MRC02160,Food & Beverages,23,611,1,0,1,198085.29,11563.84,38,13,-2.63,1294.68,10.3,10.06,0.0,28,1,3,5,0.645,0,Low,2,5.563718e-05
MRC02161,Small Mfg,13,615,3,1,1,3099538.94,437255.1,41,15,-9.76,18785.08,21.6,-3.79,51.74,34,0,4,5,0.591,0,Low,4,5.4812066e-05
MRC02162,Small Mfg,69,824,2,1,1,440601.8,63559.98,53,17,3.77,2068.55,9.56,2.59,52.79,32,0,9,3,0.735,0,Low,4,9.080941e-05
MRC02163,Textile & Apparel,4,630,4,1,0,299604.43,37766.97,47,6,61.7,1585.21,48.4,36.41,76.16,0,5,66,2,0.082,1,High,6,0.99975246
MRC02164,Food & Beverages,92,708,2,0,1,5083708.75,754390.0,31,10,3.23,40669.67,14.65,3.62,0.0,24,0,4,5,0.35,0,Low,2,0.00012506651
MRC02165,Agri-Allied,78,650,2,1,1,1939580.06,172621.33,39,13,0.0,12354.01,13.63,2.72,53.26,29,0,11,3,0.38,0,Low,0,5.4484895e-05
MRC02166,Construction,72,502,1,1,1,467048.75,43900.69,35,11,5.71,3312.4,5.67,0.02,53.12,34,0,4,4,0.434,0,Low,1,0.00010527727
MRC02167,Small Mfg,9,486,2,1,1,1218539.53,156828.09,29,9,6.9,10414.87,18.93,0.83,32.64,35,0,3,3,0.425,0,Low,4,0.000110055764
MRC02168,Retail Trader,115,603,2,0,0,549659.36,46206.94,39,13,0.0,3501.02,5.25,6.33,0.0,0,0,11,4,0.879,0,Low,3,0.00012628935
MRC02169,Small Mfg,35,734,2,0,0,317675.08,23150.13,47,5,68.09,1680.82,53.9,43.2,0.0,0,2,59,3,0.099,1,High,4,0.99989843
MRC02170,Textile & Apparel,101,713,2,1,1,1289325.11,128826.74,45,13,13.33,7123.34,10.33,-2.01,72.29,27,0,0,5,0.852,0,Low,6,0.00013068765
MRC02171,Small Mfg,21,723,1,1,1,494270.26,52143.41,45,16,-6.67,2730.77,7.4,3.3,30.82,23,0,1,5,0.302,0,Low,4,8.908908e-05
MRC02172,Retail Trader,58,571,4,1,1,798585.73,93926.82,43,14,2.33,4616.1,13.34,11.35,54.32,23,0,9,3,0.337,0,Low,3,0.00013270858
MRC02173,Retail Trader,18,779,4,0,1,2484633.9,265523.11,53,17,3.77,11664.95,16.19,-5.8,0.0,33,0,5,4,0.574,0,Low,3,0.00014250033
MRC02174,Tech Services,97,572,1,0,1,2176994.31,254586.06,58,20,-3.45,9343.32,11.21,14.49,0.0,37,0,9,4,0.425,0,Low,5,0.000109054345
MRC02175,Retail Trader,72,667,3,1,1,376957.62,40595.61,31,9,12.9,3015.66,7.44,8.77,32.22,22,1,7,4,0.935,0,Low,3,0.00011349837
MRC02176,Food & Beverages,115,649,1,1,1,1306990.76,107771.69,53,8,54.72,6136.11,55.89,30.82,98.7,5,4,70,2,0.067,1,High,2,0.99995303
MRC02177,Retail Trader,113,636,2,0,0,188447.08,7074.59,47,14,10.64,997.07,19.08,-0.62,0.0,0,0,5,4,0.964,0,Low,3,9.994957e-05
MRC02178,Small Mfg,81,757,1,0,1,1252305.73,152916.07,44,13,11.36,7075.17,22.73,-4.87,0.0,42,1,8,3,0.908,0,Low,4,0.00013386732
MRC02179,Small Mfg,43,593,4,1,1,871694.56,20921.79,46,16,-4.35,4711.86,7.01,-3.3,56.75,26,0,0,3,0.721,0,Low,4,8.9076595e-05
MRC02180,Agri-Allied,95,542,1,1,1,1149428.29,171293.56,58,18,6.9,4933.17,9.61,4.68,72.38,28,0,13,4,0.902,0,Low,0,0.000121395366
MRC02181,Textile & Apparel,98,651,2,1,1,510459.35,65185.46,54,19,-5.56,2352.35,5.4,-9.91,34.38,26,2,13,4,0.474,0,Low,6,0.0005300991
MRC02182,Retail Trader,6,618,1,1,0,8893982.91,953598.43,50,9,46.0,44248.67,56.75,46.26,87.02,0,2,38,1,0.124,1,High,3,0.99978834
MRC02183,Retail Trader,86,900,1,1,1,247320.5,36024.43,44,14,4.55,1397.29,13.89,14.66,42.21,41,0,10,3,0.544,0,Low,3,0.00018232765
MRC02184,Textile & Apparel,78,704,2,0,1,2340469.37,233160.22,40,12,10.0,14537.08,23.5,-4.11,0.0,34,1,12,4,0.979,0,Low,6,0.00010929556
MRC02185,Small Mfg,67,617,1,1,1,211496.14,5781.52,47,6,61.7,1119.03,52.35,30.08,90.33,2,2,74,3,0.18,1,High,4,0.99969363
MRC02186,Construction,12,565,2,1,1,1336029.9,123876.27,48,3,81.25,6922.43,43.09,15.07,93.34,4,4,32,3,0.126,1,High,1,0.9956909
MRC02187,Tech Services,100,499,4,1,1,1455627.99,81568.36,50,18,-8.0,7241.93,24.04,1.15,40.38,33,0,3,5,0.533,0,Low,5,0.000120621575
MRC02188,Food & Beverages,12,567,3,1,1,779159.49,53007.84,42,13,7.14,4610.41,11.7,8.3,74.7,27,0,13,4,0.637,0,Low,2,0.00017574138
MRC02189,Food & Beverages,109,659,3,0,1,402564.54,32102.94,46,15,2.17,2176.02,17.81,-8.75,0.0,30,0,0,5,0.5,0,Low,2,3.7881447e-05
MRC02190,Small Mfg,66,764,1,1,1,864029.22,104286.68,50,5,70.0,4298.65,69.34,23.94,98.41,5,0,19,3,0.012,1,High,4,0.9983455
MRC02191,Retail Trader,2,739,1,1,1,1004913.88,85800.35,40,15,-12.5,6241.7,5.43,11.42,30.8,30,0,7,5,0.392,0,Low,3,0.00013013081
MRC02192,Tech Services,15,668,2,1,1,6248948.6,510591.83,57,20,-5.26,27287.99,13.76,-2.99,37.3,34,0,9,5,0.332,0,Low,5,9.498072e-05
MRC02193,Small Mfg,23,624,1,0,0,256066.3,15173.56,49,16,2.04,1299.83,22.11,-2.46,0.0,0,1,10,5,0.528,0,Low,4,5.1851493e-05
MRC02194,Agri-Allied,29,671,3,1,0,374334.03,33758.71,39,14,-7.69,2384.29,23.93,-7.42,41.98,0,1,1,5,0.633,0,Low,0,0.00011650812
MRC02195,Retail Trader,81,608,1,1,1,1026517.61,53677.44,41,15,-9.76,6221.32,22.98,11.4,30.32,28,0,6,4,0.963,0,Low,3,5.3241354e-05
MRC02196,Textile & Apparel,96,787,3,0,1,536453.65,28930.51,38,5,60.53,3506.23,59.09,17.13,0.0,3,0,80,2,0.163,1,High,6,0.996433
MRC02197,Agri-Allied,7,634,1,0,1,646902.43,76621.48,44,13,11.36,3654.82,18.06,0.63,0.0,29,1,10,5,0.415,0,Low,0,4.7307443e-05
MRC02198,Tech Services,94,643,3,1,0,2635075.0,170044.41,49,16,2.04,13376.02,9.66,-0.56,63.5,0,0,11,3,0.78,0,Low,5,7.053265e-05
MRC02199,Agri-Allied,28,472,1,1,1,24727.72,659.78,40,12,10.0,153.59,16.51,0.69,72.28,36,1,9,5,0.699,0,Low,0,0.00012414732
MRC02200,Textile & Apparel,14,634,1,0,1,355919.83,23020.2,46,4,73.91,1923.89,69.37,23.31,0.0,4,2,78,2,0.169,1,High,6,0.9978371
MRC02201,Construction,44,716,2,1,1,90143.39,9286.07,49,18,-10.2,457.58,10.17,0.74,59.04,22,0,7,4,0.467,0,Low,1,0.00011305194
MRC02202,Retail Trader,30,564,1,1,1,173688.77,21853.2,35,10,14.29,1231.84,20.46,-6.36,63.41,28,0,2,4,0.866,0,Low,3,0.00012627791
MRC02203,Textile & Apparel,81,589,2,1,1,13066331.83,1895294.54,55,20,-9.09,59123.67,17.58,-9.66,73.81,22,1,4,5,0.441,0,Low,6,0.00012542862
MRC02204,Retail Trader,32,713,2,0,1,1495246.69,174956.8,49,4,75.51,7590.08,56.82,50.53,0.0,3,3,72,1,0.052,1,High,3,0.99994993
MRC02205,Food & Beverages,110,531,1,1,0,2285003.03,173090.6,36,13,-8.33,15758.64,10.39,-1.41,32.66,0,1,10,4,0.665,0,Low,2,8.603166e-05
MRC02206,Tech Services,70,734,3,0,1,662227.49,38995.6,46,15,2.17,3579.61,23.08,2.27,0.0,35,0,3,3,0.528,0,Low,5,0.00013190393
MRC02207,Textile & Apparel,115,607,2,0,0,1812933.1,66810.03,43,14,2.33,10479.38,9.77,-2.31,0.0,0,0,13,4,0.338,0,Low,6,5.0765262e-05
MRC02208,Tech Services,88,618,2,0,1,87563.77,8896.41,44,16,-9.09,494.71,17.04,-0.46,0.0,26,0,10,4,0.847,0,Low,5,7.119102e-05
MRC02209,Textile & Apparel,6,560,2,1,0,2535643.72,218787.59,48,13,18.75,13138.05,6.14,-8.13,42.58,0,0,7,5,0.778,0,Low,6,0.00010474185
MRC02210,Tech Services,27,680,2,0,1,272716.22,29480.95,52,18,-3.85,1304.86,15.82,-0.74,0.0,25,0,4,5,0.79,0,Low,5,0.00012433794
MRC02211,Food & Beverages,82,846,1,0,0,385548.02,19596.37,50,8,52.0,1918.15,44.68,18.52,0.0,0,1,88,1,0.11,1,High,2,0.99718386
MRC02212,Food & Beverages,88,712,1,0,1,1337324.17,83012.72,46,14,8.7,7228.78,11.64,10.82,0.0,29,0,12,4,0.737,0,Low,2,0.000104193554
MRC02213,Retail Trader,101,580,2,1,0,1066332.89,61817.87,38,2,84.21,6969.5,47.42,24.62,88.87,0,3,40,1,0.102,1,High,3,0.99977165
MRC02214,Construction,24,740,1,1,1,807375.43,99868.09,41,12,12.2,4893.18,22.87,-7.79,31.9,21,1,11,5,0.32,0,Low,1,0.00014021902
MRC02215,Small Mfg,102,624,1,1,1,142099.76,6005.12,40,14,-5.0,882.61,20.35,8.98,48.07,38,1,2,5,0.75,0,Low,4,5.3168947e-05
MRC02216,Textile & Apparel,34,759,2,0,1,822230.79,81484.2,47,6,61.7,4350.43,35.0,37.43,0.0,7,1,40,3,0.193,1,High,6,0.99856466
MRC02217,Food & Beverages,40,714,2,0,0,2309804.91,61616.71,45,15,0.0,12761.35,16.57,12.88,0.0,0,0,10,3,0.34,0,Low,2,0.00011615414
MRC02218,Textile & Apparel,47,414,1,0,1,385006.5,35204.45,42,3,78.57,2278.14,50.35,43.35,0.0,4,2,73,1,0.196,1,High,6,0.9994242
MRC02219,Tech Services,79,569,1,1,0,3533941.77,100041.71,59,6,69.49,14911.15,55.44,38.16,87.43,0,3,22,3,0.024,1,High,5,0.99978906
MRC02220,Retail Trader,75,725,1,0,1,255958.26,10971.38,47,8,48.94,1354.28,46.21,28.64,0.0,7,2,49,2,0.152,1,High,3,0.99987626
MRC02221,Small Mfg,86,662,1,0,1,735170.31,25505.48,45,16,-6.67,4061.71,9.42,-3.65,0.0,17,0,0,4,0.822,0,Low,4,0.00010533461
MRC02222,Agri-Allied,118,568,1,1,1,4603803.1,299589.25,43,12,16.28,26611.58,16.7,9.85,60.14,33,0,12,5,0.898,0,Low,0,0.00010586841
MRC02223,Retail Trader,24,599,1,0,0,322004.28,20828.87,49,15,8.16,1634.54,7.24,1.15,0.0,0,0,9,3,0.489,0,Low,3,7.2277355e-05
MRC02224,Retail Trader,65,497,4,0,1,2583828.0,329268.85,42,2,85.71,15288.92,64.18,53.49,0.0,7,0,34,2,0.107,1,High,3,0.99978834
MRC02225,Retail Trader,18,642,2,0,1,7799598.65,384827.27,48,16,0.0,40412.43,8.74,-2.65,0.0,35,1,11,5,0.483,0,Low,3,4.446777e-05
MRC02226,Agri-Allied,44,826,1,0,0,895603.33,27969.94,46,15,2.17,4841.1,16.07,4.44,0.0,0,0,7,5,0.949,0,Low,0,0.0001694652
MRC02227,Textile & Apparel,76,714,1,1,1,387542.04,38156.05,43,6,58.14,2240.13,61.22,33.23,80.31,5,2,34,2,0.108,1,High,6,0.99985695
MRC02228,Small Mfg,57,825,2,1,1,288575.91,31561.14,43,14,2.33,1668.07,16.32,5.47,69.51,30,0,9,3,0.919,0,Low,4,9.120027e-05
MRC02229,Textile & Apparel,107,720,1,0,1,3490387.24,203584.06,54,19,-5.56,16084.73,9.92,5.51,0.0,25,0,8,4,0.957,0,Low,6,0.00010227498
MRC02230,Textile & Apparel,28,732,2,0,1,3375429.18,332026.91,39,12,7.69,21499.55,11.21,8.67,0.0,38,0,8,4,0.403,0,Low,6,0.00010579665
MRC02231,Food & Beverages,104,807,3,1,1,4152291.66,501959.55,46,13,15.22,22444.82,7.81,9.01,32.92,36,0,7,4,0.774,0,Low,2,0.00015970682
MRC02232,Retail Trader,71,680,2,1,1,701231.94,45707.62,47,13,17.02,3710.22,20.54,12.74,69.99,25,1,11,5,0.455,0,Low,3,0.0001278646
MRC02233,Tech Services,23,635,1,0,1,2534148.72,223755.19,48,16,0.0,13130.3,6.4,-5.95,0.0,36,2,2,3,0.906,0,Low,5,0.00042101342
MRC02234,Tech Services,85,732,2,1,0,687895.85,26870.81,55,19,-3.64,3112.65,12.53,14.62,37.06,0,1,2,5,0.771,0,Low,5,0.00020132393
MRC02235,Small Mfg,34,766,4,0,0,252794.92,5833.01,43,7,51.16,1461.24,44.11,46.72,0.0,0,3,52,1,0.051,1,High,4,0.99982786
MRC02236,Small Mfg,11,611,2,1,1,2810891.19,414825.24,49,8,51.02,14268.48,61.27,54.26,99.48,3,4,66,3,0.078,1,High,4,0.9999093
MRC02237,Tech Services,86,592,2,1,0,5181703.05,305539.17,45,4,73.33,28628.19,67.97,33.4,93.83,0,2,55,3,0.11,1,High,5,0.9999069
MRC02238,Retail Trader,106,661,1,1,1,214331.17,12057.69,46,13,15.22,1158.55,13.36,-3.39,51.36,36,0,7,5,0.714,0,Low,3,0.000117475545
MRC02239,Retail Trader,35,716,1,1,0,209542.71,30702.59,41,7,48.78,1269.96,31.93,39.73,99.71,0,0,74,1,0.159,1,High,3,0.9995432
MRC02240,Retail Trader,116,713,2,0,0,765265.66,87753.29,35,12,-2.86,5427.42,17.79,14.17,0.0,0,1,9,5,0.82,0,Low,3,0.00018564124
MRC02241,Food & Beverages,93,536,3,1,1,2297550.99,220768.75,45,7,53.33,12693.65,38.67,18.84,78.03,5,5,73,2,0.124,1,High,2,0.9997023
MRC02242,Retail Trader,42,802,2,1,0,187103.45,20752.03,38,5,60.53,1222.9,66.79,35.86,99.78,0,3,69,1,0.199,1,High,3,0.99979573
MRC02243,Small Mfg,28,598,2,1,1,957823.58,107554.44,62,9,56.45,3846.68,35.07,21.78,89.94,4,2,41,1,0.094,1,High,4,0.9996947
MRC02244,Construction,82,628,1,0,1,359147.22,42822.44,39,13,0.0,2287.56,17.55,13.96,0.0,27,2,1,5,0.783,0,Low,1,0.00049315114
MRC02245,Tech Services,78,577,1,1,1,1691277.84,48598.19,55,20,-9.09,7652.84,10.31,12.44,66.91,21,0,10,4,0.632,0,Low,5,0.00011863651
MRC02246,Agri-Allied,82,865,2,1,1,279997.46,20626.88,38,13,-2.63,1830.05,18.66,6.21,37.6,31,1,10,4,0.952,0,Low,0,9.2239934e-05
MRC02247,Retail Trader,92,669,1,0,1,1841633.67,107490.52,48,17,-6.25,9542.14,14.4,4.75,0.0,34,0,11,4,0.864,0,Low,3,9.4719966e-05
MRC02248,Food & Beverages,24,581,2,0,0,603283.33,17600.22,50,17,-2.0,3001.41,15.54,14.82,0.0,0,0,13,5,0.668,0,Low,2,0.00012022403
MRC02249,Small Mfg,8,719,1,0,1,236909.0,17445.47,43,16,-11.63,1369.42,11.65,2.88,0.0,26,0,13,4,0.741,0,Low,4,0.00011919599
MRC02250,Retail Trader,106,711,2,1,1,787349.84,78815.73,34,2,82.35,5747.08,35.89,35.38,83.85,6,2,47,2,0.101,1,High,3,0.9999492
MRC02251,Retail Trader,118,634,3,1,1,71284.35,3079.82,42,3,78.57,421.8,38.49,41.59,83.91,6,0,45,1,0.032,1,High,3,0.99972445
MRC02252,Tech Services,109,717,2,1,1,372907.81,22245.25,42,15,-7.14,2206.56,9.97,-1.91,45.65,30,1,0,3,0.777,0,Low,5,6.244709e-05
MRC02253,Small Mfg,53,583,1,0,0,1093485.97,112729.88,45,16,-6.67,6041.36,9.73,-7.81,0.0,0,0,3,3,0.329,0,Low,4,8.2140694e-05
MRC02254,Food & Beverages,72,610,2,1,1,87020.09,8294.08,42,15,-7.14,514.91,20.48,7.92,34.64,32,1,4,4,0.924,0,Low,2,6.889336e-05
MRC02255,Tech Services,4,489,4,1,1,33344.09,4432.83,62,10,51.61,133.91,46.14,44.75,79.35,9,5,42,1,0.12,1,High,5,0.99917823
MRC02256,Agri-Allied,91,544,2,0,1,44035.84,5410.24,48,15,6.25,228.16,6.83,-0.3,0.0,21,0,4,4,0.483,0,Low,0,0.0001680136
MRC02257,Agri-Allied,100,794,1,0,0,3586022.71,521871.87,46,17,-10.87,19383.91,5.71,5.79,0.0,0,0,13,3,0.399,0,Low,0,0.00019942524
MRC02258,Textile & Apparel,5,781,1,0,1,665230.71,64949.89,40,4,70.0,4131.87,56.51,17.03,0.0,8,1,75,3,0.073,1,High,6,0.9920048
MRC02259,Textile & Apparel,97,655,1,1,1,385016.52,42660.12,43,16,-11.63,2225.53,13.29,7.46,33.61,29,1,0,3,0.516,0,Low,6,2.7098542e-05
MRC02260,Textile & Apparel,49,783,1,0,0,2267493.7,299004.9,41,13,4.88,13742.39,19.14,2.59,0.0,0,0,2,3,0.611,0,Low,6,0.00015610273
MRC02261,Food & Beverages,98,637,3,0,1,448947.12,58003.53,39,11,15.38,2859.54,16.5,2.26,0.0,22,1,10,3,0.752,0,Low,2,5.7959627e-05
MRC02262,Small Mfg,30,630,3,0,1,1006665.84,114189.95,45,16,-6.67,5561.69,20.4,12.5,0.0,26,0,3,3,0.866,0,Low,4,5.3104646e-05
MRC02263,Tech Services,72,654,1,1,1,752312.01,63971.58,38,11,13.16,4917.07,11.36,10.78,73.89,25,0,6,5,0.427,0,Low,5,6.2522224e-05
MRC02264,Textile & Apparel,103,640,1,0,1,414488.58,23011.12,43,13,9.3,2395.89,17.49,3.29,0.0,30,0,7,4,0.864,0,Low,6,3.9048307e-05
MRC02265,Small Mfg,63,632,1,0,1,1038175.14,139154.97,39,11,15.38,6612.58,22.71,4.46,0.0,34,1,0,4,0.784,0,Low,4,4.6965015e-05
MRC02266,Small Mfg,47,741,3,1,0,1844859.1,223163.76,44,12,18.18,10422.93,6.39,10.17,34.94,0,0,10,4,0.39,0,Low,4,0.00018791994
MRC02267,Small Mfg,26,662,2,1,1,584266.25,75328.22,47,16,-2.13,3091.36,19.17,0.28,66.4,32,1,12,4,0.458,0,Low,4,9.484423e-05
MRC02268,Small Mfg,57,706,2,1,1,419715.89,16076.21,46,15,2.17,2268.73,19.32,6.78,59.68,29,0,2,4,0.357,0,Low,4,7.055115e-05
MRC02269,Retail Trader,37,732,1,1,1,483586.32,29462.82,52,19,-9.62,2313.81,20.88,3.52,66.58,40,0,1,4,0.903,0,Low,3,5.990655e-05
MRC02270,Agri-Allied,98,681,2,1,1,46281.84,3482.02,48,15,6.25,239.8,10.38,2.49,62.33,25,0,3,4,0.395,0,Low,0,0.00016076994
MRC02271,Retail Trader,7,572,1,1,0,1024455.14,132140.12,34,12,-5.88,7477.77,13.33,14.62,52.73,0,1,11,5,0.68,0,Low,3,0.00010116128
MRC02272,Textile & Apparel,40,541,1,1,0,170939.75,23260.67,55,20,-9.09,773.48,9.79,-9.56,72.34,0,0,0,4,0.438,0,Low,6,0.000115316274
MRC02273,Agri-Allied,92,661,2,0,0,1552943.11,88573.75,48,4,75.0,8046.34,59.64,15.9,0.0,0,3,27,1,0.119,1,High,0,0.9990393
MRC02274,Small Mfg,39,636,2,1,0,654411.13,71485.12,44,12,18.18,3697.24,24.37,13.25,30.38,0,0,7,4,0.991,0,Low,4,5.2375242e-05
MRC02275,Construction,62,656,1,0,0,827484.22,24920.39,51,16,5.88,4036.51,13.91,13.2,0.0,0,0,11,5,0.93,0,Low,1,6.4472755e-05
MRC02276,Small Mfg,103,648,1,0,1,1690263.52,123802.55,46,17,-10.87,9136.56,21.97,8.69,0.0,28,1,11,4,0.621,0,Low,4,4.6797988e-05
MRC02277,Food & Beverages,92,856,1,1,0,239946.55,19979.63,42,15,-7.14,1419.8,20.9,4.8,36.22,0,1,12,4,0.567,0,Low,2,0.00027378718
MRC02278,Agri-Allied,78,543,1,1,1,1136084.36,135798.74,39,12,7.69,7236.21,13.89,7.27,49.58,34,1,3,4,0.436,0,Low,0,9.688407e-05
MRC02279,Small Mfg,53,490,2,1,0,1005650.61,136724.63,49,14,14.29,5104.83,24.84,-3.68,53.59,0,0,6,5,0.895,0,Low,4,0.00010467795
MRC02280,Retail Trader,114,676,3,1,1,584354.44,37309.17,41,14,-2.44,3541.54,21.82,2.21,51.08,31,0,9,3,0.607,0,Low,3,0.00012435882
MRC02281,Retail Trader,102,619,1,1,1,239468.36,21218.35,32,10,6.25,1856.34,14.65,3.4,49.55,28,0,0,4,0.381,0,Low,3,2.7934171e-05
MRC02282,Textile & Apparel,4,675,1,1,0,1489999.04,155210.62,42,12,14.29,8816.56,11.19,-8.41,58.4,0,1,10,5,0.918,0,Low,6,0.00013000703
MRC02283,Agri-Allied,106,696,1,1,1,1696614.67,106427.52,48,17,-6.25,8790.75,6.51,11.66,59.64,30,0,11,5,0.607,0,Low,0,0.00011033981
MRC02284,Retail Trader,82,752,2,1,1,835948.62,123820.68,52,19,-9.62,3999.75,14.3,1.42,61.39,27,0,6,5,0.809,0,Low,3,0.000162484
MRC02285,Retail Trader,108,529,1,0,1,201922.07,27027.4,39,11,15.38,1286.13,12.2,12.47,0.0,36,0,9,5,0.386,0,Low,3,0.00016467087
MRC02286,Retail Trader,112,605,2,0,1,387341.17,22672.0,63,8,61.9,1530.99,32.31,15.91,0.0,4,1,48,1,0.071,1,High,3,0.9954254
MRC02287,Construction,25,684,1,1,1,678473.52,58371.12,39,14,-7.69,4321.49,5.39,0.22,55.84,35,0,13,4,0.49,0,Low,1,9.384849e-05
MRC02288,Textile & Apparel,7,711,2,0,1,1666428.81,83336.9,57,5,73.68,7276.98,38.12,23.08,0.0,7,3,57,1,0.029,1,High,6,0.99955064
MRC02289,Agri-Allied,102,825,3,0,0,109077.37,9477.24,51,9,47.06,532.08,38.21,22.47,0.0,0,2,26,1,0.195,1,High,0,0.9987435
MRC02290,Retail Trader,28,726,3,0,1,370806.57,40356.07,42,15,-7.14,2194.12,14.39,3.71,0.0,28,0,13,5,0.65,0,Low,3,6.614707e-05
MRC02291,Small Mfg,69,645,4,0,1,449905.54,14000.04,33,9,18.18,3382.75,8.66,12.82,0.0,28,0,6,3,0.889,0,Low,4,5.72611e-05
MRC02292,Textile & Apparel,67,578,2,1,0,660091.74,87868.27,43,4,72.09,3815.56,60.38,57.74,89.88,0,0,62,1,0.194,1,High,6,0.99968326
MRC02293,Retail Trader,108,604,3,1,1,153033.12,14872.82,45,15,0.0,845.49,12.97,6.2,67.22,29,3,1,4,0.889,0,Low,3,0.0011464931
MRC02294,Agri-Allied,95,602,1,1,1,561833.41,83515.62,49,14,14.29,2851.95,21.85,7.69,51.88,36,0,12,4,0.414,0,Low,0,0.00011235671
MRC02295,Retail Trader,111,702,1,1,1,502534.58,11722.57,40,11,17.5,3121.33,9.75,-2.0,61.87,36,0,12,3,0.456,0,Low,3,0.00011826265
MRC02296,Retail Trader,106,670,1,1,1,210005.66,26900.63,35,11,5.71,1489.4,6.93,12.02,63.38,37,0,12,4,0.757,0,Low,3,0.00012693756
MRC02297,Retail Trader,20,544,2,1,0,633134.97,77847.23,37,11,10.81,4249.23,17.72,-0.48,56.77,0,2,11,5,0.793,0,Low,3,0.0008656617
MRC02298,Retail Trader,83,615,3,1,0,381016.17,14200.79,46,4,73.91,2059.55,32.07,28.24,77.68,0,5,53,2,0.077,1,High,3,0.99877316
MRC02299,Retail Trader,112,720,1,1,1,1322062.23,84069.58,44,13,11.36,7469.28,17.94,5.4,44.48,29,2,4,5,0.88,0,Low,3,0.00082623557
MRC02300,Textile & Apparel,11,678,2,0,1,252106.51,34040.3,36,3,75.0,1738.67,52.9,28.98,0.0,5,5,16,1,0.01,1,High,6,0.9996729
MRC02301,Food & Beverages,104,695,2,0,0,812442.93,71006.75,46,14,8.7,4391.58,13.84,-5.42,0.0,0,2,2,4,0.585,0,Low,2,0.001514909
MRC02302,Agri-Allied,67,680,3,1,0,276490.96,19953.41,39,14,-7.69,1761.09,10.68,4.81,36.22,0,1,2,4,0.546,0,Low,0,0.00010417895
MRC02303,Agri-Allied,87,780,2,1,1,355149.79,48909.29,50,15,10.0,1766.91,13.62,-0.61,72.23,36,1,0,5,0.497,0,Low,0,9.579097e-05
MRC02304,Textile & Apparel,7,668,4,1,1,1042101.55,33487.71,46,17,-10.87,5632.98,7.98,-0.52,54.44,27,0,2,4,0.418,0,Low,6,0.00010484567
MRC02305,Construction,23,619,1,1,1,966717.2,78793.22,35,5,57.14,6856.15,30.59,35.74,95.33,0,5,70,1,0.019,1,High,1,0.9998542
MRC02306,Textile & Apparel,61,576,1,0,0,442224.69,46348.97,49,16,2.04,2244.8,14.75,6.93,0.0,0,0,8,4,0.725,0,Low,6,6.9510104e-05
MRC02307,Retail Trader,71,669,2,0,1,527923.81,52322.73,43,13,9.3,3051.58,7.9,8.24,0.0,30,0,6,4,0.505,0,Low,3,0.00010742555
MRC02308,Small Mfg,110,454,1,1,1,127474.58,6929.0,50,5,70.0,634.2,60.52,32.75,84.91,5,2,34,2,0.037,1,High,4,0.9999262
MRC02309,Retail Trader,34,635,1,0,1,3926728.41,366091.55,34,12,-5.88,28662.25,5.23,-7.0,0.0,28,1,7,5,0.722,0,Low,3,3.528538e-05
MRC02310,Textile & Apparel,106,633,2,1,1,1664354.1,186595.78,55,20,-9.09,7531.01,11.43,9.79,58.34,25,0,6,5,0.601,0,Low,6,4.8353297e-05
MRC02311,Agri-Allied,19,540,2,1,1,1593968.95,153076.97,41,14,-2.44,9660.42,15.33,6.74,57.01,29,1,7,5,0.948,0,Low,0,9.449865e-05
MRC02312,Tech Services,58,575,2,1,0,107576.91,11723.74,38,11,13.16,703.12,23.58,10.02,36.54,0,1,12,5,0.647,0,Low,5,0.00016143662
MRC02313,Agri-Allied,9,714,1,0,0,356971.78,19023.11,48,16,0.0,1849.59,16.47,-2.1,0.0,0,0,9,3,0.581,0,Low,0,9.617503e-05
MRC02314,Small Mfg,48,668,2,1,0,488231.41,62625.62,49,18,-10.2,2478.33,10.9,12.73,44.2,0,0,4,5,0.612,0,Low,4,0.00011095937
MRC02315,Construction,115,658,1,1,0,71878.05,5639.53,44,15,-2.27,406.09,12.04,-3.43,40.0,0,0,13,4,0.598,0,Low,1,8.0706006e-05
MRC02316,Retail Trader,82,674,1,1,1,2122149.64,314797.77,54,20,-11.11,9779.49,11.78,-2.76,61.83,31,0,1,3,0.438,0,Low,3,0.00010555491
MRC02317,Retail Trader,41,657,2,1,1,4175152.26,96141.61,36,11,8.33,28794.15,8.61,3.41,39.69,45,0,9,3,0.679,0,Low,3,3.4446533e-05
MRC02318,Textile & Apparel,48,749,1,1,0,8660837.17,601417.18,43,15,-4.65,50062.64,7.9,14.93,52.44,0,1,4,5,0.7,0,Low,6,0.00014305906
MRC02319,Textile & Apparel,45,659,1,0,1,207926.39,9036.85,43,15,-4.65,1201.89,14.61,-4.95,0.0,30,0,3,3,0.983,0,Low,6,4.6429923e-05
MRC02320,Textile & Apparel,106,533,2,1,1,839690.12,77443.98,48,17,-6.25,4350.73,10.41,10.96,67.06,29,1,4,3,0.911,0,Low,6,0.000115687115
MRC02321,Tech Services,25,780,1,1,1,3567522.46,184143.6,52,18,-3.85,17069.49,6.84,-9.94,72.95,35,0,6,4,0.338,0,Low,5,0.0001582312
MRC02322,Small Mfg,116,679,4,0,1,538023.67,62341.95,34,2,82.35,3927.18,36.36,34.19,0.0,4,0,40,2,0.135,1,High,4,0.99981767
MRC02323,Small Mfg,78,602,2,0,1,369392.3,49735.93,36,5,58.33,2547.53,64.43,31.98,0.0,4,4,77,2,0.175,1,High,4,0.99987423
MRC02324,Textile & Apparel,108,549,4,0,0,77713.07,3684.76,51,19,-11.76,379.09,10.14,6.22,0.0,0,0,8,3,0.664,0,Low,6,0.00017105063
MRC02325,Food & Beverages,25,681,1,1,0,2839523.88,116102.71,45,14,6.67,15687.98,9.75,-7.16,61.43,0,0,3,5,0.327,0,Low,2,0.00014188883
MRC02326,Construction,19,640,2,1,0,712750.77,95363.51,43,16,-11.63,4119.95,17.41,-6.78,70.67,0,1,12,3,0.73,0,Low,1,6.5570915e-05
MRC02327,Food & Beverages,39,775,1,0,1,304002.06,20357.6,40,11,17.5,1888.21,18.79,-6.34,0.0,24,0,0,4,0.656,0,Low,2,5.6078123e-05
MRC02328,Retail Trader,119,622,3,1,1,1025436.31,78441.65,44,12,18.18,5793.43,9.82,6.56,31.83,37,0,9,3,0.634,0,Low,3,5.24943e-05
MRC02329,Small Mfg,79,583,1,1,1,876425.03,42704.72,59,19,3.39,3698.0,14.44,-7.13,35.6,30,0,1,5,0.478,0,Low,4,0.00010680167
MRC02330,Retail Trader,80,721,1,0,1,892615.26,67205.84,56,20,-7.14,3967.18,20.29,-0.04,0.0,42,0,0,4,0.639,0,Low,3,0.00011189984
MRC02331,Retail Trader,27,724,3,0,1,562126.57,28145.12,39,12,7.69,3580.42,18.8,-6.08,0.0,33,1,9,3,0.765,0,Low,3,0.00011173243
MRC02332,Retail Trader,104,663,1,0,1,5110612.36,544640.86,51,17,0.0,24929.82,6.39,-0.45,0.0,49,0,4,5,0.712,0,Low,3,9.076041e-05
MRC02333,Small Mfg,74,704,1,1,1,621324.22,52721.8,52,8,53.85,2972.84,51.98,58.86,97.97,7,2,46,1,0.12,1,High,4,0.9999341
MRC02334,Small Mfg,63,646,1,0,1,5092026.75,623507.77,49,15,8.16,25847.85,19.47,-3.06,0.0,42,0,13,5,0.649,0,Low,4,4.580477e-05
MRC02335,Retail Trader,68,668,2,1,1,1435380.19,87062.49,34,10,11.76,10477.23,8.59,5.44,33.47,37,0,4,4,0.32,0,Low,3,0.00010834185
MRC02336,Textile & Apparel,115,743,1,1,0,1111703.6,95303.41,52,15,13.46,5319.16,8.92,-3.79,66.16,0,1,13,5,0.428,0,Low,6,0.00022738262
MRC02337,Textile & Apparel,19,700,1,1,1,636710.46,34215.57,37,12,2.7,4273.22,17.6,8.44,50.49,37,1,5,5,0.311,0,Low,6,9.9152065e-05
MRC02338,Textile & Apparel,28,636,1,0,1,2347233.67,332090.4,51,16,5.88,11449.92,10.68,9.43,0.0,31,0,0,4,0.39,0,Low,6,4.282283e-05
MRC02339,Retail Trader,85,758,2,1,0,835336.67,73385.69,46,14,8.7,4515.33,11.48,-2.24,73.62,0,0,4,3,0.595,0,Low,3,0.00031940208
MRC02340,Textile & Apparel,111,460,2,1,1,238337.39,10141.29,48,18,-12.5,1234.91,15.46,-9.41,50.68,27,0,6,5,0.925,0,Low,6,0.00014874001
MRC02341,Food & Beverages,78,814,1,0,1,228984.45,12699.37,42,15,-7.14,1354.94,20.01,-6.77,0.0,40,1,13,4,0.459,0,Low,2,0.00017481817
MRC02342,Retail Trader,33,513,1,0,0,1211029.7,37272.17,57,19,0.0,5288.34,14.97,2.27,0.0,0,0,1,5,0.624,0,Low,3,9.999724e-05
MRC02343,Retail Trader,112,599,1,1,0,245522.86,5798.29,42,14,0.0,1452.8,22.87,-0.45,41.91,0,0,4,4,0.585,0,Low,3,0.00015650991
MRC02344,Textile & Apparel,10,646,1,1,1,676929.72,59820.17,42,12,14.29,4005.5,7.13,-1.36,70.73,38,1,10,5,0.67,0,Low,6,4.7773177e-05
MRC02345,Construction,83,638,1,0,1,2593766.04,165549.66,37,4,67.57,17407.83,36.04,53.75,0.0,4,2,51,2,0.11,1,High,1,0.99986863
MRC02346,Small Mfg,30,730,2,1,1,1050486.78,152625.8,41,15,-9.76,6366.59,15.87,-5.96,40.26,21,2,2,4,0.984,0,Low,4,0.00071372016
MRC02347,Small Mfg,22,565,2,1,1,306642.59,12962.73,47,17,-8.51,1622.45,21.33,1.42,73.56,34,0,12,5,0.73,0,Low,4,7.806576e-05
MRC02348,Textile & Apparel,3,670,3,1,0,3960912.61,488018.68,45,5,66.67,21883.5,46.06,48.85,98.82,0,1,27,2,0.022,1,High,6,0.99984133
MRC02349,Small Mfg,101,603,1,0,0,1407675.45,85975.59,52,15,13.46,6735.29,14.64,14.53,0.0,0,0,10,5,0.682,0,Low,4,0.00010807109
MRC02350,Retail Trader,105,673,2,1,1,2474011.76,121374.67,45,17,-13.33,13668.57,21.47,-8.78,64.94,30,0,5,3,0.46,0,Low,3,0.00011700512
MRC02351,Small Mfg,82,644,2,0,1,47998.74,7010.35,47,14,10.64,253.96,21.64,-9.61,0.0,26,0,10,5,0.878,0,Low,4,7.562234e-05
MRC02352,Tech Services,75,657,2,1,1,1084927.21,134894.38,34,5,55.88,7919.18,34.87,45.61,81.6,5,2,25,2,0.052,1,High,5,0.99991894
MRC02353,Small Mfg,48,606,3,1,0,2003867.06,204355.8,40,11,17.5,12446.38,21.44,-8.43,38.2,0,1,3,3,0.507,0,Low,4,4.195753e-05
MRC02354,Tech Services,2,609,1,0,0,5611599.6,620787.33,53,19,-7.55,26345.54,18.65,10.27,0.0,0,0,0,4,0.372,0,Low,5,4.6182766e-05
MRC02355,Small Mfg,76,672,1,1,1,125921.97,18747.21,43,12,16.28,727.87,13.19,10.49,51.81,37,1,13,3,0.639,0,Low,4,0.00011720288
MRC02356,Retail Trader,54,725,2,0,0,3101317.28,301190.52,38,13,-2.63,20270.05,24.39,0.81,0.0,0,0,0,5,0.829,0,Low,3,0.00013354271
MRC02357,Tech Services,6,602,1,1,1,5247468.58,174462.9,42,12,14.29,31050.11,5.62,10.96,56.53,25,0,5,4,0.523,0,Low,5,9.302343e-05
MRC02358,Retail Trader,107,580,1,0,0,64812.47,1842.79,43,12,16.28,374.64,12.65,8.51,0.0,0,0,1,5,0.741,0,Low,3,0.00015612804
MRC02359,Agri-Allied,40,699,1,1,1,1295373.12,138163.05,35,4,65.71,9187.04,31.45,56.75,79.31,1,2,71,3,0.057,1,High,0,0.9999013
MRC02360,Retail Trader,108,647,1,0,1,1530561.13,161456.06,55,7,61.82,6925.62,45.49,20.72,0.0,2,2,57,1,0.193,1,High,3,0.99878055
MRC02361,Retail Trader,93,716,2,1,1,492668.0,57771.53,30,2,80.0,4071.64,36.05,16.44,96.65,8,2,36,2,0.099,1,High,3,0.9993993
MRC02362,Textile & Apparel,94,577,1,1,1,405098.95,13830.58,49,14,14.29,2056.34,17.56,-1.93,62.94,26,0,12,4,0.75,0,Low,6,6.3266954e-05
MRC02363,Textile & Apparel,2,507,1,1,1,1625660.41,232204.94,50,14,16.0,8087.86,19.33,9.37,43.91,30,1,5,4,0.991,0,Low,6,9.049993e-05
MRC02364,Agri-Allied,73,607,2,0,0,348719.06,31960.31,29,11,-13.79,2980.5,8.68,12.43,0.0,0,0,3,4,0.842,0,Low,0,5.1506664e-05
MRC02365,Agri-Allied,111,588,2,1,1,562024.55,58699.09,46,15,2.17,3037.97,8.0,8.64,61.07,37,0,7,5,0.724,0,Low,0,0.00012002712
MRC02366,Retail Trader,2,643,4,0,1,1933653.7,47434.09,45,16,-6.67,10683.17,5.96,-7.65,0.0,34,0,3,4,0.479,0,Low,3,4.9874037e-05
MRC02367,Retail Trader,93,599,1,1,1,5985507.33,867459.51,34,3,73.53,43689.83,55.64,38.24,93.76,6,1,30,1,0.151,1,High,3,0.9999199
MRC02368,Agri-Allied,97,709,4,1,1,1391066.29,129559.66,47,4,74.47,7360.14,64.96,38.79,92.61,10,3,60,1,0.103,1,High,0,0.9998728
MRC02369,Textile & Apparel,74,626,2,1,1,856133.32,79823.48,45,15,0.0,4730.02,23.88,3.53,66.29,37,2,9,3,0.7,0,Low,6,0.0005191242
MRC02370,Small Mfg,98,662,2,1,1,392512.25,55996.66,45,8,46.67,2168.58,46.41,30.1,82.68,9,1,55,2,0.032,1,High,4,0.99906343
MRC02371,Small Mfg,108,662,1,0,1,216919.14,30545.58,48,16,0.0,1123.93,12.31,12.81,0.0,23,2,13,4,0.485,0,Low,4,0.000825927
MRC02372,Food & Beverages,55,665,2,1,1,2762078.1,134344.21,39,11,15.38,17592.85,19.52,-9.81,31.65,36,1,12,4,0.83,0,Low,2,6.872079e-05
MRC02373,Small Mfg,72,648,3,0,1,606742.75,85576.73,58,20,-3.45,2604.05,21.54,0.67,0.0,35,0,4,4,0.65,0,Low,4,5.1968516e-05
MRC02374,Textile & Apparel,101,690,3,1,1,2901806.2,335915.31,55,9,50.91,13130.34,57.73,46.83,86.3,8,1,76,3,0.085,1,High,6,0.9997002
MRC02375,Small Mfg,118,586,1,1,1,491166.15,11030.16,48,18,-12.5,2544.9,6.25,-9.95,72.64,24,1,6,5,0.527,0,Low,4,9.078845e-05
MRC02376,Retail Trader,60,761,1,1,1,334654.39,17127.48,39,13,0.0,2131.56,9.3,5.61,37.87,21,0,3,4,0.971,0,Low,3,8.205505e-05
MRC02377,Textile & Apparel,97,631,2,1,1,1208582.41,89057.32,47,15,4.26,6394.62,23.78,11.27,71.64,22,0,0,4,0.576,0,Low,6,6.470318e-05
MRC02378,Food & Beverages,111,545,3,0,1,665408.8,63724.15,46,5,67.39,3596.8,43.07,27.81,0.0,5,0,40,2,0.148,1,High,2,0.9973061
MRC02379,Textile & Apparel,6,665,1,1,1,171676.24,19085.74,47,4,74.47,908.34,60.75,19.57,98.88,3,4,25,3,0.016,1,High,6,0.9996817
MRC02380,Food & Beverages,108,581,2,0,0,6458075.98,305643.63,39,14,-7.69,41134.24,15.28,14.44,0.0,0,0,11,4,0.735,0,Low,2,0.00010820051
MRC02381,Food & Beverages,104,703,2,1,1,343732.66,44262.82,39,12,7.69,2189.38,12.86,13.01,55.13,33,1,2,3,0.913,0,Low,2,6.519793e-05
MRC02382,Tech Services,109,826,2,1,0,2220204.41,288500.0,40,14,-5.0,13790.09,18.02,3.43,45.94,0,2,8,3,0.792,0,Low,5,0.0016059284
MRC02383,Tech Services,19,587,2,0,1,2003142.9,205422.0,47,17,-8.51,10598.64,14.46,11.51,0.0,32,0,10,3,0.432,0,Low,5,0.00010519127
MRC02384,Textile & Apparel,96,676,1,0,0,160917.11,22486.91,37,13,-5.41,1079.98,12.48,9.27,0.0,0,1,2,4,0.796,0,Low,6,0.00019909578
MRC02385,Textile & Apparel,27,509,4,0,0,219067.42,27534.08,51,18,-5.88,1068.62,11.96,10.44,0.0,0,1,1,4,0.472,0,Low,6,0.0001545267
MRC02386,Small Mfg,1,686,2,1,1,507975.65,24794.84,44,13,11.36,2869.92,8.16,-0.05,55.82,32,1,8,5,0.584,0,Low,4,9.122994e-05
MRC02387,Textile & Apparel,107,579,2,0,1,258131.43,31963.9,50,17,-2.0,1284.24,15.59,1.89,0.0,30,2,4,4,0.49,0,Low,6,0.00082919915
MRC02388,Small Mfg,116,600,1,1,1,5790606.8,833362.53,36,5,58.33,39935.22,40.29,42.03,85.6,4,4,57,2,0.071,1,High,4,0.9999423
MRC02389,Small Mfg,33,561,2,1,0,573658.32,21735.25,40,14,-5.0,3563.1,16.82,-8.71,45.49,0,0,9,4,0.388,0,Low,4,0.00011622294
MRC02390,Small Mfg,40,708,1,0,0,2121637.71,312370.26,48,13,18.75,10992.94,7.32,4.93,0.0,0,1,13,5,0.578,0,Low,4,0.00011363698
MRC02391,Textile & Apparel,32,730,1,1,0,1351012.5,31409.78,44,16,-9.09,7632.84,23.3,-2.26,35.62,0,0,11,4,0.35,0,Low,6,0.00014496491
MRC02392,Retail Trader,69,651,2,1,1,1001317.25,87997.5,41,15,-9.76,6068.59,19.84,2.57,45.11,26,0,0,3,0.32,0,Low,3,5.6165143e-05
MRC02393,Textile & Apparel,17,580,2,0,1,765577.29,92333.3,46,16,-4.35,4138.26,7.62,14.07,0.0,41,0,11,5,0.689,0,Low,6,0.0001137954
MRC02394,Retail Trader,8,777,2,1,1,3218921.26,395144.97,44,3,79.55,18186.0,36.57,45.54,86.32,4,4,50,1,0.115,1,High,3,0.9999268
MRC02395,Tech Services,57,589,1,0,1,271003.88,31302.96,50,18,-8.0,1348.28,17.86,11.84,0.0,29,1,12,5,0.349,0,Low,5,0.00013878611
MRC02396,Textile & Apparel,42,477,2,0,1,5789765.64,514221.96,44,16,-9.09,32710.54,11.83,-7.83,0.0,37,0,4,4,0.727,0,Low,6,7.1453214e-05
MRC02397,Retail Trader,98,686,1,1,0,155644.86,16284.4,32,11,-3.12,1206.55,11.38,6.34,53.38,0,0,3,4,0.563,0,Low,3,0.00021450206
MRC02398,Retail Trader,9,561,2,1,1,1863215.04,206800.44,41,7,48.78,11292.21,36.81,26.1,90.75,5,0,39,1,0.191,1,High,3,0.9960304
MRC02399,Small Mfg,87,729,1,1,1,135104.44,11387.97,39,11,15.38,860.54,11.9,-7.5,56.97,24,0,5,5,0.765,0,Low,4,0.00013486217
MRC02400,Small Mfg,35,619,2,1,0,499395.35,48660.61,34,12,-5.88,3645.22,17.64,8.92,40.43,0,0,7,5,0.586,0,Low,4,4.3426164e-05
MRC02401,Textile & Apparel,114,698,3,1,0,815838.69,106081.75,42,14,0.0,4827.45,15.74,7.46,71.41,0,1,0,5,0.397,0,Low,6,0.00023630586
MRC02402,Retail Trader,71,762,1,0,0,406754.7,24679.55,40,11,17.5,2526.43,10.26,6.01,0.0,0,0,8,4,0.741,0,Low,3,0.00021125858
MRC02403,Textile & Apparel,79,553,1,0,1,586540.22,51625.41,45,5,66.67,3240.55,47.91,34.77,0.0,3,0,72,1,0.172,1,High,6,0.99946815
MRC02404,Textile & Apparel,53,604,2,0,1,138086.48,2913.95,51,18,-5.88,673.59,23.86,-9.41,0.0,32,1,11,4,0.48,0,Low,6,0.0001128203
MRC02405,Small Mfg,54,643,2,1,1,223029.52,24392.01,46,13,15.22,1205.56,11.63,0.87,60.84,29,1,12,4,0.435,0,Low,4,4.8751204e-05
MRC02406,Small Mfg,84,773,2,1,1,1326318.54,60215.01,50,18,-8.0,6598.6,20.68,4.07,70.58,21,0,2,3,0.924,0,Low,4,0.00018334262
MRC02407,Textile & Apparel,114,597,2,0,1,755856.02,62380.92,34,9,20.59,5517.2,22.23,-1.06,0.0,29,1,7,5,0.453,0,Medium,6,0.00013254657
MRC02408,Retail Trader,25,602,1,0,1,318496.37,15073.38,41,6,56.1,1930.28,63.65,45.84,0.0,4,0,82,1,0.116,1,High,3,0.99935836
MRC02409,Construction,67,688,1,1,1,3573776.06,82409.07,34,12,-5.88,26085.96,18.26,12.48,72.02,25,0,4,3,0.427,0,Low,1,0.0001259507
MRC02410,Textile & Apparel,62,603,1,0,0,168734.7,13974.38,49,14,14.29,856.52,19.99,7.42,0.0,0,0,3,4,0.463,0,Low,6,0.00015297256
MRC02411,Small Mfg,55,662,1,1,1,472641.02,35556.01,38,12,5.26,3089.16,13.68,4.23,44.24,22,0,3,4,0.567,0,Low,4,6.825265e-05
MRC02412,Retail Trader,46,525,2,1,1,397604.26,29927.45,47,15,4.26,2103.73,16.39,8.45,53.54,38,0,12,4,0.787,0,Low,3,4.9619426e-05
MRC02413,Agri-Allied,24,827,1,1,1,1525824.01,71934.67,47,8,48.94,8073.14,54.75,21.24,78.7,6,3,25,2,0.003,1,High,0,0.99975055
MRC02414,Retail Trader,98,542,3,0,1,772816.13,110618.27,46,14,8.7,4177.38,11.37,5.75,0.0,30,0,13,5,0.552,0,Low,3,0.00012573159
MRC02415,Agri-Allied,46,624,3,1,1,640626.39,13104.61,54,16,11.11,2952.2,19.15,0.18,69.37,34,1,11,4,0.615,0,Low,0,3.7581896e-05
MRC02416,Construction,22,647,3,0,0,79772.97,10841.22,45,13,13.33,440.73,17.05,-2.03,0.0,0,0,11,3,0.312,0,Low,1,8.649354e-05
MRC02417,Textile & Apparel,11,803,3,1,0,2059639.19,238500.55,42,15,-7.14,12187.21,7.73,2.68,63.68,0,0,5,3,0.432,0,Low,6,0.00023918645
MRC02418,Retail Trader,48,544,1,0,1,561635.88,23796.16,39,3,76.92,3577.3,57.88,22.25,0.0,6,6,81,1,0.146,1,High,3,0.99956363
MRC02419,Retail Trader,8,808,3,1,1,838016.63,68201.95,46,13,15.22,4529.82,23.76,0.31,47.46,33,1,6,5,0.777,0,Low,3,0.00015298977
MRC02420,Textile & Apparel,39,710,1,1,0,297070.31,44129.95,38,11,13.16,1941.64,9.48,7.56,42.38,0,1,0,3,0.363,0,Low,6,7.362602e-05
MRC02421,Retail Trader,107,683,1,0,1,245979.99,25503.4,32,2,81.25,1906.82,56.19,18.17,0.0,2,2,56,1,0.177,1,High,3,0.99944884
MRC02422,Retail Trader,35,571,2,1,0,4408942.0,161186.4,40,11,17.5,27384.73,10.34,12.9,32.16,0,1,4,5,0.65,0,Low,3,0.00010269942
MRC02423,Food & Beverages,49,695,1,1,1,86865.28,6905.22,43,12,16.28,502.11,16.27,1.12,40.27,34,0,0,4,0.48,0,Low,2,9.175961e-05
MRC02424,Textile & Apparel,46,592,4,0,1,205861.97,16647.32,41,12,12.2,1247.65,20.64,10.5,0.0,38,0,11,5,0.739,0,Low,6,0.00011789368
MRC02425,Textile & Apparel,38,751,2,0,0,4310612.59,535784.29,52,16,7.69,20624.94,11.88,11.05,0.0,0,0,8,3,0.757,0,Low,6,0.00015188017
MRC02426,Tech Services,8,572,2,1,1,1573630.07,218893.8,44,13,11.36,8890.57,16.1,1.6,46.92,32,0,7,5,0.479,0,Low,5,9.501822e-05
MRC02427,Retail Trader,54,640,1,1,0,493582.33,15148.73,50,14,16.0,2455.63,14.01,2.21,40.78,0,0,8,4,0.658,0,Low,3,4.1303283e-05
MRC02428,Construction,37,605,2,1,1,3255692.55,198027.0,63,21,0.0,12868.35,20.2,-1.66,65.22,34,0,1,5,0.656,0,Low,1,7.9615136e-05
MRC02429,Textile & Apparel,91,570,1,1,1,1246976.2,73318.41,48,17,-6.25,6461.02,14.57,2.39,72.44,29,1,9,5,0.877,0,Low,6,0.00011073792
MRC02430,Tech Services,92,709,3,1,0,964333.16,144154.55,47,16,-2.13,5102.29,16.34,-3.77,64.87,0,1,4,4,0.941,0,Low,5,0.00020919241
MRC02431,Small Mfg,40,692,1,1,1,956154.15,88635.04,50,16,4.0,4756.99,21.91,11.46,35.66,37,1,13,4,0.719,0,Low,4,7.190283e-05
MRC02432,Food & Beverages,34,746,2,1,1,1274782.15,171302.8,57,18,5.26,5566.73,18.97,-3.75,44.41,24,0,13,5,0.996,0,Low,2,0.00011622871
MRC02433,Construction,96,507,1,0,0,1338193.33,100878.73,50,17,-2.0,6657.68,15.55,-3.56,0.0,0,0,7,4,0.541,0,Low,1,8.9480476e-05
MRC02434,Textile & Apparel,79,735,1,1,0,10172185.72,1159161.35,42,15,-7.14,60190.45,14.23,12.39,38.82,0,0,2,3,0.591,0,Low,6,0.00017403513
MRC02435,Construction,108,850,2,0,0,577306.51,33054.34,44,6,59.09,3261.62,62.2,18.75,0.0,0,5,39,1,0.091,1,High,1,0.9998241
MRC02436,Textile & Apparel,17,613,1,0,1,599075.78,82991.28,55,15,18.18,2710.75,6.13,-7.37,0.0,26,2,10,5,0.362,0,Low,6,0.00050590315
MRC02437,Textile & Apparel,33,801,2,1,0,165334.86,13089.4,40,13,2.5,1026.92,24.06,-1.36,54.42,0,0,1,4,0.942,0,Low,6,0.0002690771
MRC02438,Textile & Apparel,47,628,1,1,1,685376.18,85318.58,38,12,5.26,4479.58,8.73,7.63,61.8,40,1,7,5,0.374,0,Low,6,3.762285e-05
MRC02439,Agri-Allied,110,540,1,0,1,6820642.81,363241.48,42,13,7.14,40358.83,10.54,0.15,0.0,29,1,13,4,0.647,0,Low,0,9.385475e-05
MRC02440,Retail Trader,52,625,2,0,1,2377076.68,261879.12,52,6,65.38,11373.57,46.55,28.29,0.0,6,3,30,2,0.106,1,High,3,0.99906904
MRC02441,Agri-Allied,118,733,1,1,1,379875.45,27605.77,40,14,-5.0,2359.47,21.56,2.47,64.86,31,1,7,5,0.819,0,Low,0,9.0503294e-05
MRC02442,Agri-Allied,80,582,1,1,1,756191.28,18214.47,28,8,14.29,6691.96,21.66,-4.44,36.17,20,2,2,3,0.413,0,Low,0,0.00086328323
MRC02443,Food & Beverages,93,601,3,1,1,153933.19,11343.5,49,16,2.04,781.39,21.59,0.6,74.52,32,1,8,4,0.765,0,Low,2,0.0002169336
MRC02444,Food & Beverages,9,697,1,1,0,227989.94,20861.72,44,3,79.55,1288.08,43.03,22.22,80.58,0,0,31,1,0.048,1,High,2,0.9893113
MRC02445,Textile & Apparel,33,650,1,0,1,872684.51,34670.89,42,14,0.0,5163.81,6.11,-1.23,0.0,35,0,8,4,0.799,0,Low,6,4.065164e-05
MRC02446,Textile & Apparel,60,696,1,0,1,402984.94,17694.55,54,15,16.67,1857.07,13.0,3.31,0.0,30,1,2,5,0.986,0,Low,6,6.0996284e-05
MRC02447,Retail Trader,113,669,1,0,1,208247.02,16749.76,60,4,80.0,864.1,38.33,48.47,0.0,2,0,27,3,0.073,1,High,3,0.99974495
MRC02448,Retail Trader,93,688,2,0,1,1312978.68,84759.16,43,16,-11.63,7589.47,14.35,5.85,0.0,24,0,2,5,0.395,0,Low,3,0.00012326051
MRC02449,Retail Trader,77,615,1,1,1,660861.72,51082.15,36,5,58.33,4557.67,40.62,50.4,97.86,6,3,42,3,0.093,1,High,3,0.99992573
MRC02450,Textile & Apparel,21,668,2,0,1,111183.75,8884.42,40,12,10.0,690.58,5.35,4.89,0.0,25,0,3,4,0.411,0,Low,6,0.00012771752
MRC02451,Retail Trader,58,575,1,0,0,60465.22,2310.37,36,12,0.0,417.0,15.09,2.77,0.0,0,0,10,5,0.964,0,Low,3,0.00015584202
MRC02452,Construction,85,753,1,1,0,368054.46,16030.72,45,15,0.0,2033.45,23.45,5.37,54.5,0,0,0,3,0.563,0,Low,1,0.00012839962
MRC02453,Agri-Allied,69,599,1,1,1,108454.05,14127.39,41,14,-2.44,657.3,10.23,-0.61,56.76,29,0,7,4,0.561,0,Low,0,0.000129683
MRC02454,Textile & Apparel,10,740,2,1,0,77443.69,3187.07,45,15,0.0,427.87,23.59,12.49,49.13,0,0,7,4,0.361,0,Low,6,0.00029458618
MRC02455,Small Mfg,6,631,4,1,1,2827102.92,301281.14,40,12,10.0,17559.65,5.17,4.76,57.27,27,1,8,5,0.334,0,Low,4,4.999146e-05
MRC02456,Retail Trader,115,666,2,0,1,648713.81,48269.92,47,17,-8.51,3432.35,6.58,13.41,0.0,28,1,5,3,0.846,0,Low,3,0.000103265746
MRC02457,Textile & Apparel,13,610,4,1,1,530441.18,77375.86,37,13,-5.41,3560.01,14.54,0.11,45.55,28,1,6,5,0.479,0,Low,6,5.112789e-05
MRC02458,Small Mfg,65,568,1,0,1,581818.03,16636.25,35,11,5.71,4126.37,7.13,-0.14,0.0,23,1,3,4,0.97,0,Low,4,9.714875e-05
MRC02459,Agri-Allied,20,510,1,1,1,186204.61,23824.98,43,12,16.28,1076.33,9.51,14.13,41.5,19,0,7,5,0.98,0,Low,0,0.00013700943
MRC02460,Textile & Apparel,57,565,1,1,1,1194420.15,100198.0,46,15,2.17,6456.33,10.95,8.23,64.74,27,0,4,4,0.744,0,Low,6,9.878769e-05
MRC02461,Construction,111,624,1,1,0,623534.65,12904.55,50,15,10.0,3102.16,14.63,2.97,63.18,0,0,2,4,0.707,0,Low,1,4.315555e-05
MRC02462,Tech Services,46,666,1,1,1,293933.73,15953.5,42,15,-7.14,1739.25,12.81,7.96,66.49,32,0,9,5,0.597,0,Low,5,3.8646875e-05
MRC02463,Small Mfg,8,730,1,1,1,351809.66,25682.31,47,14,10.64,1861.43,23.44,-0.08,61.63,27,1,13,4,0.878,0,Low,4,5.687536e-05
MRC02464,Agri-Allied,10,614,1,1,1,167217.32,10174.39,39,4,69.23,1065.08,45.72,42.18,94.29,3,3,45,2,0.155,1,High,0,0.9997427
MRC02465,Small Mfg,73,579,1,0,1,447982.1,30067.86,41,15,-9.76,2715.04,19.96,-4.76,0.0,46,0,12,5,0.336,0,Low,4,9.663568e-05
MRC02466,Retail Trader,113,534,1,1,0,547132.64,76143.0,39,13,0.0,3484.92,18.19,13.77,47.49,0,1,9,4,0.56,0,Low,3,0.00011705376
MRC02467,Textile & Apparel,105,688,1,0,1,434199.77,29057.27,51,7,58.82,2118.05,59.59,57.51,0.0,2,0,46,2,0.146,1,High,6,0.9992219
MRC02468,Retail Trader,67,760,3,1,1,779326.58,58019.16,53,18,-1.89,3658.81,17.04,-7.68,53.93,30,0,3,4,0.972,0,Low,3,0.00016301907
MRC02469,Agri-Allied,11,751,1,0,1,663833.04,78961.02,48,17,-6.25,3439.55,7.94,11.13,0.0,31,0,10,4,0.467,0,Low,0,0.00012449289
MRC02470,Agri-Allied,12,706,2,0,1,962146.73,118534.9,44,13,11.36,5435.86,14.05,12.36,0.0,24,1,4,4,0.341,0,Low,0,0.00011287055
MRC02471,Retail Trader,10,701,2,1,1,2261901.62,69964.36,43,7,51.16,13074.58,53.8,38.6,98.37,5,0,29,3,0.186,1,High,3,0.99963474
MRC02472,Construction,25,785,1,0,1,1486044.09,165737.17,35,5,57.14,10539.32,68.55,57.23,0.0,5,2,72,1,0.055,1,High,1,0.9999325
MRC02473,Tech Services,49,676,1,1,1,2293312.44,189735.72,46,17,-10.87,12396.28,21.7,13.21,32.34,27,0,8,4,0.39,0,Low,5,7.378268e-05
MRC02474,Small Mfg,49,701,1,0,0,263739.97,9864.14,47,14,10.64,1395.45,11.41,5.55,0.0,0,2,6,5,0.437,0,Low,4,0.0012526984
MRC02475,Agri-Allied,89,624,2,1,1,396195.13,21557.92,45,15,0.0,2188.92,5.82,9.79,49.13,27,0,10,4,0.729,0,Low,0,2.684321e-05
MRC02476,Tech Services,11,541,1,1,0,1598084.08,41317.85,58,19,1.72,6858.73,5.94,1.78,62.76,0,1,0,3,0.405,0,Low,5,0.00010260163
MRC02477,Retail Trader,62,595,1,1,1,1632745.0,109117.71,36,13,-8.33,11260.31,22.5,8.18,68.74,37,1,12,5,0.642,0,Low,3,0.00011382471
MRC02478,Food & Beverages,118,649,1,0,1,323080.0,17188.77,39,12,7.69,2057.83,14.73,14.97,0.0,29,0,5,4,0.946,0,Low,2,2.9682962e-05
MRC02479,Retail Trader,36,654,3,0,0,1519513.4,105869.73,35,10,14.29,10776.69,9.96,-0.44,0.0,0,0,10,4,0.852,0,Low,3,6.178019e-05
MRC02480,Food & Beverages,39,804,1,1,1,235098.88,22438.84,61,22,-8.2,959.59,5.65,8.0,41.76,31,0,10,3,0.782,0,Low,2,0.000114667586
MRC02481,Retail Trader,53,656,2,0,0,1299209.9,149674.36,40,6,55.0,8069.63,51.56,33.9,0.0,0,2,40,1,0.034,1,High,3,0.9998485
MRC02482,Tech Services,90,744,2,0,1,706758.68,69754.08,47,17,-8.51,3739.46,7.74,5.88,0.0,26,0,0,5,0.801,0,Low,5,0.00015032884
MRC02483,Construction,78,615,3,1,0,138507.16,14984.96,52,8,53.85,662.71,32.07,39.44,79.28,0,2,42,1,0.087,1,High,1,0.99977714
MRC02484,Retail Trader,103,625,2,1,1,433267.85,57422.33,35,11,5.71,3072.82,15.32,11.66,67.83,30,2,11,3,0.682,0,Low,3,0.00049602246
MRC02485,Agri-Allied,56,543,2,0,1,10006259.16,1336807.98,44,15,-2.27,56532.54,9.58,-1.01,0.0,30,0,13,4,0.356,0,Low,0,0.00010367067
MRC02486,Construction,104,590,3,0,1,930368.88,122709.62,38,5,60.53,6080.84,31.78,15.06,0.0,2,5,34,2,0.02,1,High,1,0.99408937
MRC02487,Agri-Allied,1,692,2,0,1,11530888.76,460220.36,48,17,-6.25,59745.54,5.4,14.51,0.0,32,0,11,4,0.973,0,Low,0,0.000100751466
MRC02488,Tech Services,56,650,1,1,0,128963.95,6788.53,43,5,65.12,745.46,31.21,25.41,91.72,0,2,31,2,0.028,1,High,5,0.9995757
MRC02489,Small Mfg,118,725,1,0,0,1795672.48,153174.97,39,12,7.69,11437.4,9.01,4.12,0.0,0,0,3,4,0.674,0,Low,4,0.00016316182
MRC02490,Textile & Apparel,4,664,2,1,1,34849.59,2322.24,58,9,53.45,149.57,65.86,15.91,99.59,6,3,42,1,0.031,1,High,6,0.9997002
MRC02491,Textile & Apparel,30,621,3,0,1,729210.28,27066.07,56,16,14.29,3240.93,17.08,-2.13,0.0,36,0,12,5,0.978,0,Low,6,4.5259112e-05
MRC02492,Retail Trader,12,821,2,0,0,1555738.41,89311.1,37,12,2.7,10441.2,16.13,-9.62,0.0,0,0,5,5,0.555,0,Low,3,0.00023011233
MRC02493,Food & Beverages,35,642,2,1,0,1993630.91,292676.46,44,4,72.73,11263.45,34.55,16.05,81.01,0,3,43,3,0.051,1,High,2,0.99915385
MRC02494,Textile & Apparel,77,743,2,0,1,279533.2,18197.74,42,13,7.14,1654.04,9.31,5.49,0.0,31,0,4,4,0.987,0,Low,6,9.0839894e-05
MRC02495,Agri-Allied,52,617,1,1,1,2538054.77,188980.59,44,16,-9.09,14339.29,24.39,-4.24,58.61,33,2,8,3,0.951,0,Low,0,0.00039754363
MRC02496,Agri-Allied,31,706,2,1,1,384439.72,8008.72,34,10,11.76,2806.13,24.34,-3.09,36.67,40,0,12,5,0.383,0,Low,0,0.000102495236
MRC02497,Agri-Allied,102,724,1,0,0,599039.79,68005.35,57,6,68.42,2615.89,36.42,46.02,0.0,0,1,72,1,0.168,1,High,0,0.9995347
MRC02498,Tech Services,107,666,4,1,1,433658.8,31987.33,38,14,-10.53,2834.37,20.52,6.05,63.73,21,0,11,5,0.893,0,Low,5,0.00011919781
MRC02499,Construction,87,461,2,0,0,186527.28,6231.54,45,16,-6.67,1030.54,7.38,8.32,0.0,0,0,7,5,0.863,0,Low,1,0.0001655986
MRC02500,Textile & Apparel,68,651,2,0,1,4797778.25,700055.22,52,6,65.38,22955.88,61.52,52.49,0.0,6,1,72,2,0.004,1,High,6,0.999694
MRC02501,Food & Beverages,52,748,1,0,1,772680.86,93545.63,37,4,67.57,5185.78,47.86,16.82,0.0,7,1,71,1,0.129,1,High,2,0.9986249
MRC02502,Food & Beverages,80,692,1,1,1,2689274.61,307651.7,47,14,10.64,14228.97,10.78,10.53,50.81,20,2,3,3,0.402,0,Low,2,0.00084737595
MRC02503,Agri-Allied,7,685,1,0,1,2555231.77,369290.79,47,4,74.47,13519.74,59.77,47.31,0.0,7,5,65,1,0.13,1,High,0,0.9999244
MRC02504,Construction,22,512,2,1,0,228312.76,16660.53,47,17,-8.51,1208.0,12.85,12.52,53.58,0,0,6,5,0.337,0,Low,1,0.00016149637
MRC02505,Retail Trader,93,592,2,1,1,3138804.95,355969.86,48,15,6.25,16263.24,7.36,2.63,42.47,22,1,5,4,0.651,0,Low,3,0.00010686198
MRC02506,Retail Trader,75,682,1,0,1,1334539.83,62465.84,46,16,-4.35,7213.73,16.86,-6.0,0.0,25,1,6,4,0.808,0,Low,3,9.137185e-05
MRC02507,Tech Services,56,682,2,1,0,209173.17,23139.92,50,15,10.0,1040.66,9.28,-4.54,34.48,0,0,7,3,0.343,0,Low,5,0.00022969017
MRC02508,Textile & Apparel,97,747,3,1,1,1249958.61,27286.95,43,7,51.16,7225.19,50.33,41.71,96.6,9,2,15,1,0.093,1,High,6,0.99949455
MRC02509,Food & Beverages,58,638,1,1,1,213723.53,7783.75,65,22,-1.54,818.86,9.62,-0.57,33.96,35,1,9,4,0.445,0,Low,2,5.6103214e-05
MRC02510,Tech Services,93,682,2,1,1,5014027.5,377474.34,49,18,-10.2,25451.92,22.15,-3.44,38.38,32,0,7,3,0.346,0,Low,5,0.000119375254
MRC02511,Retail Trader,64,651,2,1,1,1936793.05,41780.6,37,11,10.81,12998.61,11.76,5.12,30.19,32,1,7,4,0.536,0,Low,3,4.700059e-05
MRC02512,Tech Services,103,571,2,0,1,669724.51,53615.17,55,16,12.73,3030.43,22.75,9.56,0.0,23,1,4,5,0.72,0,Low,5,0.000116707924
MRC02513,Textile & Apparel,12,469,2,1,1,3327608.19,292706.16,42,12,14.29,19689.99,11.52,-7.27,65.85,39,0,1,4,0.617,0,Low,6,0.00010599771
MRC02514,Agri-Allied,7,684,2,1,1,109274.12,11015.8,54,16,11.11,503.57,8.59,1.23,38.96,32,1,11,4,0.384,0,Low,0,0.00012710605
MRC02515,Small Mfg,55,663,4,1,1,296793.07,9809.09,41,12,12.2,1798.75,16.53,9.29,53.4,35,0,0,4,0.342,0,Low,4,4.8244277e-05
MRC02516,Tech Services,103,600,1,1,1,538798.17,23454.72,58,4,79.31,2312.44,49.76,55.95,88.34,8,0,58,2,0.153,1,High,5,0.99954236
MRC02517,Retail Trader,106,520,2,1,1,10668666.27,1063952.36,52,17,1.92,51046.25,17.38,-9.66,44.81,29,0,8,5,0.378,0,Low,3,0.00011530672
MRC02518,Agri-Allied,62,700,1,1,0,201878.34,21311.17,39,11,15.38,1285.85,11.04,6.4,68.57,0,1,8,4,0.375,0,Low,0,0.00022363779
MRC02519,Small Mfg,112,628,1,1,1,94017.19,2196.9,50,16,4.0,467.75,11.4,4.93,51.88,27,0,1,5,0.318,0,Low,4,6.503679e-05
MRC02520,Small Mfg,90,694,1,0,1,128892.94,11632.3,45,13,13.33,712.12,9.75,2.94,0.0,26,1,1,5,0.915,0,Low,4,0.000137501
MRC02521,Small Mfg,104,799,1,1,0,2163978.63,264108.45,38,14,-10.53,14143.65,23.57,-6.0,50.66,0,0,7,5,0.782,0,Low,4,0.00021188556
MRC02522,Retail Trader,73,478,4,0,0,357528.11,10362.28,36,11,8.33,2465.71,18.66,8.54,0.0,0,0,8,4,0.752,0,Low,3,0.00012111787
MRC02523,Textile & Apparel,105,594,3,1,1,602652.49,44423.0,39,6,53.85,3838.55,44.62,31.35,83.01,7,2,82,3,0.156,1,High,6,0.99990916
MRC02524,Textile & Apparel,98,633,1,0,1,1821915.85,113772.21,37,3,75.68,12227.62,54.31,34.0,0.0,5,2,20,3,0.045,1,High,6,0.9997379
MRC02525,Food & Beverages,109,766,2,0,1,603377.58,83734.65,40,12,10.0,3747.69,18.23,11.25,0.0,33,0,11,3,0.854,0,Low,2,0.00016237664
MRC02526,Retail Trader,77,519,2,0,1,931895.47,41147.2,49,17,-4.08,4730.43,20.25,-2.32,0.0,25,0,13,4,0.392,0,Low,3,0.00012965444
MRC02527,Retail Trader,55,804,3,1,0,1386451.52,85109.9,47,14,10.64,7335.72,11.85,-5.04,31.5,0,0,13,5,0.477,0,Low,3,0.00018404568
MRC02528,Construction,119,660,2,0,1,435037.86,59512.23,45,15,0.0,2403.52,8.15,-2.2,0.0,24,1,8,4,0.496,0,Low,1,7.9937614e-05
MRC02529,Retail Trader,36,642,1,1,0,597446.21,37630.11,43,3,79.07,3453.45,59.14,50.14,91.5,0,1,70,1,0.197,1,High,3,0.99961144
MRC02530,Construction,89,634,2,0,1,975149.9,86861.64,50,16,4.0,4851.49,17.22,9.43,0.0,32,0,3,3,0.747,0,Low,1,5.5608485e-05
MRC02531,Small Mfg,24,615,2,1,1,2067426.44,50227.29,31,3,70.97,16539.41,56.87,57.67,98.57,2,1,51,1,0.057,1,High,4,0.9998512
MRC02532,Food & Beverages,44,733,2,0,1,281857.49,41725.43,37,12,2.7,1891.66,8.65,7.92,0.0,30,0,0,5,0.931,0,Low,2,5.3969896e-05
MRC02533,Textile & Apparel,17,564,3,0,1,19444.29,2474.15,47,16,-2.13,102.88,10.25,-5.94,0.0,28,0,7,4,0.617,0,Low,6,0.00013713595
MRC02534,Retail Trader,2,677,3,1,1,1648703.5,168946.15,61,19,6.56,6729.4,17.5,-4.34,49.64,28,2,4,5,0.43,0,Low,3,0.00075625407
MRC02535,Food & Beverages,13,619,2,1,1,2220535.86,61948.92,40,14,-5.0,13792.15,17.27,-1.44,72.44,29,0,4,5,0.772,0,Low,2,5.035106e-05
MRC02536,Food & Beverages,31,589,2,0,1,927307.95,27571.74,53,18,-1.89,4353.56,16.09,13.75,0.0,32,0,7,4,0.346,0,Low,2,0.00012348685
MRC02537,Food & Beverages,93,856,4,1,1,1006462.09,91433.63,38,6,52.63,6578.18,61.91,53.84,83.22,5,2,48,1,0.077,1,High,2,0.99994636
MRC02538,Retail Trader,114,683,1,1,1,370581.3,21144.77,51,16,5.88,1807.71,21.29,-7.87,53.46,35,0,11,4,0.886,0,Low,3,6.373809e-05
MRC02539,Food & Beverages,28,699,1,0,0,1329375.85,134217.28,40,11,17.5,8256.99,10.53,-1.6,0.0,0,2,7,3,0.47,0,Low,2,0.0011937955
MRC02540,Food & Beverages,60,741,1,0,1,2030515.35,198513.38,40,14,-5.0,12611.9,8.15,-1.34,0.0,29,0,0,5,0.753,0,Low,2,0.00012664765
MRC02541,Small Mfg,27,536,3,1,1,780582.42,100714.4,45,16,-6.67,4312.61,9.02,-4.71,40.2,31,0,1,4,0.888,0,Low,4,0.00011382579
MRC02542,Food & Beverages,15,790,2,0,0,14497662.62,820263.51,39,13,0.0,92341.8,10.63,0.89,0.0,0,0,11,4,0.885,0,Low,2,0.00019991699
MRC02543,Food & Beverages,95,449,1,1,1,111693.15,10624.51,40,13,2.5,693.75,23.95,8.7,44.53,25,0,13,4,0.753,0,Low,2,0.0001534004
MRC02544,Small Mfg,104,588,4,1,0,886958.97,107372.8,55,7,61.82,4013.39,45.78,31.61,92.82,0,2,38,2,0.073,1,High,4,0.9999311
MRC02545,Retail Trader,79,613,2,1,1,178220.43,14934.96,51,17,0.0,869.37,22.58,6.79,43.04,28,1,0,4,0.913,0,Low,3,7.171288e-05
MRC02546,Agri-Allied,33,696,3,1,1,2096573.93,268327.24,48,18,-12.5,10863.08,9.07,-3.48,54.66,35,0,5,4,0.605,0,Low,0,9.6419375e-05
MRC02547,Retail Trader,20,667,1,1,1,109341.3,4052.83,50,14,16.0,543.99,11.97,6.06,33.29,29,0,5,5,0.701,0,Low,3,0.00010535349
MRC02548,Textile & Apparel,42,636,2,0,1,147162.71,16983.56,46,13,15.22,795.47,7.52,7.05,0.0,32,0,8,4,0.514,0,Low,6,4.3906788e-05
MRC02549,Textile & Apparel,12,649,2,1,1,341183.48,48648.56,52,19,-9.62,1632.46,7.07,8.2,50.73,29,0,2,4,0.64,0,Low,6,2.7250946e-05
MRC02550,Retail Trader,101,571,2,1,0,1003494.14,63365.47,40,2,85.0,6232.88,58.77,35.7,99.67,0,1,44,3,0.027,1,High,3,0.9999014
MRC02551,Textile & Apparel,73,530,2,0,0,356979.75,24140.3,47,16,-2.13,1888.78,11.86,12.49,0.0,0,0,6,5,0.384,0,Low,6,9.0293215e-05
MRC02552,Retail Trader,23,708,3,1,0,361302.37,11150.32,60,21,-5.0,1499.18,15.47,8.98,38.03,0,1,8,5,0.32,0,Low,3,0.00023633809
MRC02553,Food & Beverages,72,705,1,0,1,587088.85,60701.5,44,15,-2.27,3316.89,9.02,2.03,0.0,32,1,6,4,0.499,0,Low,2,0.00010273546
MRC02554,Construction,96,776,3,0,0,545420.21,50079.72,40,13,2.5,3387.7,23.65,-8.9,0.0,0,2,13,5,0.392,0,Low,1,0.0019461837
MRC02555,Retail Trader,112,586,1,1,1,4346751.17,109733.51,38,12,5.26,28410.14,16.73,13.43,67.69,29,0,5,5,0.331,0,Low,3,0.00013185752
MRC02556,Construction,14,705,1,1,1,1661270.69,195677.03,41,13,4.88,10068.31,22.7,5.03,66.22,34,1,12,4,0.917,0,Low,1,9.725469e-05
MRC02557,Agri-Allied,91,627,1,1,1,494107.27,63150.36,46,4,73.91,2670.85,38.33,49.15,92.89,3,2,51,1,0.007,1,High,0,0.9998807
MRC02558,Textile & Apparel,25,745,1,0,0,9033173.41,1245905.4,50,18,-8.0,44941.16,7.87,-4.01,0.0,0,0,10,4,0.443,0,Low,6,0.00018945152
MRC02559,Retail Trader,77,731,1,1,1,1315850.01,119670.55,42,12,14.29,7786.09,21.94,7.11,37.74,35,1,7,5,0.31,0,Low,3,0.00012097947
MRC02560,Agri-Allied,119,666,3,0,0,228032.98,17977.07,50,8,52.0,1134.49,69.55,26.58,0.0,0,2,49,2,0.022,1,High,0,0.9996605
MRC02561,Food & Beverages,85,622,2,1,1,992335.45,132871.56,40,6,55.0,6163.57,62.31,42.19,88.03,4,3,48,2,0.022,1,High,2,0.9999039
MRC02562,Small Mfg,109,726,1,1,1,1386946.4,99625.17,42,14,0.0,8206.78,7.94,9.99,38.15,20,0,1,4,0.558,0,Low,4,0.000110425906
MRC02563,Retail Trader,31,701,2,1,0,319607.94,33625.19,41,13,4.88,1937.02,5.52,-2.72,48.08,0,0,5,4,0.315,0,Low,3,0.00011465621
MRC02564,Retail Trader,101,595,1,1,0,206279.91,20627.39,43,13,9.3,1192.37,23.33,2.19,38.76,0,0,11,5,0.518,0,Low,3,0.00015871096
MRC02565,Textile & Apparel,112,543,1,1,1,809159.16,55331.07,44,12,18.18,4571.52,18.98,-4.67,56.23,27,1,9,4,0.506,0,Low,6,0.00010467336
MRC02566,Textile & Apparel,107,626,2,1,1,473417.94,14815.94,62,6,70.97,1901.28,55.17,51.47,84.13,4,2,17,2,0.035,1,High,6,0.99966717
MRC02567,Retail Trader,54,771,2,1,1,4303561.38,98052.43,40,13,2.5,26730.19,10.92,1.48,70.91,33,1,10,5,0.309,0,Low,3,0.00011810127
MRC02568,Textile & Apparel,5,741,2,1,1,1775134.92,134326.07,38,12,5.26,11602.19,5.06,-9.03,39.47,34,0,4,4,0.365,0,Low,6,0.00012993687
MRC02569,Food & Beverages,13,561,1,1,1,338090.76,27911.49,44,14,4.55,1910.12,14.66,-0.45,42.58,38,0,4,4,0.599,0,Low,2,5.8581987e-05
MRC02570,Tech Services,28,556,2,1,1,1216058.85,154376.45,51,15,11.76,5931.99,24.8,-8.43,62.25,26,1,3,4,0.933,0,Low,5,0.0001110791
MRC02571,Textile & Apparel,43,751,2,1,1,3336903.27,246508.77,50,16,4.0,16601.51,23.15,1.27,39.77,38,0,8,5,0.336,0,Low,6,0.00010511576
MRC02572,Tech Services,89,559,4,0,1,136958.7,7745.12,44,3,79.55,773.78,42.99,47.86,0.0,5,1,48,1,0.117,1,High,5,0.9997968
MRC02573,Textile & Apparel,115,690,1,0,1,213772.17,17117.28,49,8,51.02,1085.14,47.08,56.44,0.0,9,3,76,1,0.15,1,High,6,0.9995912
MRC02574,Agri-Allied,99,600,2,1,0,719705.7,36660.92,51,18,-5.88,3510.76,11.22,2.89,46.91,0,0,10,5,0.683,0,Low,0,0.000110843466
MRC02575,Retail Trader,47,779,2,1,1,761254.01,24266.4,41,13,4.88,4613.66,21.61,-6.75,36.58,34,0,5,5,0.994,0,Low,3,0.00011457151
MRC02576,Small Mfg,103,588,4,1,0,685129.39,23770.97,53,4,77.36,3216.57,39.6,54.47,99.7,0,2,20,2,0.007,1,High,4,0.9998536
MRC02577,Construction,71,741,1,0,0,502357.54,30890.01,43,5,65.12,2903.8,49.73,57.86,0.0,0,3,53,2,0.078,1,High,1,0.99985456
MRC02578,Small Mfg,38,664,2,0,1,493228.39,10677.38,34,10,11.76,3600.21,15.66,2.24,0.0,30,2,3,5,0.649,0,Low,4,0.0005967993
MRC02579,Textile & Apparel,96,670,1,1,1,1156732.48,56247.77,44,15,-2.27,6535.21,15.04,7.54,32.06,28,0,6,4,0.989,0,Low,6,9.670916e-05
MRC02580,Small Mfg,67,492,2,1,0,2844025.58,348046.19,56,20,-7.14,12640.11,13.29,1.42,55.83,0,1,13,4,0.382,0,Low,4,0.00010664779
MRC02581,Retail Trader,62,473,1,0,1,409567.39,20683.25,47,14,10.64,2167.02,15.72,-9.39,0.0,31,1,7,4,0.861,0,Low,3,6.0497405e-05
MRC02582,Tech Services,109,632,1,1,1,13606786.24,468003.19,45,13,13.33,75175.61,10.86,-3.23,68.69,31,0,13,5,0.887,0,Low,5,5.2119693e-05
MRC02583,Agri-Allied,39,669,2,1,0,7670019.56,1099731.03,40,13,2.5,47639.87,15.63,-9.38,33.28,0,0,0,5,0.822,0,Low,0,9.810081e-05
MRC02584,Textile & Apparel,37,559,1,0,1,3595187.69,362830.35,39,11,15.38,22899.28,18.71,12.95,0.0,30,1,11,3,0.834,0,Low,6,7.302607e-05
MRC02585,Small Mfg,119,562,1,0,1,1539518.1,42803.8,58,21,-8.62,6607.37,6.25,-9.27,0.0,42,0,10,4,0.549,0,Low,4,9.852756e-05
MRC02586,Small Mfg,114,694,1,0,0,8117929.79,228046.58,59,18,8.47,34252.87,24.35,-8.76,0.0,0,0,6,3,0.873,0,Low,4,0.00015506205
MRC02587,Retail Trader,86,695,1,0,1,514968.78,51278.47,56,17,8.93,2288.75,8.31,-2.54,0.0,30,0,11,3,0.726,0,Low,3,8.281441e-05
MRC02588,Small Mfg,8,638,4,1,1,268572.11,24229.7,46,17,-10.87,1451.74,12.21,5.81,68.43,28,0,8,3,0.981,0,Low,4,6.0542996e-05
MRC02589,Retail Trader,81,712,2,0,1,388028.29,11209.64,49,14,14.29,1969.69,14.41,-1.05,0.0,27,1,13,4,0.404,0,Low,3,8.050309e-05
MRC02590,Small Mfg,52,556,3,0,0,218921.53,10762.4,39,14,-7.69,1394.4,5.82,-8.46,0.0,0,0,12,3,0.436,0,Low,4,0.00014042159
MRC02591,Food & Beverages,91,621,1,1,1,844214.25,118844.75,48,14,12.5,4374.17,15.97,10.91,50.6,18,0,12,4,0.992,0,Low,2,4.786803e-05
MRC02592,Food & Beverages,33,781,3,1,0,1045281.26,98634.21,59,22,-11.86,4410.47,22.4,7.51,40.01,0,1,5,3,0.335,0,Low,2,0.0002166533
MRC02593,Agri-Allied,110,655,2,1,1,928204.92,71696.68,38,11,13.16,6066.7,23.02,-0.09,41.72,21,0,0,3,0.336,0,Low,0,6.602267e-05
MRC02594,Agri-Allied,81,660,2,0,0,718615.97,37741.86,44,13,11.36,4059.98,11.52,6.92,0.0,0,0,1,3,0.726,0,Low,0,0.00014622814
MRC02595,Retail Trader,42,834,2,1,1,855794.4,31990.23,58,19,1.72,3672.94,16.18,-3.14,40.55,31,0,12,5,0.317,0,Low,3,0.00011081937
MRC02596,Food & Beverages,76,538,2,1,1,5859580.49,423894.47,43,13,9.3,33870.41,20.54,3.2,47.94,20,1,6,3,0.898,0,Low,2,0.000108684864
MRC02597,Retail Trader,112,713,2,1,0,1535032.7,214762.82,56,5,73.21,6822.37,33.3,47.83,77.57,0,1,46,2,0.065,1,High,3,0.9997708
MRC02598,Agri-Allied,110,783,1,1,0,2206704.0,58107.99,46,14,8.7,11928.13,15.57,-7.31,74.8,0,1,3,5,0.309,0,Low,0,0.00028686586
MRC02599,Textile & Apparel,27,624,1,1,0,917078.11,136486.21,49,5,69.39,4655.22,63.36,45.03,86.31,0,2,19,1,0.064,1,High,6,0.99957246
MRC02600,Retail Trader,112,718,2,1,0,104955.69,4934.56,45,16,-6.67,579.87,12.56,9.71,36.57,0,0,4,4,0.485,0,Low,3,0.00026376388
MRC02601,Small Mfg,8,571,2,1,1,82730.29,6050.87,37,13,-5.41,555.24,6.88,13.73,35.85,32,0,3,5,0.712,0,Low,4,0.00014778534
MRC02602,Retail Trader,23,595,1,0,1,8880531.69,229620.98,46,16,-4.35,48002.87,13.14,2.84,0.0,33,0,9,4,0.713,0,Low,3,9.1486494e-05
MRC02603,Food & Beverages,106,680,1,0,1,385313.77,36998.48,54,15,16.67,1775.64,8.22,-3.13,0.0,32,0,11,4,0.552,0,Low,2,6.299779e-05
MRC02604,Textile & Apparel,113,713,2,0,1,347979.34,28834.33,51,16,5.88,1697.46,11.03,-1.17,0.0,32,3,1,3,0.673,0,Low,6,0.0010956023
MRC02605,Retail Trader,64,739,3,0,1,979498.41,104484.97,48,14,12.5,5075.12,11.61,6.0,0.0,44,0,12,5,0.789,0,Low,3,0.00016161452
MRC02606,Agri-Allied,93,775,1,0,0,1411951.82,127849.63,40,11,17.5,8769.89,13.61,-6.48,0.0,0,0,2,3,0.897,0,Low,0,0.00019163932
MRC02607,Retail Trader,114,644,1,1,1,1643328.91,117930.4,45,7,53.33,9079.17,67.44,25.2,92.75,7,0,30,1,0.005,1,High,3,0.9982717
MRC02608,Retail Trader,20,745,3,0,1,6133660.28,710942.57,49,17,-4.08,31135.33,17.62,8.16,0.0,33,0,11,4,0.68,0,Low,3,0.00013773814
MRC02609,Small Mfg,16,622,2,1,1,4416612.95,102698.38,41,6,56.1,26767.35,40.3,57.99,98.43,9,5,65,2,0.16,1,High,4,0.99943095
MRC02610,Retail Trader,17,722,1,1,1,275648.04,24900.33,47,17,-8.51,1458.46,16.81,-8.43,54.97,30,2,11,3,0.549,0,Low,3,0.0007123611
MRC02611,Food & Beverages,80,666,3,0,1,2332570.62,81182.57,43,14,2.33,13483.07,21.11,2.42,0.0,31,0,1,5,0.855,0,Low,2,0.000113801376
MRC02612,Retail Trader,19,685,2,1,1,460050.2,35277.15,53,20,-13.21,2159.86,21.68,3.11,47.66,26,0,1,5,0.426,0,Low,3,6.3117266e-05
MRC02613,Retail Trader,8,683,2,0,0,618461.06,75975.65,52,17,1.92,2959.14,19.78,7.52,0.0,0,0,0,5,0.625,0,Low,3,0.00017643649
MRC02614,Food & Beverages,38,521,4,1,0,196263.41,7560.05,45,16,-6.67,1084.33,18.4,-9.73,43.73,0,0,4,4,0.537,0,Low,2,0.00011011864
MRC02615,Textile & Apparel,38,560,3,1,1,95636.76,13547.46,50,14,16.0,475.8,13.36,0.71,65.53,24,0,2,5,0.34,0,Low,6,0.00011067839
MRC02616,Retail Trader,53,658,1,0,1,702307.02,95166.54,44,13,11.36,3967.84,16.35,12.17,0.0,25,1,3,5,0.711,0,Low,3,3.4550958e-05
MRC02617,Textile & Apparel,93,515,1,1,0,231612.66,17124.9,40,13,2.5,1438.59,8.87,-9.37,30.73,0,2,10,5,0.444,0,Low,6,0.00087702234
MRC02618,Retail Trader,105,716,1,1,1,2220796.37,46140.88,55,16,12.73,10048.85,17.36,6.81,64.66,31,0,8,3,0.413,0,Low,3,0.00012083016
MRC02619,Food & Beverages,100,719,1,0,1,520583.78,63858.36,42,6,57.14,3080.38,45.14,19.35,0.0,5,3,27,2,0.143,1,High,2,0.9997594
MRC02620,Textile & Apparel,90,676,1,1,1,1056326.9,142093.35,52,3,82.69,5054.2,44.23,21.66,84.71,6,2,80,1,0.065,1,High,6,0.9998721
MRC02621,Food & Beverages,31,560,1,1,0,3764143.51,160788.97,47,17,-8.51,19916.1,23.05,12.1,31.33,0,0,8,4,0.395,0,Low,2,9.723578e-05
MRC02622,Tech Services,44,760,3,0,1,122718.18,17070.71,45,16,-6.67,678.0,7.66,-0.94,0.0,33,0,1,4,0.309,0,Low,5,0.00014981025
MRC02623,Textile & Apparel,60,812,3,1,1,305730.46,42445.37,53,16,9.43,1435.35,18.82,3.64,50.52,29,1,7,5,0.949,0,Low,6,0.0001733713
MRC02624,Tech Services,76,661,2,0,0,906240.81,73648.21,39,14,-7.69,5772.23,24.0,-7.76,0.0,0,0,5,3,0.364,0,Low,5,0.00015888584
MRC02625,Textile & Apparel,119,690,2,1,1,1061326.16,131333.3,47,17,-8.51,5615.48,23.36,-1.88,33.97,27,0,0,3,0.962,0,Low,6,0.00011957669
MRC02626,Construction,17,666,1,0,1,2741996.88,213445.91,33,10,9.09,20616.52,21.69,-6.46,0.0,33,0,10,3,0.534,0,Low,1,8.448904e-05
MRC02627,Retail Trader,79,692,1,1,1,2064882.24,192707.23,51,17,0.0,10072.6,5.97,4.04,73.41,42,0,4,4,0.714,0,Low,3,0.00012525234
MRC02628,Small Mfg,73,640,1,1,0,819394.02,50457.52,52,6,65.38,3920.55,56.9,57.59,99.45,0,1,28,2,0.137,1,High,4,0.99984014
MRC02629,Agri-Allied,39,647,2,0,1,1049774.15,42758.37,50,4,76.0,5222.76,43.21,20.52,0.0,3,2,85,1,0.18,1,High,0,0.9987348
MRC02630,Textile & Apparel,42,722,1,0,0,1085217.59,127024.45,47,15,4.26,5741.89,23.54,14.99,0.0,0,1,12,4,0.599,0,Low,6,0.00011051924
MRC02631,Small Mfg,48,837,3,0,1,125034.52,2523.33,38,11,13.16,817.22,19.98,-6.17,0.0,37,0,12,5,0.434,0,Low,4,0.00015574279
MRC02632,Small Mfg,12,537,2,1,1,604616.36,57645.24,50,4,76.0,3008.04,52.19,57.23,93.05,0,1,50,2,0.104,1,High,4,0.99986994
MRC02633,Retail Trader,96,641,1,0,1,982806.82,130132.65,49,16,2.04,4988.87,24.59,-9.11,0.0,25,0,2,4,0.491,0,Low,3,5.2761643e-05
MRC02634,Retail Trader,89,555,1,1,1,1264593.18,61669.21,25,7,16.0,12520.72,8.89,11.17,44.67,38,0,1,4,0.556,0,Low,3,0.000102062106
MRC02635,Small Mfg,103,777,2,1,1,240569.4,15222.49,39,3,76.92,1532.29,59.3,28.22,75.84,7,0,43,2,0.05,1,High,4,0.99539965
MRC02636,Small Mfg,18,602,3,1,1,159124.55,15335.34,42,14,0.0,941.57,17.19,10.7,61.63,22,0,6,5,0.57,0,Low,4,0.00014619034
MRC02637,Construction,79,534,2,0,1,550488.25,28676.66,51,15,11.76,2685.31,11.81,8.68,0.0,31,0,5,4,0.835,0,Low,1,0.00010121599
MRC02638,Food & Beverages,96,701,1,0,0,7731700.11,1006460.85,33,3,72.73,58133.08,32.01,32.18,0.0,0,0,32,3,0.181,1,High,2,0.9990669
MRC02639,Construction,6,789,2,1,0,272911.54,18464.76,45,6,60.0,1507.8,39.18,39.42,75.28,0,3,44,2,0.196,1,High,1,0.99956566
MRC02640,Small Mfg,108,703,1,1,0,2983816.96,285282.09,50,15,10.0,14844.86,18.54,6.64,31.15,0,1,9,3,0.314,0,Low,4,0.00016324726
MRC02641,Textile & Apparel,43,666,4,1,1,4885037.75,241300.1,38,12,5.26,31928.35,13.36,10.81,30.23,28,0,1,4,0.802,0,Low,6,7.050333e-05
MRC02642,Retail Trader,116,682,2,1,1,770318.87,19550.87,58,21,-8.62,3306.09,5.47,2.58,44.14,46,0,2,5,0.623,0,Low,3,0.00011589867
MRC02643,Food & Beverages,35,763,2,0,1,322604.53,13736.83,43,15,-4.65,1864.77,24.02,0.37,0.0,33,1,5,3,0.382,0,Low,2,8.11852e-05
MRC02644,Small Mfg,98,580,1,1,0,1349687.28,35099.78,49,17,-4.08,6851.2,15.03,-6.43,62.34,0,0,13,4,0.535,0,Low,4,0.00010680472
MRC02645,Retail Trader,102,641,2,0,1,921712.24,74583.58,51,7,58.82,4496.16,68.44,16.93,0.0,3,2,45,1,0.128,1,High,3,0.99969816
MRC02646,Textile & Apparel,54,613,1,1,0,260166.01,25044.32,38,3,76.32,1700.43,55.13,17.54,93.9,0,2,42,2,0.153,1,High,6,0.99769235
MRC02647,Construction,62,556,1,1,1,330855.37,8538.64,32,10,6.25,2564.77,7.54,-6.91,54.73,29,0,5,5,0.351,0,Low,1,8.858977e-05
MRC02648,Agri-Allied,69,623,1,0,1,1257072.07,39927.99,42,4,71.43,7438.3,45.22,39.21,0.0,10,3,51,1,0.1,1,High,0,0.99960965
MRC02649,Textile & Apparel,82,738,3,1,0,2235842.09,185839.29,41,6,56.1,13550.56,48.39,29.8,91.36,0,1,63,1,0.139,1,High,6,0.999877
MRC02650,Textile & Apparel,16,695,2,1,1,495167.69,61348.0,53,15,15.09,2324.73,14.87,6.87,55.11,28,0,5,5,0.756,0,Low,6,7.7442855e-05
MRC02651,Retail Trader,8,701,1,1,0,671345.86,68236.39,54,7,61.11,3093.76,66.96,22.62,76.46,0,2,42,2,0.161,1,High,3,0.9991009
MRC02652,Textile & Apparel,89,661,3,0,1,1627191.83,54693.71,55,9,50.91,7362.86,45.21,31.41,0.0,5,3,16,3,0.045,1,High,6,0.9998136
MRC02653,Textile & Apparel,96,691,1,0,1,593039.18,80285.94,37,14,-13.51,3980.13,23.25,-6.18,0.0,23,0,3,5,0.377,0,Low,6,0.00012328767
MRC02654,Retail Trader,90,585,1,0,1,509307.7,70930.53,42,12,14.29,3013.66,9.28,-0.41,0.0,26,0,9,5,0.987,0,Low,3,0.00010424544
MRC02655,Food & Beverages,116,625,1,0,1,294664.0,18341.18,55,17,7.27,1333.32,8.16,9.57,0.0,25,0,8,3,0.872,0,Low,2,5.516792e-05
MRC02656,Textile & Apparel,86,665,2,1,1,288594.67,28883.22,50,18,-8.0,1435.79,23.6,-4.3,44.0,31,0,8,4,0.481,0,Low,6,0.00013261459
MRC02657,Food & Beverages,31,672,2,1,1,17942079.28,1507180.04,45,15,0.0,99127.51,10.15,-9.31,54.78,34,0,0,4,0.753,0,Low,2,8.725943e-05
MRC02658,Tech Services,107,675,2,0,1,576400.5,82115.8,51,17,0.0,2811.71,22.25,-5.17,0.0,29,1,1,5,0.86,0,Low,5,0.00010203311
MRC02659,Retail Trader,10,638,2,1,1,3753014.67,323274.58,37,3,75.68,25188.02,57.69,27.12,89.89,12,1,53,1,0.052,1,High,3,0.9915245
MRC02660,Small Mfg,56,619,1,1,0,5502934.23,796800.42,39,11,15.38,35050.54,12.64,-3.96,71.39,0,0,0,4,0.661,0,Low,4,4.7246896e-05
MRC02661,Agri-Allied,76,900,2,0,1,585195.5,26868.98,36,3,75.0,4035.83,59.52,49.35,0.0,5,1,87,2,0.026,1,High,0,0.99990714
MRC02662,Tech Services,117,722,1,0,0,1134968.86,73681.93,34,5,55.88,8284.44,61.29,33.97,0.0,0,3,52,3,0.138,1,High,5,0.99988484
MRC02663,Retail Trader,92,683,2,0,0,824864.31,100282.78,36,10,16.67,5688.72,16.95,-3.99,0.0,0,0,5,4,0.385,0,Low,3,0.00018223138
MRC02664,Small Mfg,70,631,2,1,0,105385.59,12843.28,42,13,7.14,623.58,10.08,-3.28,32.51,0,0,4,5,0.345,0,Low,4,9.887769e-05
MRC02665,Small Mfg,20,613,2,1,0,113281.64,13048.21,54,19,-5.56,522.04,22.82,4.0,63.94,0,1,10,5,0.772,0,Low,4,7.150256e-05
MRC02666,Textile & Apparel,5,639,2,1,0,773451.43,101901.83,30,9,10.0,6392.16,19.42,8.81,53.68,0,0,4,3,0.374,0,Low,6,6.286702e-05
MRC02667,Retail Trader,23,673,2,0,0,438056.75,48769.3,54,15,16.67,2018.69,23.19,13.98,0.0,0,1,6,4,0.58,0,Low,3,0.00010591466
MRC02668,Small Mfg,9,499,1,1,1,7059582.04,724956.02,41,11,19.51,42785.35,13.75,-2.49,51.21,39,1,8,5,0.797,0,Low,4,9.281653e-05
MRC02669,Food & Beverages,58,524,3,0,0,549142.07,43744.8,51,15,11.76,2678.74,7.56,12.78,0.0,0,0,2,4,0.995,0,Low,2,0.000117534815
MRC02670,Textile & Apparel,59,599,1,1,0,7580690.11,611923.97,55,16,12.73,34301.77,23.48,-5.46,41.74,0,0,7,5,0.579,0,Low,6,0.000101349375
MRC02671,Small Mfg,93,666,1,1,1,411815.34,29980.57,41,4,70.73,2495.85,63.74,44.92,77.19,2,2,26,1,0.085,1,High,4,0.9999443
MRC02672,Textile & Apparel,80,630,2,0,0,7236444.15,728185.53,53,15,15.09,33973.92,17.12,9.81,0.0,0,0,5,4,0.654,0,Low,6,6.495856e-05
MRC02673,Small Mfg,54,768,2,1,0,1339369.31,97594.9,37,11,10.81,8989.06,16.69,1.97,33.07,0,0,7,4,0.423,0,Low,4,0.00017226725
MRC02674,Retail Trader,46,531,1,1,1,1433959.81,56174.32,38,12,5.26,9372.29,14.45,-8.08,34.71,32,1,12,4,0.587,0,Low,3,6.8834845e-05
MRC02675,Tech Services,22,589,3,1,1,394700.79,13360.17,37,13,-5.41,2649.0,10.1,-8.22,36.87,30,1,12,4,0.463,0,Low,5,8.725045e-05
MRC02676,Textile & Apparel,64,771,4,0,1,1457598.27,204328.16,47,5,68.09,7712.16,64.81,52.58,0.0,6,0,31,2,0.175,1,High,6,0.99964464
MRC02677,Textile & Apparel,8,660,2,1,1,5560819.9,129100.32,39,12,7.69,35419.24,19.37,-2.34,46.48,29,0,4,3,0.771,0,Low,6,8.258862e-05
MRC02678,Retail Trader,20,720,2,1,1,613053.21,20666.48,50,18,-8.0,3050.02,23.33,8.38,36.72,34,1,10,4,0.439,0,Low,3,0.00010921117
MRC02679,Retail Trader,51,814,2,1,1,485397.69,37807.45,40,15,-12.5,3014.89,6.44,6.63,35.49,25,3,10,5,0.57,0,Low,3,0.0010325059
MRC02680,Agri-Allied,78,594,1,0,1,542468.31,29391.16,56,18,3.57,2410.97,10.09,14.99,0.0,44,0,8,4,0.387,0,Low,0,0.00010640167
MRC02681,Retail Trader,39,642,2,1,1,5096853.4,370848.87,44,14,4.55,28795.78,20.53,4.85,50.82,32,0,1,5,0.768,0,Low,3,3.5478177e-05
MRC02682,Food & Beverages,37,628,3,0,1,2035844.85,71800.5,41,14,-2.44,12338.45,20.5,-7.24,0.0,26,0,0,5,0.387,0,Low,2,4.195857e-05
MRC02683,Retail Trader,50,493,4,1,0,4144182.03,153408.92,41,3,78.05,25116.25,32.38,32.56,80.0,0,5,43,2,0.045,1,High,3,0.99982256
MRC02684,Textile & Apparel,34,625,3,0,1,1062725.35,131868.84,53,15,15.09,4989.32,8.69,7.32,0.0,32,0,3,4,0.301,0,Low,6,5.191611e-05
MRC02685,Textile & Apparel,75,720,1,0,0,764657.44,90752.71,41,13,4.88,4634.29,12.34,-0.65,0.0,0,0,5,4,0.672,0,Low,6,0.00018262414
MRC02686,Retail Trader,118,693,1,1,1,1213152.43,40704.75,42,5,64.29,7178.42,48.52,45.94,94.14,7,1,89,3,0.173,1,High,3,0.9997259
MRC02687,Retail Trader,104,699,1,1,1,2634463.84,281394.34,35,12,-2.86,18684.14,19.61,-4.45,69.12,40,0,8,5,0.914,0,Low,3,0.00011883283
MRC02688,Textile & Apparel,33,619,1,1,1,542236.81,53795.57,55,17,7.27,2453.56,18.4,13.91,64.89,45,1,12,5,0.769,0,Low,6,3.0945703e-05
MRC02689,Agri-Allied,31,597,1,1,1,3769347.22,424945.48,53,20,-13.21,17696.47,22.17,0.49,48.58,43,0,1,4,0.722,0,Low,0,9.253912e-05
MRC02690,Textile & Apparel,54,751,1,0,1,1131434.29,92413.69,48,15,6.25,5862.35,13.6,2.17,0.0,27,0,0,5,0.744,0,Low,6,9.190779e-05
MRC02691,Agri-Allied,44,610,2,0,0,40638.3,2239.1,44,14,4.55,229.59,17.73,10.92,0.0,0,0,8,3,0.836,0,Low,0,5.5024015e-05
MRC02692,Small Mfg,34,673,2,1,0,2105770.76,223797.72,57,5,73.68,9195.51,66.84,32.18,78.59,0,3,39,1,0.102,1,High,4,0.99993134
MRC02693,Retail Trader,114,663,2,0,1,158456.28,10818.83,46,15,2.17,856.52,24.18,-9.89,0.0,21,1,2,4,0.665,0,Low,3,0.00014745342
MRC02694,Agri-Allied,71,766,3,1,1,2045202.39,99118.44,44,5,65.91,11554.82,33.97,57.63,98.19,6,4,65,2,0.008,1,High,0,0.9999509
MRC02695,Construction,113,727,1,1,1,2151813.64,157344.43,46,15,2.17,11631.43,5.04,-8.11,61.04,19,1,1,5,0.926,0,Low,1,0.00011198095
MRC02696,Agri-Allied,118,546,1,1,1,1083677.73,129201.56,49,15,8.16,5500.9,24.2,10.92,34.06,29,0,10,5,0.354,0,Low,0,0.00013235334
MRC02697,Small Mfg,62,554,2,1,1,1400608.13,114644.14,46,16,-4.35,7570.85,15.71,13.76,43.27,36,2,11,4,0.506,0,Low,4,0.00079122087
MRC02698,Textile & Apparel,23,696,2,0,1,2726815.34,160833.99,46,13,15.22,14739.54,19.01,4.03,0.0,31,1,13,3,0.531,0,Low,6,9.770711e-05
MRC02699,Food & Beverages,46,644,2,1,1,402418.07,51567.03,42,4,71.43,2381.17,39.05,56.35,79.79,4,0,45,3,0.159,1,High,2,0.99832636
MRC02700,Food & Beverages,56,613,1,1,1,1890053.31,254427.05,62,18,12.9,7590.58,13.66,6.73,60.07,38,1,9,4,0.35,0,Low,2,4.7786438e-05
MRC02701,Agri-Allied,7,731,1,1,1,2945025.29,224771.86,51,16,5.88,14365.98,13.81,-1.18,35.6,38,0,13,4,0.587,0,Low,0,9.644393e-05
MRC02702,Construction,118,664,2,1,1,6029044.61,414252.3,50,15,10.0,29995.25,8.34,-5.85,53.19,34,0,5,5,0.394,0,Low,1,0.000106216765
MRC02703,Retail Trader,89,654,3,1,1,193505.97,19283.04,48,18,-12.5,1002.62,23.12,-8.34,71.74,24,0,12,4,0.756,0,Low,3,8.1154e-05
MRC02704,Retail Trader,61,712,3,1,1,1190899.28,32793.41,39,13,0.0,7585.35,17.95,12.03,72.92,25,0,1,3,0.616,0,Low,3,0.00014256827
MRC02705,Food & Beverages,3,619,2,0,1,230087.04,25280.13,34,12,-5.88,1679.47,8.61,3.68,0.0,26,0,13,4,0.781,0,Low,2,2.7750459e-05
MRC02706,Food & Beverages,38,775,2,1,1,218664.44,26610.89,53,17,3.77,1026.59,16.2,7.35,70.25,29,0,11,4,0.857,0,Low,2,0.00013260271
MRC02707,Retail Trader,84,586,3,0,1,1122235.6,80427.76,42,4,71.43,6640.45,31.43,22.3,0.0,2,4,69,1,0.168,1,High,3,0.99920326
MRC02708,Retail Trader,34,702,2,0,1,800464.11,34179.87,33,4,63.64,6018.53,32.46,37.54,0.0,3,2,19,1,0.188,1,High,3,0.9992612
MRC02709,Retail Trader,113,764,2,0,1,2882019.36,68437.55,42,14,0.0,17053.37,8.64,-1.25,0.0,25,0,11,4,0.47,0,Low,3,0.00015119526
MRC02710,Textile & Apparel,44,539,3,0,0,481464.73,49514.76,44,4,72.73,2720.14,43.4,51.94,0.0,0,4,66,2,0.137,1,High,6,0.99982256
MRC02711,Food & Beverages,108,622,2,0,1,621032.24,34137.61,46,6,60.87,3356.93,49.55,49.93,0.0,3,1,80,1,0.133,1,High,2,0.9994118
MRC02712,Agri-Allied,30,741,3,1,1,940159.78,75500.14,47,17,-8.51,4974.39,20.8,11.26,58.49,30,0,5,5,0.709,0,Low,0,0.00014358098
MRC02713,Textile & Apparel,17,742,1,0,1,259316.7,18210.83,48,16,0.0,1343.61,9.96,11.9,0.0,25,0,5,5,0.678,0,Low,6,0.00014755371
MRC02714,Textile & Apparel,59,636,2,1,1,306298.74,13089.68,51,18,-5.88,1494.14,23.32,13.37,59.91,26,0,4,4,0.747,0,Low,6,6.788447e-05
MRC02715,Retail Trader,10,591,3,0,1,2783774.78,239649.4,47,14,10.64,14728.97,15.37,2.49,0.0,27,0,11,5,0.435,0,Low,3,0.000112742215
MRC02716,Textile & Apparel,99,726,1,1,1,377472.86,30102.39,44,13,11.36,2132.62,9.08,13.91,47.29,25,0,8,4,0.97,0,Low,6,6.0151782e-05
MRC02717,Small Mfg,84,744,2,0,0,3014582.43,304892.43,41,3,78.05,18270.2,39.39,52.95,0.0,0,2,17,3,0.053,1,High,4,0.9998147
MRC02718,Construction,18,556,1,0,0,1511744.89,79737.06,39,14,-7.69,9628.95,23.47,-6.15,0.0,0,1,11,3,0.612,0,Low,1,8.7984525e-05
MRC02719,Food & Beverages,45,553,3,0,1,113887.09,5455.54,54,17,5.56,524.83,14.56,2.55,0.0,39,0,10,5,0.693,0,Low,2,0.000116643394
MRC02720,Retail Trader,108,668,2,1,1,1378428.21,173495.67,51,17,0.0,6724.04,22.49,11.72,37.29,32,0,3,5,0.667,0,Low,3,0.000109907895
MRC02721,Tech Services,91,700,1,1,1,1365424.31,151951.23,37,11,10.81,9163.92,8.2,9.64,52.48,27,0,1,4,0.931,0,Low,5,0.00010179734
MRC02722,Food & Beverages,59,626,2,0,0,1211675.09,145869.73,41,4,70.73,7343.49,41.14,25.23,0.0,0,6,67,1,0.073,1,High,2,0.9995734
MRC02723,Food & Beverages,62,704,2,0,1,615227.83,22165.23,50,15,10.0,3060.83,13.61,-4.69,0.0,42,1,10,5,0.807,0,Low,2,0.00011256572
MRC02724,Textile & Apparel,59,593,2,0,1,236078.36,11597.39,43,14,2.33,1364.61,23.72,4.53,0.0,29,0,9,4,0.804,0,Low,6,0.00016297182
MRC02725,Textile & Apparel,49,480,1,1,1,3669093.99,347900.18,35,11,5.71,26021.94,22.32,13.28,67.02,31,0,4,4,0.64,0,Low,6,8.952495e-05
MRC02726,Textile & Apparel,100,616,3,1,1,645709.18,84869.54,64,5,76.56,2512.49,37.91,38.0,90.98,10,3,79,2,0.161,1,High,6,0.9995165
MRC02727,Retail Trader,63,655,2,0,1,252688.46,34359.29,43,3,79.07,1460.63,60.37,31.39,0.0,3,3,43,1,0.036,1,High,3,0.9999145
MRC02728,Retail Trader,87,627,2,0,1,1262952.03,161845.15,48,6,62.5,6543.79,35.56,18.1,0.0,4,1,48,1,0.012,1,High,3,0.9838202
MRC02729,Retail Trader,32,557,1,1,1,299139.12,7670.45,53,19,-7.55,1404.41,17.06,12.99,54.7,27,0,12,5,0.7,0,Low,3,0.000119879805
MRC02730,Agri-Allied,10,504,3,0,1,233537.23,29592.5,42,5,64.29,1381.88,41.4,35.68,0.0,4,4,23,1,0.04,1,High,0,0.99980825
MRC02731,Food & Beverages,11,608,1,1,1,464832.71,63627.16,43,15,-4.65,2686.89,11.68,-7.27,39.18,23,0,2,4,0.495,0,Low,2,3.9886883e-05
MRC02732,Agri-Allied,102,721,2,0,1,328247.34,8986.55,56,17,8.93,1458.88,15.11,-4.94,0.0,25,0,2,5,0.559,0,Low,0,0.00016037996
MRC02733,Retail Trader,70,750,3,1,1,244094.15,18091.41,53,16,9.43,1145.98,23.58,13.17,70.11,35,1,3,4,0.32,0,Low,3,0.00020209956
MRC02734,Construction,105,745,1,1,0,1919728.09,172313.53,55,17,7.27,8686.55,5.11,2.69,40.59,0,0,9,5,0.993,0,Low,1,0.00018437028
MRC02735,Construction,62,584,2,1,0,636288.03,31978.28,47,17,-8.51,3366.6,13.34,1.34,42.54,0,0,9,4,0.619,0,Low,1,0.00011064029
MRC02736,Food & Beverages,47,557,1,1,1,3277973.44,285738.11,44,15,-2.27,18519.62,11.67,-8.54,72.66,26,0,6,3,0.892,0,Low,2,8.605816e-05
MRC02737,Construction,34,689,2,1,1,261604.38,35362.18,50,16,4.0,1301.51,24.22,-7.9,31.2,39,1,5,3,0.716,0,Low,1,0.00011781153
MRC02738,Agri-Allied,100,700,2,1,1,91759.54,12176.72,41,4,70.73,556.12,40.06,17.71,90.29,3,3,47,3,0.026,1,High,0,0.9998266
MRC02739,Construction,101,682,3,0,1,871982.31,123977.44,51,16,5.88,4253.57,16.71,9.42,0.0,28,0,7,3,0.327,0,Low,1,0.0001370668
MRC02740,Retail Trader,17,488,3,1,1,6764336.3,560995.32,39,3,76.92,43084.94,48.11,50.06,93.2,6,0,78,1,0.035,1,High,3,0.9999099
MRC02741,Textile & Apparel,104,580,2,1,1,1379434.51,101214.22,45,13,13.33,7621.19,23.06,2.57,38.73,24,1,9,5,0.604,0,Low,6,0.00011355802
MRC02742,Retail Trader,104,647,2,1,1,34568348.41,3683341.06,45,13,13.33,190985.35,5.13,-1.79,55.71,26,0,8,5,0.811,0,Low,3,5.048333e-05
MRC02743,Retail Trader,54,688,2,0,0,1086498.77,80595.26,44,14,4.55,6138.41,16.25,5.64,0.0,0,1,11,4,0.445,0,Low,3,0.00012458634
MRC02744,Retail Trader,76,711,1,1,1,967685.73,24630.31,51,14,17.65,4720.42,5.49,5.47,42.02,33,1,0,5,0.831,0,Low,3,0.000106473526
MRC02745,Small Mfg,85,661,2,1,1,54916.26,6237.93,33,3,72.73,412.9,39.29,58.28,89.52,4,3,58,3,0.074,1,High,4,0.999961
MRC02746,Food & Beverages,40,676,3,1,1,1218994.54,68907.22,45,16,-6.67,6734.78,11.4,13.47,50.4,43,0,4,3,0.389,0,Low,2,7.6105454e-05
MRC02747,Agri-Allied,19,656,1,0,1,893053.09,23559.71,51,16,5.88,4356.36,15.42,6.06,0.0,22,1,2,4,0.676,0,Low,0,4.809503e-05
MRC02748,Retail Trader,67,704,1,0,1,447349.1,10146.21,51,16,5.88,2182.19,13.35,-9.84,0.0,37,0,9,5,0.625,0,Low,3,6.160159e-05
MRC02749,Food & Beverages,82,675,1,0,1,619002.98,87327.06,41,12,12.2,3751.53,22.87,13.99,0.0,28,0,4,5,0.591,0,Low,2,0.00010734475
MRC02750,Small Mfg,53,655,1,1,1,672178.57,35470.78,38,11,13.16,4393.32,25.0,13.82,33.56,24,1,2,5,0.617,0,Low,4,4.12111e-05
MRC02751,Textile & Apparel,115,628,1,1,1,587766.49,45979.15,49,8,51.02,2983.59,43.82,16.53,89.72,5,2,36,2,0.17,1,High,6,0.9991572
MRC02752,Small Mfg,64,656,2,1,0,8954421.19,1285630.47,49,16,2.04,45453.91,19.64,12.22,39.04,0,0,6,4,0.807,0,Low,4,6.8937516e-05
MRC02753,Retail Trader,83,688,2,1,1,467411.62,37756.21,37,12,2.7,3136.99,12.36,-5.38,61.96,30,1,2,3,0.946,0,Low,3,0.00012095743
MRC02754,Textile & Apparel,47,671,2,1,0,893745.62,27008.29,50,15,10.0,4446.5,7.78,14.43,67.79,0,1,2,4,0.825,0,Low,6,0.00013206716
MRC02755,Tech Services,6,680,1,1,1,449242.77,41218.78,48,15,6.25,2327.68,13.11,9.05,63.36,38,0,10,5,0.637,0,Low,5,7.312474e-05
MRC02756,Textile & Apparel,16,757,2,1,1,1867511.63,58762.79,36,4,66.67,12879.39,41.59,28.23,98.96,2,1,73,1,0.104,1,High,6,0.9987884
MRC02757,Agri-Allied,72,671,3,1,0,901771.5,29182.61,43,15,-4.65,5212.55,12.15,13.57,58.97,0,1,2,5,0.77,0,Low,0,0.00016775445
MRC02758,Tech Services,112,598,4,1,1,521313.73,68131.54,44,13,11.36,2945.28,10.55,-0.47,46.93,41,0,5,4,0.563,0,Low,5,0.00011567288
MRC02759,Small Mfg,18,720,2,1,1,72318.73,4167.35,48,14,12.5,374.71,21.92,13.28,45.68,29,0,13,5,0.593,0,Low,4,0.00013194872
MRC02760,Retail Trader,52,540,1,0,1,976734.23,105709.14,42,14,0.0,5779.49,22.36,5.14,0.0,34,0,8,3,0.597,0,Low,3,7.915661e-05
MRC02761,Retail Trader,48,563,4,0,0,503082.01,43345.63,42,14,0.0,2976.82,11.78,4.48,0.0,0,0,9,5,0.862,0,Low,3,0.00010451736
MRC02762,Retail Trader,43,676,2,1,1,678141.48,33162.79,57,21,-10.53,2961.32,10.97,6.15,45.51,29,0,7,5,0.748,0,Low,3,7.502137e-05
MRC02763,Small Mfg,39,691,1,1,0,176495.47,15410.99,33,3,72.73,1327.03,33.74,15.41,81.07,0,1,29,1,0.157,1,High,4,0.96728146
MRC02764,Textile & Apparel,49,550,1,1,0,4073196.41,117997.08,41,14,-2.44,24686.04,9.1,1.12,65.11,0,1,10,4,0.731,0,Low,6,7.852358e-05
MRC02765,Retail Trader,113,619,1,0,1,2039248.29,132831.75,50,5,70.0,10145.51,49.12,51.99,0.0,6,2,75,3,0.083,1,High,3,0.99988663
MRC02766,Construction,12,601,1,1,0,4060623.93,357207.85,33,11,0.0,30531.01,7.83,-7.79,52.65,0,0,6,5,0.523,0,Low,1,8.792942e-05
MRC02767,Agri-Allied,109,611,1,1,1,2888867.63,143551.48,45,14,6.67,15960.59,11.1,12.85,46.63,24,2,11,3,0.447,0,Low,0,0.00048794574
MRC02768,Retail Trader,10,725,3,1,0,1484785.33,157126.6,45,13,13.33,8203.23,10.95,6.44,61.35,0,1,13,5,0.649,0,Low,3,0.00018984408
MRC02769,Agri-Allied,71,706,2,1,1,185212.85,4951.77,58,7,63.79,794.9,63.55,37.81,86.79,8,1,82,1,0.017,1,High,0,0.99966633
MRC02770,Small Mfg,110,648,2,1,1,6662894.76,553188.75,54,18,0.0,30704.58,10.65,-0.78,32.15,31,0,7,4,0.313,0,Low,4,5.5251214e-05
MRC02771,Retail Trader,55,606,3,1,1,239626.76,27065.71,48,15,6.25,1241.59,22.97,10.72,61.49,28,1,4,5,0.635,0,Low,3,5.1281364e-05
MRC02772,Retail Trader,1,542,2,1,1,528559.6,40113.97,38,3,76.32,3454.64,46.28,32.12,76.73,6,1,66,3,0.093,1,High,3,0.9999229
MRC02773,Food & Beverages,49,763,3,0,1,1703648.59,227771.4,46,14,8.7,9208.91,6.62,10.78,0.0,29,0,1,4,0.667,0,Low,2,0.000111517526
MRC02774,Textile & Apparel,36,697,4,0,1,1808211.77,184772.23,52,18,-3.85,8651.73,12.95,-1.87,0.0,40,0,3,5,0.944,0,Low,6,9.098814e-05
MRC02775,Agri-Allied,21,593,1,0,0,1449434.55,209594.15,56,16,14.29,6441.93,11.04,12.93,0.0,0,0,6,5,0.636,0,Low,0,9.8983066e-05
MRC02776,Textile & Apparel,37,707,4,0,1,451194.51,25689.14,50,17,-2.0,2244.75,12.04,13.11,0.0,36,0,11,4,0.707,0,Low,6,4.8596634e-05
MRC02777,Retail Trader,116,644,2,0,0,352104.06,50013.78,49,16,2.04,1787.33,10.31,1.87,0.0,0,1,10,4,0.646,0,Low,3,4.464236e-05
MRC02778,Retail Trader,24,627,1,0,1,15270586.46,1510061.52,48,15,6.25,79122.21,12.65,0.01,0.0,23,0,12,5,0.859,0,Low,3,3.6842197e-05
MRC02779,Textile & Apparel,55,684,2,0,1,695803.99,81320.88,53,15,15.09,3266.69,7.83,4.38,0.0,33,0,3,4,0.43,0,Low,6,8.0306956e-05
MRC02780,Retail Trader,25,590,2,0,0,600714.07,82466.59,49,15,8.16,3049.31,10.6,-5.0,0.0,0,0,13,4,0.868,0,Low,3,0.0001228339
MRC02781,Retail Trader,7,622,3,0,1,309815.49,28396.34,48,15,6.25,1605.26,19.96,2.41,0.0,31,1,1,4,0.443,0,Low,3,2.8829501e-05
MRC02782,Food & Beverages,106,659,1,0,0,978332.06,129221.53,40,5,62.5,6076.6,50.18,15.83,0.0,0,1,78,2,0.187,0,High,2,0.33129975
MRC02783,Construction,81,610,2,1,1,925072.47,83645.61,41,15,-9.76,5606.5,9.16,-0.87,61.64,29,1,11,4,0.366,0,Low,1,6.0159527e-05
MRC02784,Food & Beverages,93,703,1,1,0,715350.96,70029.9,34,5,55.88,5221.54,36.37,47.57,85.81,0,2,80,2,0.105,1,High,2,0.9999436
MRC02785,Tech Services,94,799,1,0,1,1153223.91,89793.26,44,14,4.55,6515.39,11.96,5.58,0.0,44,1,1,5,0.582,0,Low,5,0.00013099633
MRC02786,Retail Trader,71,589,1,1,0,6054092.23,235704.04,26,7,19.23,57658.02,17.87,-3.47,33.19,0,0,9,4,0.897,0,Low,3,0.000102912156
MRC02787,Construction,97,516,2,1,0,357159.15,32842.72,31,11,-6.45,2857.27,10.07,3.29,68.54,0,1,8,5,0.525,0,Low,1,0.00010501929
MRC02788,Retail Trader,71,489,3,1,1,768119.42,112965.99,45,16,-6.67,4243.75,13.45,11.31,58.56,26,2,11,4,0.811,0,Low,3,0.00085701986
MRC02789,Construction,24,637,1,0,0,335233.26,41010.49,40,11,17.5,2082.19,24.05,3.87,0.0,0,0,3,4,0.363,0,Low,1,3.5767956e-05
MRC02790,Construction,11,596,2,1,1,1038863.65,121728.64,37,5,59.46,6972.24,33.47,21.94,86.79,5,2,51,3,0.136,1,High,1,0.9996487
MRC02791,Small Mfg,73,666,1,0,1,368736.14,38212.18,36,12,0.0,2543.01,15.64,9.38,0.0,29,0,1,4,0.807,0,Low,4,7.886307e-05
MRC02792,Construction,12,660,1,0,0,388274.72,25326.43,45,5,66.67,2145.16,43.88,51.44,0.0,0,3,78,2,0.121,1,High,1,0.9998122
MRC02793,Agri-Allied,35,521,2,0,1,126572.68,5322.38,40,11,17.5,786.17,16.14,-8.72,0.0,38,0,4,4,0.44,0,Low,0,0.00013599095
MRC02794,Retail Trader,63,504,1,0,0,820241.21,40349.07,42,3,78.57,4853.5,46.47,35.87,0.0,0,1,64,1,0.027,1,High,3,0.9998696
MRC02795,Textile & Apparel,68,673,2,1,0,1221662.93,25437.31,35,9,22.86,8664.28,10.08,-5.92,62.27,0,0,10,3,0.964,0,Medium,6,0.00018660293
MRC02796,Small Mfg,100,660,1,1,0,6800941.55,731457.96,48,13,18.75,35238.04,23.84,10.29,36.25,0,0,2,4,0.661,0,Low,4,0.00012804774
MRC02797,Retail Trader,92,615,1,1,1,1281322.08,160862.4,55,8,56.36,5797.84,57.54,57.06,83.13,3,3,23,2,0.035,1,High,3,0.9998809
MRC02798,Small Mfg,57,517,2,0,0,425227.27,23369.84,39,3,76.92,2708.45,64.72,52.14,0.0,0,0,66,3,0.084,1,High,4,0.99979585
MRC02799,Construction,13,687,2,0,1,142683.63,4557.39,56,9,51.79,634.15,32.29,32.77,0.0,3,2,25,1,0.168,1,High,1,0.9995914
MRC02800,Retail Trader,23,751,1,0,1,168460.33,10721.58,51,16,5.88,821.76,10.02,9.08,0.0,28,0,12,5,0.68,0,Low,3,0.00015032153
MRC02801,Food & Beverages,83,672,2,0,1,154082.89,8931.67,40,13,2.5,957.04,13.89,-6.5,0.0,35,0,13,5,0.999,0,Low,2,0.0001457982
MRC02802,Tech Services,106,582,3,1,1,6945818.92,546038.1,37,13,-5.41,46616.23,19.59,-1.39,35.64,39,0,7,5,0.31,0,Low,5,0.00012214243
MRC02803,Construction,101,653,2,1,1,1030312.38,55980.24,42,13,7.14,6096.52,15.7,-5.14,65.65,48,1,5,5,0.579,0,Low,1,5.5842575e-05
MRC02804,Construction,39,540,1,1,1,362377.05,23252.01,44,12,18.18,2047.33,5.27,6.16,31.0,32,0,4,4,0.32,0,Low,1,4.7361253e-05
MRC02805,Agri-Allied,88,734,2,1,0,230537.42,31810.04,46,16,-4.35,1246.15,11.12,-6.58,44.54,0,0,3,5,0.864,0,Low,0,0.00024341684
MRC02806,Construction,80,656,2,1,1,261103.09,16587.51,40,11,17.5,1621.76,6.29,9.53,38.84,40,1,2,3,0.448,0,Low,1,3.3858865e-05
MRC02807,Food & Beverages,97,508,1,0,1,351105.04,42876.02,51,16,5.88,1712.71,23.52,-4.8,0.0,28,0,0,5,0.814,0,Low,2,7.26005e-05
MRC02808,Retail Trader,12,625,3,1,1,3539536.2,358761.66,48,17,-6.25,18339.57,20.89,-8.53,53.58,37,0,2,5,0.829,0,Low,3,4.5040044e-05
MRC02809,Agri-Allied,34,687,3,1,0,703672.17,44950.53,31,9,12.9,5629.38,24.68,12.77,52.79,0,2,10,4,0.353,0,Low,0,0.0012697587
MRC02810,Small Mfg,71,623,3,1,0,128417.29,16220.71,45,15,0.0,709.49,22.7,-1.67,43.0,0,2,8,3,0.742,0,Low,4,0.00062921806
MRC02811,Retail Trader,75,627,3,1,1,11670223.2,1136211.64,46,13,15.22,63082.29,14.51,2.57,53.48,34,0,10,5,0.341,0,Low,3,4.9245846e-05
MRC02812,Small Mfg,31,552,2,0,0,185684.94,3921.75,52,19,-9.62,888.44,22.65,-7.48,0.0,0,0,9,4,0.333,0,Low,4,0.0001768989
MRC02813,Small Mfg,93,695,2,1,1,358971.27,10386.71,43,15,-4.65,2074.98,18.45,1.99,47.72,31,0,3,3,0.341,0,Low,4,7.566901e-05
MRC02814,Retail Trader,62,598,2,1,0,3513675.73,414062.59,42,15,-7.14,20790.98,15.49,-4.44,71.79,0,0,3,4,0.347,0,Low,3,0.00013520622
MRC02815,Agri-Allied,13,477,3,1,1,1200417.01,93690.88,37,12,2.7,8056.49,12.41,11.01,33.08,33,1,10,4,0.474,0,Low,0,0.00011010437
MRC02816,Food & Beverages,31,620,2,1,1,415024.32,30178.91,43,13,9.3,2398.98,18.62,7.84,74.42,28,0,10,3,0.828,0,Low,2,4.769993e-05
MRC02817,Agri-Allied,2,728,1,0,0,166434.93,6483.89,52,19,-9.62,796.34,16.8,6.58,0.0,0,0,9,4,0.485,0,Low,0,0.00019701908
MRC02818,Retail Trader,103,619,1,1,0,228655.52,9249.44,46,15,2.17,1235.98,17.28,9.53,56.69,0,1,0,4,0.747,0,Low,3,5.6343943e-05
MRC02819,Retail Trader,15,789,3,0,1,245783.08,30405.29,38,12,5.26,1606.43,13.0,-2.66,0.0,25,1,5,5,0.658,0,Low,3,8.8091816e-05
MRC02820,Textile & Apparel,57,684,1,0,0,735597.34,93988.91,45,3,80.0,4064.07,51.4,54.68,0.0,0,2,88,2,0.185,1,High,6,0.9997367
MRC02821,Tech Services,75,677,2,1,1,917377.36,85132.92,50,15,10.0,4564.07,6.63,-7.84,66.09,27,0,5,4,0.577,0,Low,5,0.000113606206
MRC02822,Retail Trader,34,639,4,0,1,610244.18,35617.89,53,17,3.77,2865.0,19.52,-8.31,0.0,31,0,7,5,0.92,0,Low,3,4.5200195e-05
MRC02823,Small Mfg,103,644,2,1,0,695887.59,98294.89,40,12,10.0,4322.28,19.62,-1.77,31.8,0,0,8,5,0.32,0,Low,4,7.6969605e-05
MRC02824,Retail Trader,68,628,4,1,1,206722.41,20902.76,47,17,-8.51,1093.77,15.32,10.57,49.92,28,1,7,5,0.497,0,Low,3,6.198994e-05
MRC02825,Textile & Apparel,75,625,2,0,1,1036917.91,128125.18,42,12,14.29,6135.61,10.27,4.94,0.0,34,0,7,4,0.522,0,Low,6,4.323773e-05
MRC02826,Food & Beverages,29,692,1,1,1,3390955.72,69266.31,52,17,1.92,16224.67,15.39,0.61,42.88,27,0,12,3,0.493,0,Low,2,8.683452e-05
MRC02827,Small Mfg,66,575,3,1,1,599979.03,47123.28,41,6,56.1,3636.24,69.56,25.48,82.08,6,1,30,2,0.05,1,High,4,0.9989957
MRC02828,Retail Trader,16,563,1,0,1,586106.01,78083.02,49,14,14.29,2975.16,10.7,1.05,0.0,32,0,3,3,0.441,0,Low,3,9.67958e-05
MRC02829,Textile & Apparel,39,560,1,1,1,805808.39,51547.83,42,13,7.14,4768.1,13.43,1.72,59.29,30,0,7,3,0.948,0,Low,6,7.341891e-05
MRC02830,Retail Trader,77,813,1,1,1,2790819.48,319413.9,43,7,51.16,16131.9,32.37,25.76,79.21,5,2,25,1,0.093,1,High,3,0.99979204
MRC02831,Agri-Allied,37,692,1,1,0,249280.09,26298.48,35,11,5.71,1767.94,8.74,-6.72,71.39,0,0,6,4,0.923,0,Low,0,7.0640555e-05
MRC02832,Small Mfg,81,674,1,1,0,4159963.27,165518.23,42,13,7.14,24615.17,8.16,-3.61,56.37,0,0,4,5,0.352,0,Low,4,0.00015342527
MRC02833,Retail Trader,21,565,1,1,1,1209196.55,145995.37,53,20,-13.21,5676.98,17.16,1.33,71.89,26,0,1,5,0.628,0,Low,3,0.0001099688
MRC02834,Textile & Apparel,44,699,2,1,1,754957.58,26143.04,40,2,85.0,4689.18,66.42,47.23,75.41,6,2,46,2,0.042,1,High,6,0.99989116
MRC02835,Textile & Apparel,19,640,3,1,1,3127944.4,358552.61,43,5,65.12,18080.6,60.73,19.88,78.1,4,4,32,2,0.075,1,High,6,0.99911934
MRC02836,Tech Services,71,667,1,0,0,176579.33,26279.57,37,13,-5.41,1185.1,5.66,-1.78,0.0,0,0,8,5,0.33,0,Low,5,0.00021709995
MRC02837,Construction,102,571,1,1,1,1364712.91,197252.31,33,10,9.09,10261.0,7.94,-4.49,61.31,33,0,11,5,0.847,0,Low,1,0.00010586841
MRC02838,Retail Trader,8,662,2,0,1,1222454.74,151622.81,41,13,4.88,7408.82,23.02,11.25,0.0,32,1,5,5,0.963,0,Low,3,8.951018e-05
MRC02839,Food & Beverages,77,616,2,1,1,237388.64,21243.26,37,2,83.78,1593.21,35.78,17.03,75.26,6,3,68,1,0.198,1,High,2,0.998777
MRC02840,Textile & Apparel,101,588,3,1,0,1267764.6,136572.72,42,12,14.29,7501.57,23.42,-4.0,42.56,0,0,4,4,0.935,0,Low,6,0.000115317926
MRC02841,Textile & Apparel,66,708,1,1,1,1024757.15,117492.6,48,7,56.25,5309.62,49.09,36.39,75.4,8,1,47,1,0.2,1,High,6,0.9975376
MRC02842,Food & Beverages,41,526,3,0,1,588607.15,12415.02,53,9,49.06,2763.41,55.03,21.92,0.0,3,0,48,3,0.134,1,High,2,0.97795814
MRC02843,Tech Services,75,695,2,1,0,2054167.2,68419.4,46,17,-10.87,11103.61,13.78,-8.8,54.73,0,0,13,4,0.769,0,Low,5,0.00016075246
MRC02844,Construction,88,704,2,0,1,367285.55,35853.57,49,5,69.39,1864.39,38.03,22.82,0.0,6,3,37,2,0.07,1,High,1,0.9995654
MRC02845,Agri-Allied,70,579,1,1,1,1008914.44,21035.35,52,17,1.92,4827.34,17.02,2.78,61.68,35,0,11,5,0.517,0,Low,0,0.00010778488
MRC02846,Textile & Apparel,61,584,1,1,1,622806.69,86045.56,36,13,-8.33,4295.22,5.06,-4.34,67.76,29,0,6,4,0.438,0,Low,6,0.00011301519
MRC02847,Food & Beverages,26,632,1,1,1,348838.31,29182.47,37,12,2.7,2341.2,5.55,-0.08,39.48,26,0,3,5,0.622,0,Low,2,3.354125e-05
MRC02848,Retail Trader,71,672,1,0,1,1333692.04,71365.49,48,18,-12.5,6910.32,7.91,12.54,0.0,37,2,2,4,0.884,0,Low,3,0.0008231202
MRC02849,Agri-Allied,103,637,2,1,0,568477.55,40473.76,43,13,9.3,3286.0,15.22,-9.38,74.59,0,1,7,5,0.973,0,Low,0,9.457627e-05
MRC02850,Textile & Apparel,83,684,3,1,0,124541.25,16265.2,47,13,17.02,658.95,13.61,-6.43,69.72,0,2,5,4,0.547,0,Low,6,0.001779776
MRC02851,Small Mfg,70,791,2,1,1,84012.48,11806.7,48,14,12.5,435.3,15.79,-5.18,41.93,35,1,2,3,0.319,0,Low,4,0.00019473198
MRC02852,Retail Trader,107,609,2,1,0,1880162.87,66013.55,41,12,12.2,11394.93,21.01,-8.5,37.32,0,0,8,3,0.479,0,Low,3,5.0356102e-05
MRC02853,Retail Trader,29,512,2,0,1,168599.25,20423.25,50,5,70.0,838.8,39.66,39.9,0.0,6,4,80,2,0.108,1,High,3,0.9999213
MRC02854,Tech Services,107,716,1,1,1,1019947.17,97067.89,52,15,13.46,4880.13,24.54,10.43,40.46,36,0,2,5,0.481,0,Low,5,0.00011301454
MRC02855,Retail Trader,103,784,4,1,0,779137.08,74887.04,50,15,10.0,3876.3,16.15,3.18,39.99,0,0,7,5,0.918,0,Low,3,0.00028172342
MRC02856,Agri-Allied,66,681,2,1,1,468720.48,56869.28,35,10,14.29,3324.26,11.94,5.14,34.94,35,0,2,4,0.542,0,Low,0,0.00011327574
MRC02857,Retail Trader,19,562,1,1,1,7633081.2,373790.53,54,17,5.56,35175.49,11.16,-6.1,42.96,32,1,11,4,0.637,0,Low,3,8.674042e-05
MRC02858,Retail Trader,68,640,1,0,0,904926.34,80570.88,42,13,7.14,5354.59,11.81,-3.04,0.0,0,0,0,4,0.86,0,Low,3,6.311949e-05
MRC02859,Retail Trader,58,560,2,1,1,1806244.13,111112.62,50,16,4.0,8986.29,11.48,12.94,55.64,26,0,12,3,0.617,0,Low,3,0.000111956186
MRC02860,Retail Trader,70,701,2,0,1,1026616.97,33145.98,33,9,18.18,7718.92,12.86,-4.74,0.0,24,0,9,5,0.729,0,Low,3,0.00011168823
MRC02861,Tech Services,113,541,1,1,1,552469.05,18596.29,48,16,0.0,2862.53,6.5,12.67,73.53,31,0,6,3,0.918,0,Low,5,0.000119562195
MRC02862,Textile & Apparel,57,625,3,1,1,712897.91,26905.69,41,2,85.37,4320.59,31.11,51.98,91.29,7,1,43,2,0.169,1,High,6,0.999554
MRC02863,Construction,37,569,2,1,0,4198556.44,419591.05,38,11,13.16,27441.55,16.36,2.57,48.75,0,0,1,3,0.871,0,Low,1,7.076319e-05
MRC02864,Small Mfg,61,660,2,1,0,2691815.28,90870.1,31,9,12.9,21534.52,14.24,-5.65,65.29,0,0,1,4,0.329,0,Low,4,0.00015010711
MRC02865,Textile & Apparel,92,620,1,0,0,7590315.51,714351.16,39,5,61.54,48345.96,68.51,45.83,0.0,0,0,19,2,0.184,1,High,6,0.99353725
MRC02866,Small Mfg,30,664,1,0,1,951667.05,91815.52,49,17,-4.08,4830.8,6.86,12.16,0.0,28,0,1,5,0.511,0,Low,4,8.28103e-05
MRC02867,Agri-Allied,71,651,3,0,1,254657.69,35017.1,47,17,-8.51,1347.4,15.9,-6.01,0.0,27,0,3,3,0.329,0,Low,0,7.4782445e-05
MRC02868,Food & Beverages,73,571,3,0,0,429930.85,43607.44,43,5,65.12,2485.15,39.55,18.48,0.0,0,4,58,1,0.081,1,High,2,0.99972516
MRC02869,Textile & Apparel,25,700,1,1,1,175372.26,25977.26,35,11,5.71,1243.77,19.5,8.5,45.2,30,0,0,4,0.489,0,Low,6,0.0001121791
MRC02870,Textile & Apparel,97,646,1,0,0,1831146.73,44000.69,35,4,65.71,12986.86,39.91,38.18,0.0,0,1,34,1,0.123,1,High,6,0.9994435
MRC02871,Tech Services,65,570,1,1,0,361096.47,40276.34,45,5,66.67,1995.01,35.54,15.43,88.56,0,3,74,1,0.082,1,High,5,0.99827194
MRC02872,Construction,115,829,1,1,1,18650.32,437.21,47,13,17.02,98.68,19.47,1.4,49.88,22,0,4,5,0.976,0,Low,1,0.00019144628
MRC02873,Tech Services,6,688,2,1,1,14027508.3,1610625.67,45,16,-6.67,77500.05,13.78,2.44,36.64,33,0,11,4,0.643,0,Low,5,9.540955e-05
MRC02874,Textile & Apparel,18,637,4,1,1,367794.13,25804.63,41,6,56.1,2229.06,42.29,53.93,84.7,10,0,72,2,0.119,1,High,6,0.99804246
MRC02875,Food & Beverages,10,763,1,0,1,365160.0,36322.47,38,6,52.63,2386.67,65.08,35.76,0.0,6,2,44,2,0.004,1,High,2,0.99988246
MRC02876,Agri-Allied,92,797,1,0,1,5421776.2,326607.52,54,15,16.67,24985.14,21.48,9.39,0.0,33,0,12,5,0.562,0,Low,0,0.00014053196
MRC02877,Agri-Allied,11,638,3,0,1,171116.22,6961.63,39,11,15.38,1089.91,19.23,1.7,0.0,34,0,3,4,0.93,0,Low,0,6.355618e-05
MRC02878,Retail Trader,97,677,1,1,1,2853129.63,325418.34,45,14,6.67,15763.15,19.98,10.62,65.93,35,0,7,5,0.867,0,Low,3,0.000109161825
MRC02879,Small Mfg,65,570,4,1,1,360435.78,49596.2,51,5,70.59,1758.22,41.07,17.84,76.1,5,2,39,1,0.033,1,High,4,0.99979526
MRC02880,Retail Trader,77,638,2,0,1,148961.84,6534.32,54,20,-11.11,686.46,14.69,-5.71,0.0,33,0,13,5,0.45,0,Low,3,7.166325e-05
MRC02881,Textile & Apparel,101,634,3,1,1,5648278.2,789015.83,42,15,-7.14,33421.76,14.17,9.84,41.03,39,0,4,4,0.735,0,Low,6,5.1659797e-05
MRC02882,Tech Services,84,664,1,0,1,2208261.99,84407.89,40,12,10.0,13715.91,12.84,14.44,0.0,38,0,0,4,0.317,0,Low,5,9.615054e-05
MRC02883,Retail Trader,65,676,1,1,1,2200073.18,254407.76,40,13,2.5,13665.05,10.32,8.11,50.34,29,0,8,3,0.773,0,Low,3,9.0865804e-05
MRC02884,Retail Trader,52,694,2,1,1,1133914.83,164109.08,58,9,53.45,4866.59,43.53,29.27,85.44,3,3,77,2,0.039,1,High,3,0.9999467
MRC02885,Retail Trader,67,669,2,1,1,1496922.6,58616.82,50,4,76.0,7447.38,64.21,17.27,94.7,4,3,24,3,0.107,1,High,3,0.9998698
MRC02886,Construction,82,553,1,1,0,166277.0,12730.45,34,10,11.76,1213.7,23.02,9.83,53.94,0,0,3,3,0.366,0,Low,1,0.00015184339
MRC02887,Agri-Allied,105,574,4,1,1,833953.59,53264.18,50,18,-8.0,4149.02,23.61,1.23,35.94,31,0,5,3,0.339,0,Low,0,0.00014802084
MRC02888,Textile & Apparel,78,606,3,1,1,239302.66,16871.34,41,15,-9.76,1450.32,16.61,4.31,38.83,31,0,12,4,0.4,0,Low,6,7.374343e-05
MRC02889,Food & Beverages,31,627,2,0,1,137760.42,16243.08,55,16,12.73,623.35,6.88,8.05,0.0,27,1,8,3,0.892,0,Low,2,4.997497e-05
MRC02890,Food & Beverages,91,734,1,1,0,1194387.42,126550.8,58,21,-8.62,5126.13,22.57,-6.89,58.42,0,0,12,3,0.69,0,Low,2,0.0001736158
MRC02891,Textile & Apparel,17,556,2,1,0,2927851.59,427259.35,43,15,-4.65,16924.0,19.95,13.17,48.03,0,3,13,5,0.873,0,Low,6,0.0010785942
MRC02892,Small Mfg,55,621,2,0,0,460449.01,20311.48,49,18,-10.2,2337.3,10.03,14.69,0.0,0,0,8,5,0.801,0,Low,4,3.1958272e-05
MRC02893,Food & Beverages,110,726,1,1,1,565567.27,51253.92,50,16,4.0,2813.77,21.07,-1.74,66.4,22,0,0,5,0.588,0,Low,2,0.00012024375
MRC02894,Small Mfg,93,626,3,0,0,186133.46,14590.33,39,13,0.0,1185.56,14.44,7.88,0.0,0,0,10,4,0.862,0,Low,4,6.7617264e-05
MRC02895,Retail Trader,36,686,1,0,1,735760.97,102602.82,47,14,10.64,3892.92,22.75,0.53,0.0,40,0,4,3,0.766,0,Low,3,8.780985e-05
MRC02896,Tech Services,101,638,1,1,0,1815899.21,38824.83,45,16,-6.67,10032.59,9.95,-9.31,72.59,0,0,11,4,0.938,0,Low,5,6.94726e-05
MRC02897,Agri-Allied,26,670,1,1,0,1885744.54,280206.84,43,14,2.33,10900.26,21.02,13.97,34.05,0,0,9,3,0.515,0,Low,0,0.0001218981
MRC02898,Textile & Apparel,53,631,2,0,1,1403123.54,115568.92,39,12,7.69,8937.09,19.24,-6.44,0.0,27,0,2,3,0.779,0,Low,6,3.442916e-05
MRC02899,Textile & Apparel,17,703,2,1,1,347278.59,35186.32,55,4,78.18,1571.4,58.77,23.2,92.68,4,4,86,3,0.104,1,High,6,0.99969983
MRC02900,Retail Trader,86,526,1,1,0,334317.07,22334.66,41,5,63.41,2026.16,43.31,27.71,87.54,0,1,48,2,0.156,1,High,3,0.9957724
MRC02901,Retail Trader,25,620,1,0,1,1894537.62,247859.45,42,15,-7.14,11210.28,19.31,-9.15,0.0,30,0,3,5,0.946,0,Low,3,3.9249124e-05
MRC02902,Food & Beverages,2,673,1,1,0,1932642.35,179848.67,40,14,-5.0,12003.99,8.13,7.2,46.31,0,0,13,3,0.722,0,Low,2,0.000120207515
MRC02903,Retail Trader,119,692,1,1,0,593389.34,62997.43,57,20,-5.26,2591.22,15.64,13.25,40.89,0,2,11,4,0.431,0,Low,3,0.0014508214
MRC02904,Textile & Apparel,86,769,2,0,1,437395.77,45645.58,43,13,9.3,2528.3,11.08,0.15,0.0,35,0,3,4,0.462,0,Low,6,0.00013055824
MRC02905,Agri-Allied,5,618,1,1,1,2959990.19,199259.67,54,20,-11.11,13640.51,18.93,-8.29,30.86,20,1,9,5,0.529,0,Low,0,4.6205583e-05
MRC02906,Retail Trader,4,768,1,0,1,473573.12,14149.81,49,17,-4.08,2403.92,15.8,-4.54,0.0,33,1,0,4,0.404,0,Low,3,0.00010535319
MRC02907,Construction,36,597,3,1,1,1785338.64,223170.56,43,13,9.3,10319.88,17.43,13.71,53.11,27,0,2,3,0.461,0,Low,1,0.00010169731
MRC02908,Retail Trader,6,756,2,1,1,618955.21,35690.86,47,3,80.85,3274.9,43.56,20.42,84.81,6,1,27,1,0.099,1,High,3,0.9997768
MRC02909,Textile & Apparel,116,715,2,0,0,207515.36,27051.9,43,16,-11.63,1199.51,7.76,3.53,0.0,0,1,9,4,0.328,0,Low,6,0.0002629506
MRC02910,Textile & Apparel,21,576,1,1,0,5049372.66,500511.95,46,15,2.17,27293.91,16.04,-6.1,31.21,0,1,7,4,0.302,0,Low,6,9.6378106e-05
MRC02911,Retail Trader,77,674,1,1,0,842455.97,55586.52,53,16,9.43,3955.19,8.62,12.95,51.9,0,0,9,5,0.95,0,Low,3,0.00016842599
MRC02912,Retail Trader,118,645,2,0,1,310862.89,30232.08,36,11,8.33,2143.88,14.97,2.93,0.0,31,1,6,5,0.966,0,Low,3,3.1017647e-05
MRC02913,Small Mfg,101,700,1,1,0,137452.43,14283.24,43,13,9.3,794.52,18.8,3.22,69.74,0,1,6,3,0.426,0,Low,4,0.00022969017
MRC02914,Construction,119,632,1,0,0,155126.94,17353.87,43,16,-11.63,896.69,21.2,4.4,0.0,0,2,6,4,0.753,0,Low,1,0.00075487274
MRC02915,Retail Trader,89,625,3,1,1,466263.55,59170.69,45,14,6.67,2576.04,7.86,9.18,67.01,27,2,1,5,0.767,0,Low,3,0.0005299256
MRC02916,Small Mfg,26,759,3,1,0,7349586.86,299629.0,52,17,1.92,35165.49,19.84,-4.93,74.93,0,0,6,5,0.982,0,Low,4,0.0003583425
MRC02917,Food & Beverages,55,642,1,1,0,361640.44,51620.11,33,11,0.0,2719.1,12.26,13.56,37.98,0,0,12,4,0.934,0,Low,2,3.8630184e-05
MRC02918,Food & Beverages,39,716,1,1,0,4143062.47,304139.23,37,11,10.81,27805.79,18.58,-5.61,32.82,0,0,1,4,0.815,0,Low,2,0.00010272273
MRC02919,Textile & Apparel,84,631,4,1,0,623487.25,82212.12,41,3,78.05,3778.71,56.32,44.86,76.13,0,2,72,1,0.083,1,High,6,0.99993014
MRC02920,Textile & Apparel,33,783,1,1,1,176772.62,8602.17,36,6,50.0,1219.12,41.0,28.9,89.23,7,4,16,2,0.079,1,High,6,0.9997321
MRC02921,Textile & Apparel,14,595,2,1,1,413389.93,9827.84,47,17,-8.51,2187.25,21.75,-9.51,58.54,34,0,5,5,0.528,0,Low,6,6.408628e-05
MRC02922,Small Mfg,56,600,4,1,0,156813.82,14824.35,37,10,18.92,1052.44,7.13,0.72,44.23,0,1,13,5,0.695,0,Low,4,0.00015780162
MRC02923,Food & Beverages,100,771,4,1,0,261146.77,16245.06,53,19,-7.55,1226.04,21.55,-5.43,34.61,0,0,11,5,0.84,0,Low,2,0.0003107835
MRC02924,Retail Trader,81,614,2,0,1,251979.33,37287.92,49,16,2.04,1279.08,14.06,-4.7,0.0,26,1,13,4,0.611,0,Low,3,7.0802e-05
MRC02925,Textile & Apparel,21,778,1,1,1,74267.99,2493.84,46,14,8.7,401.45,21.47,14.7,54.45,30,0,0,5,0.455,0,Low,6,0.0001513014
MRC02926,Tech Services,46,721,1,1,1,4480993.23,117175.16,50,14,16.0,22293.5,24.17,13.23,52.57,28,0,9,4,0.351,0,Low,5,7.8405734e-05
MRC02927,Food & Beverages,16,637,3,1,1,939610.25,24291.1,42,6,57.14,5559.82,56.24,29.56,85.6,4,5,55,1,0.103,1,High,2,0.99995613
MRC02928,Construction,110,504,3,1,0,320124.71,15427.96,43,13,9.3,1850.43,18.49,-1.42,74.49,0,0,5,4,0.411,0,Low,1,0.00010594041
MRC02929,Food & Beverages,16,648,2,0,1,951799.13,90701.55,34,5,55.88,6947.44,31.96,54.97,0.0,6,2,54,1,0.089,1,High,2,0.9999093
MRC02930,Textile & Apparel,84,658,2,1,1,267646.81,22943.55,48,14,12.5,1386.77,7.71,12.06,72.06,27,0,4,3,0.489,0,Low,6,7.503861e-05
MRC02931,Small Mfg,29,743,2,0,0,29576.21,1937.53,48,17,-6.25,153.24,17.56,-7.54,0.0,0,0,11,4,0.574,0,Low,4,0.00030306238
MRC02932,Small Mfg,92,777,2,1,1,25343426.88,799410.35,50,5,70.0,126086.7,40.2,24.69,81.81,5,0,79,1,0.157,1,High,4,0.9989524
MRC02933,Retail Trader,8,595,3,1,1,915769.39,46141.79,52,18,-3.85,4381.67,14.3,-5.34,62.73,22,0,3,3,0.888,0,Low,3,0.00012690804
MRC02934,Agri-Allied,88,714,2,1,0,359757.1,15807.41,52,15,13.46,1721.33,17.72,8.95,46.73,0,0,3,4,0.674,0,Low,0,0.00010980052
MRC02935,Small Mfg,3,711,2,1,1,71632.36,8376.45,50,14,16.0,356.38,14.99,5.78,52.9,35,0,11,4,0.634,0,Low,4,0.00012764276
MRC02936,Retail Trader,89,735,1,1,1,121421.14,14739.68,43,14,2.33,701.86,18.94,-0.3,39.11,34,0,9,3,0.568,0,Low,3,0.00014019683
MRC02937,Food & Beverages,19,689,2,1,0,5311529.09,642757.81,48,6,62.5,27520.88,46.98,49.95,94.17,0,2,84,1,0.091,1,High,2,0.9999
MRC02938,Small Mfg,97,494,2,1,1,4422988.95,645647.01,29,10,-3.45,37803.32,22.44,9.19,51.03,28,0,0,5,0.845,0,Low,4,0.00011787457
MRC02939,Construction,66,637,1,0,1,1801009.76,243047.95,42,14,0.0,10656.86,16.2,-8.07,0.0,25,1,3,4,0.908,0,Low,1,4.2742988e-05
MRC02940,Retail Trader,79,557,3,1,0,191359.2,16210.92,46,17,-10.87,1034.37,10.53,-3.16,69.17,0,2,13,5,0.872,0,Low,3,0.0010584061
MRC02941,Retail Trader,86,633,2,1,1,4465844.02,330212.02,52,15,13.46,21367.67,15.19,-3.66,30.75,24,0,11,4,0.77,0,Low,3,5.1193365e-05
MRC02942,Small Mfg,74,728,3,1,1,1251357.03,174001.08,46,14,8.7,6764.09,12.75,4.46,73.64,31,0,5,5,0.845,0,Low,4,0.00014256827
MRC02943,Textile & Apparel,82,674,1,1,1,1600632.37,159197.75,58,18,6.9,6869.67,9.52,2.84,51.1,30,1,13,4,0.651,0,Low,6,8.815249e-05
MRC02944,Small Mfg,22,741,2,1,1,1245945.37,72603.51,41,12,12.2,7551.18,15.58,-3.01,38.05,24,0,13,5,0.488,0,Low,4,0.00012746544
MRC02945,Food & Beverages,46,677,1,0,1,119564.99,11165.02,52,17,1.92,572.08,5.45,0.76,0.0,42,0,2,4,0.504,0,Low,2,9.275275e-05
MRC02946,Retail Trader,113,546,3,0,1,173200.79,25803.35,42,12,14.29,1024.86,17.11,0.91,0.0,35,0,3,4,0.994,0,Low,3,0.00016052101
MRC02947,Agri-Allied,91,448,1,1,1,395433.61,51576.84,43,5,65.12,2285.74,54.75,26.46,99.59,4,2,79,1,0.128,1,High,0,0.99964523
MRC02948,Agri-Allied,13,661,2,0,1,1579103.2,89324.12,43,3,79.07,9127.76,63.63,27.0,0.0,4,1,26,2,0.129,1,High,0,0.99542785
MRC02949,Textile & Apparel,33,632,2,0,0,139174.18,20024.95,36,13,-8.33,959.82,23.43,-6.45,0.0,0,1,10,4,0.842,0,Low,6,7.714809e-05
MRC02950,Construction,5,571,1,1,0,591007.69,87226.87,37,10,18.92,3966.49,6.8,3.94,40.84,0,0,8,4,0.765,0,Low,1,0.00010322745
MRC02951,Food & Beverages,90,513,4,1,0,590112.57,29536.14,47,15,4.26,3122.29,8.25,-9.54,73.45,0,0,6,5,0.327,0,Low,2,0.00014413515
MRC02952,Small Mfg,77,591,3,1,1,1888489.06,257640.85,39,3,76.92,12028.59,32.41,32.63,88.5,4,1,51,2,0.183,1,High,4,0.99966586
MRC02953,Small Mfg,27,634,1,0,0,1639014.73,220965.99,58,5,74.14,7034.4,65.34,54.06,0.0,0,2,30,2,0.003,1,High,4,0.9998759
MRC02954,Agri-Allied,78,703,1,1,1,217016.55,5461.86,54,19,-5.56,1000.08,5.92,7.35,63.88,26,0,9,5,0.366,0,Low,0,0.00015069998
MRC02955,Tech Services,24,665,1,1,1,4139242.69,443145.65,43,15,-4.65,23926.26,23.74,1.87,67.06,29,0,7,5,0.449,0,Low,5,8.9112196e-05
MRC02956,Small Mfg,67,778,1,0,0,180613.06,10780.16,46,16,-4.35,976.29,6.24,-5.33,0.0,0,1,11,5,0.341,0,Low,4,0.00031356353
MRC02957,Small Mfg,111,567,3,1,1,2705202.5,291349.34,48,15,6.25,14016.59,12.83,1.2,47.8,22,0,1,5,0.42,0,Low,4,0.00012935301
MRC02958,Tech Services,115,720,4,1,1,376934.28,52304.39,61,23,-13.11,1538.51,22.88,-9.41,46.06,33,0,10,4,0.372,0,Low,5,8.063531e-05
MRC02959,Retail Trader,63,653,1,1,1,887985.9,75337.88,37,11,10.81,5959.64,23.97,-0.46,47.48,28,0,9,3,0.765,0,Low,3,5.1541254e-05
MRC02960,Food & Beverages,113,705,2,0,0,956642.42,70670.68,54,16,11.11,4408.49,14.31,10.96,0.0,0,2,11,3,0.446,0,Low,2,0.0015939258
MRC02961,Retail Trader,94,615,2,1,1,924722.46,129275.34,43,16,-11.63,5345.22,14.77,-1.54,32.79,19,1,12,5,0.604,0,Low,3,5.7036024e-05
MRC02962,Textile & Apparel,99,735,1,0,1,1638675.81,240287.13,45,17,-13.33,9053.46,17.72,4.79,0.0,37,0,4,4,0.81,0,Low,6,0.000106321146
MRC02963,Textile & Apparel,48,673,1,0,1,1166771.86,32775.46,40,13,2.5,7247.03,13.15,-3.47,0.0,22,0,9,5,0.794,0,Low,6,6.73969e-05
MRC02964,Construction,63,595,1,1,1,1868000.11,261464.44,40,4,70.0,11602.49,32.29,40.61,97.57,3,2,24,2,0.068,1,High,1,0.9998857
MRC02965,Tech Services,78,649,2,1,1,1273836.73,39183.1,47,14,10.64,6739.88,19.79,3.02,35.43,20,0,11,3,0.352,0,Low,5,5.672316e-05
MRC02966,Small Mfg,12,630,2,1,1,159955.94,10212.74,43,14,2.33,924.6,16.91,-9.11,40.6,29,0,9,3,0.991,0,Low,4,5.828832e-05
MRC02967,Small Mfg,28,689,2,1,0,1008282.44,120121.36,65,23,-6.15,3863.15,14.63,12.61,67.52,0,0,2,5,0.727,0,Low,4,0.00018423705
MRC02968,Agri-Allied,44,555,1,0,0,370777.01,44869.51,48,13,18.75,1921.12,7.02,9.43,0.0,0,0,2,3,0.825,0,Low,0,5.3251963e-05
MRC02969,Construction,93,647,3,1,1,192699.07,22036.46,49,17,-4.08,978.17,6.38,14.95,42.1,40,1,7,4,0.656,0,Low,1,6.431746e-05
MRC02970,Agri-Allied,43,681,2,0,0,515139.04,12922.07,39,11,15.38,3281.14,15.22,14.83,0.0,0,0,1,5,0.816,0,Low,0,0.00012840233
MRC02971,Textile & Apparel,17,652,3,1,1,908802.17,33885.22,40,14,-5.0,5644.73,17.39,8.22,64.63,33,0,0,4,0.773,0,Low,6,5.1815314e-05
MRC02972,Retail Trader,40,757,1,1,1,984225.22,139472.73,36,12,0.0,6787.76,18.15,9.42,52.75,27,0,7,5,0.654,0,Low,3,8.6953594e-05
MRC02973,Food & Beverages,49,711,3,1,1,2590158.67,79232.9,50,19,-14.0,12886.36,22.9,3.2,35.41,22,0,4,3,0.401,0,Low,2,9.899486e-05
MRC02974,Food & Beverages,85,649,3,1,0,3501741.39,105791.0,35,12,-2.86,24835.05,21.32,-4.54,46.88,0,1,5,4,0.658,0,Low,2,6.0578976e-05
MRC02975,Textile & Apparel,57,667,1,1,1,1092016.99,140470.48,40,13,2.5,6782.71,7.82,10.21,50.02,19,2,1,4,0.346,0,Low,6,0.0007715774
MRC02976,Retail Trader,87,673,1,1,1,1356648.19,140229.33,54,16,11.11,6251.83,20.89,-3.26,45.93,24,1,11,5,0.604,0,Low,3,9.7661745e-05
MRC02977,Food & Beverages,84,682,3,1,1,817798.16,53741.84,53,17,3.77,3839.43,18.53,6.25,41.93,27,0,6,4,0.395,0,Low,2,0.00013641785
MRC02978,Retail Trader,64,503,2,1,1,1831545.23,76086.72,35,10,14.29,12989.68,21.56,8.27,44.81,32,0,5,5,0.35,0,Low,3,0.00011727341
MRC02979,Small Mfg,75,625,3,1,0,1308491.84,176570.71,30,11,-10.0,10813.98,21.87,4.11,63.25,0,0,3,4,0.469,0,Low,4,4.9568353e-05
MRC02980,Construction,57,531,2,1,1,683248.76,101469.21,48,14,12.5,3540.15,11.91,6.57,72.89,31,0,12,3,0.731,0,Low,1,0.00012379339
MRC02981,Textile & Apparel,98,752,2,1,1,9649137.4,255666.68,46,17,-10.87,52157.5,10.27,-2.68,31.16,24,1,3,5,0.492,0,Low,6,0.000131831
MRC02982,Retail Trader,74,645,1,0,1,378730.43,34856.36,53,16,9.43,1778.08,16.05,9.01,0.0,28,0,5,4,0.834,0,Low,3,2.840297e-05
MRC02983,Small Mfg,74,634,1,0,1,4178021.42,225485.59,40,12,10.0,25950.44,10.97,13.59,0.0,31,1,5,4,0.744,0,Low,4,4.2742988e-05
MRC02984,Food & Beverages,107,721,4,1,1,143608.84,18412.13,46,14,8.7,776.26,11.99,2.1,39.1,38,0,0,4,0.428,0,Low,2,0.0001567163
MRC02985,Agri-Allied,70,683,1,1,1,1936397.5,125845.51,43,15,-4.65,11193.05,6.38,-6.98,54.5,30,2,4,5,0.325,0,Low,0,0.00082126295
MRC02986,Construction,100,559,1,1,1,4089290.42,461688.28,56,8,57.14,18174.62,51.19,38.73,84.17,6,1,40,3,0.166,1,High,1,0.99956805
MRC02987,Retail Trader,88,644,2,1,0,73964.25,6666.99,39,11,15.38,471.11,11.19,-1.46,49.6,0,1,3,4,0.397,0,Low,3,9.689082e-05
MRC02988,Agri-Allied,76,623,2,0,1,861767.41,77902.08,61,4,80.33,3517.42,59.01,38.06,0.0,6,4,22,3,0.0,1,High,0,0.99981636
MRC02989,Small Mfg,43,510,1,1,1,1721139.02,226398.5,61,19,6.56,7025.06,24.86,-6.21,62.21,36,0,3,4,0.529,0,Low,4,8.811694e-05
MRC02990,Tech Services,119,594,1,1,1,986931.91,80092.07,56,9,51.79,4386.36,50.69,17.33,84.94,4,2,47,1,0.128,1,High,5,0.9997626
MRC02991,Retail Trader,23,635,2,1,0,1148293.08,149195.35,42,15,-7.14,6794.63,17.68,9.68,60.88,0,0,4,4,0.539,0,Low,3,6.607287e-05
MRC02992,Food & Beverages,27,640,1,1,1,858951.55,57760.62,48,7,56.25,4450.53,36.97,41.92,83.06,4,2,26,3,0.087,1,High,2,0.9998759
MRC02993,Agri-Allied,58,531,2,0,0,196202.51,8382.12,51,8,52.94,957.09,42.84,20.83,0.0,0,3,86,2,0.111,1,High,0,0.9995003
MRC02994,Textile & Apparel,109,742,1,0,1,12505194.93,990562.24,33,5,54.55,94024.02,50.86,35.2,0.0,6,4,71,2,0.023,1,High,6,0.9999043
MRC02995,Retail Trader,37,641,3,1,1,398616.29,33797.18,51,7,58.82,1944.47,60.7,30.6,83.69,6,2,60,2,0.17,1,High,3,0.99981266
MRC02996,Tech Services,6,653,3,1,0,1228118.02,100938.79,48,16,0.0,6363.31,7.13,8.32,58.7,0,0,13,4,0.321,0,Low,5,7.0106704e-05
MRC02997,Retail Trader,65,682,2,1,1,335639.31,41982.76,50,18,-8.0,1669.85,10.88,7.69,57.75,26,0,13,4,0.683,0,Low,3,6.5021035e-05
MRC02998,Textile & Apparel,6,586,1,1,1,47522.77,4439.02,49,8,51.02,241.23,69.55,34.18,87.09,4,4,75,1,0.081,1,High,6,0.99985003
MRC02999,Textile & Apparel,50,686,2,0,1,240526.26,32590.76,39,14,-7.69,1532.01,19.37,3.46,0.0,27,0,10,5,0.33,0,Low,6,5.347812e-05
MRC03000,Tech Services,22,620,1,1,0,128395.67,11150.41,40,12,10.0,797.49,8.39,-0.53,39.27,0,0,12,3,0.709,0,Low,5,5.3463027e-05
MRC03001,Small Mfg,105,578,1,1,1,2703022.22,133023.73,55,21,-14.55,12230.87,11.34,13.58,71.06,31,1,12,3,0.414,0,Low,4,0.0001256042
MRC03002,Food & Beverages,88,695,3,1,1,352130.94,12970.55,54,15,16.67,1622.72,6.53,-6.22,53.97,25,0,2,5,0.703,0,Low,2,7.4369054e-05
MRC03003,Retail Trader,25,769,2,1,0,393599.98,52304.39,48,17,-6.25,2039.38,21.97,-5.6,48.29,0,0,7,5,0.803,0,Low,3,0.00014927027
MRC03004,Small Mfg,79,707,3,1,1,203374.25,5552.62,38,2,84.21,1329.24,53.8,42.84,95.85,3,1,74,2,0.114,1,High,4,0.99993813
MRC03005,Agri-Allied,90,723,1,1,1,816549.23,28815.41,40,4,70.0,5071.73,38.76,50.15,92.26,7,1,31,1,0.062,1,High,0,0.9999232
MRC03006,Food & Beverages,72,608,1,0,0,308738.46,8729.77,45,14,6.67,1705.74,13.6,12.35,0.0,0,1,5,4,0.381,0,Low,2,2.8473807e-05
MRC03007,Tech Services,51,522,4,0,1,2399631.35,180177.39,61,17,16.39,9794.41,8.33,-5.35,0.0,30,0,9,4,0.513,0,Low,5,8.148132e-05
MRC03008,Retail Trader,88,769,2,1,1,1048055.59,93528.51,50,16,4.0,5214.21,12.69,-9.14,40.18,29,2,2,5,0.985,0,Low,3,0.000978751
MRC03009,Small Mfg,48,814,2,1,0,367254.03,8293.96,46,14,8.7,1985.16,23.14,-3.9,58.78,0,0,11,5,0.9,0,Low,4,0.00012308903
MRC03010,Retail Trader,102,773,2,1,0,2023379.44,176087.03,39,6,53.85,12887.77,32.82,55.13,96.55,0,1,55,2,0.19,1,High,3,0.99962854
MRC03011,Agri-Allied,70,623,1,1,1,736399.93,52423.38,49,17,-4.08,3738.07,20.3,-9.6,65.01,21,0,11,5,0.689,0,Low,0,5.000734e-05
MRC03012,Textile & Apparel,118,557,2,1,1,748477.4,90246.82,50,14,16.0,3723.77,5.94,-7.47,53.34,40,0,3,4,0.49,0,Low,6,0.0001098994
MRC03013,Textile & Apparel,99,564,1,1,1,126100.96,16127.6,39,11,15.38,803.19,11.23,-9.38,44.53,28,0,9,3,0.842,0,Low,6,0.00013207435
MRC03014,Textile & Apparel,106,515,2,0,1,669774.68,73036.09,34,12,-5.88,4888.87,21.94,13.58,0.0,32,0,4,5,0.362,0,Low,6,0.00013957339
MRC03015,Small Mfg,65,641,2,0,0,1072876.12,87497.79,55,18,1.82,4854.64,13.9,-6.61,0.0,0,1,11,5,0.794,0,Low,4,7.1131435e-05
MRC03016,Textile & Apparel,60,778,3,0,1,3613835.34,173823.01,50,16,4.0,17979.28,19.05,12.51,0.0,28,0,13,3,0.89,0,Low,6,0.0001491199
MRC03017,Food & Beverages,46,638,2,1,1,295885.44,38502.07,58,7,63.79,1269.89,43.9,42.57,98.29,4,1,22,1,0.158,1,High,2,0.9993742
MRC03018,Textile & Apparel,36,674,1,0,1,11225857.13,723135.91,53,17,3.77,52703.55,18.67,-0.13,0.0,35,2,11,4,0.902,0,Low,6,0.0006539966
MRC03019,Retail Trader,58,760,2,1,1,1422948.92,94367.05,52,15,13.46,6808.37,21.38,0.66,34.88,39,1,4,5,0.389,0,Low,3,0.00015943401
MRC03020,Food & Beverages,76,617,1,0,0,117795.55,16383.18,39,6,53.85,750.29,37.12,20.33,0.0,0,0,62,1,0.108,1,High,2,0.9874477
MRC03021,Textile & Apparel,38,812,1,1,1,264543.84,38842.35,50,7,58.0,1316.14,41.93,21.56,97.92,4,1,66,3,0.037,1,High,6,0.9991025
MRC03022,Textile & Apparel,11,809,1,1,0,4013599.38,548887.91,54,7,61.11,18495.85,47.14,18.64,87.52,0,0,75,3,0.186,1,High,6,0.9947996
MRC03023,Small Mfg,12,639,2,1,1,3242564.13,485640.5,41,4,70.73,19651.9,34.04,54.23,78.65,7,2,42,2,0.18,1,High,4,0.99974877
MRC03024,Textile & Apparel,42,603,1,0,0,745426.77,99110.56,46,15,2.17,4029.33,21.36,14.77,0.0,0,0,1,4,0.678,0,Low,6,8.63924e-05
MRC03025,Retail Trader,114,705,2,0,0,873183.71,97418.03,60,6,70.0,3623.17,51.79,29.76,0.0,0,1,70,1,0.082,1,High,3,0.9998883
MRC03026,Textile & Apparel,39,622,3,1,1,180316.28,10493.78,42,12,14.29,1066.96,9.2,10.46,62.82,31,1,7,4,0.989,0,Low,6,4.051711e-05
MRC03027,Construction,71,557,2,1,1,3561638.64,512464.3,45,13,13.33,19677.56,20.09,8.63,38.25,31,1,12,4,0.715,0,Low,1,0.00010572617
MRC03028,Small Mfg,11,752,1,1,1,222944.8,29866.02,49,16,2.04,1131.7,17.93,0.03,45.25,32,0,2,4,0.426,0,Low,4,0.00014947608
MRC03029,Small Mfg,36,747,1,1,1,2010088.55,103111.68,42,4,71.43,11894.02,33.59,30.15,87.91,3,2,70,2,0.133,1,High,4,0.9999287
MRC03030,Small Mfg,52,662,2,0,1,3694851.21,308856.76,40,14,-5.0,22949.39,9.73,-6.13,0.0,33,0,0,5,0.981,0,Low,4,7.1217975e-05
MRC03031,Retail Trader,31,548,3,0,1,772808.58,22494.32,37,10,18.92,5186.63,12.99,-4.92,0.0,28,0,10,4,0.788,0,Low,3,0.000115542585
MRC03032,Textile & Apparel,33,551,1,1,1,2329428.79,335275.04,49,14,14.29,11824.51,10.17,5.47,64.08,29,0,0,4,0.713,0,Low,6,8.865112e-05
MRC03033,Food & Beverages,13,658,3,1,1,6696982.77,632596.21,43,12,16.28,38710.88,6.36,7.79,52.11,41,3,6,3,0.908,0,Low,2,0.00074651546
MRC03034,Retail Trader,18,610,2,0,1,1006070.35,52190.98,42,14,0.0,5953.08,9.08,6.1,0.0,24,0,2,5,0.325,0,Low,3,5.664413e-05
MRC03035,Retail Trader,41,622,2,1,1,591039.32,34287.32,48,16,0.0,3062.38,24.9,2.74,37.6,31,1,9,5,0.917,0,Low,3,3.6512087e-05
MRC03036,Retail Trader,58,731,4,1,1,673185.75,99285.02,50,17,-2.0,3349.18,9.68,-6.56,61.24,30,1,10,5,0.364,0,Low,3,0.00014178874
MRC03037,Textile & Apparel,56,708,2,1,1,299064.49,29915.38,35,10,14.29,2121.02,8.19,-0.68,69.58,20,1,1,5,0.312,0,Low,6,6.687876e-05
MRC03038,Construction,24,760,3,0,1,291064.29,21739.24,32,10,6.25,2256.31,18.94,5.12,0.0,24,0,1,4,0.358,0,Low,1,9.672041e-05
MRC03039,Retail Trader,73,570,1,0,1,1240330.11,105403.14,48,4,75.0,6426.58,63.21,15.46,0.0,7,5,67,1,0.002,1,High,3,0.9991352
MRC03040,Agri-Allied,31,622,2,1,1,599145.78,19658.88,49,17,-4.08,3041.35,19.92,5.95,46.11,29,0,6,4,0.683,0,Low,0,4.336616e-05
MRC03041,Retail Trader,55,710,2,0,1,1080660.53,32152.85,40,13,2.5,6712.18,18.07,-4.14,0.0,23,0,5,5,0.821,0,Low,3,7.880917e-05
MRC03042,Construction,105,685,1,0,1,122036.64,11843.9,50,14,16.0,607.15,9.46,-7.55,0.0,20,0,3,4,0.821,0,Low,1,0.00014107318
MRC03043,Retail Trader,10,772,2,1,0,652689.9,56497.18,42,5,64.29,3862.07,49.45,57.6,86.88,0,2,67,1,0.032,1,High,3,0.99992526
MRC03044,Textile & Apparel,60,683,1,0,1,2510873.91,167449.97,41,13,4.88,15217.42,8.53,-3.18,0.0,21,1,6,3,0.955,0,Low,6,9.417553e-05
MRC03045,Food & Beverages,2,797,1,1,1,190477.79,17827.73,51,8,52.94,929.16,32.39,58.75,95.35,5,3,32,1,0.068,1,High,2,0.99987733
MRC03046,Small Mfg,102,693,1,1,0,744026.33,21909.99,46,15,2.17,4021.76,24.74,2.09,32.23,0,0,6,5,0.809,0,Low,4,0.00017879085
MRC03047,Textile & Apparel,15,734,2,1,1,78784.28,11244.0,38,11,13.16,514.93,19.57,-8.4,74.76,28,1,3,4,0.54,0,Low,6,0.00016947392
MRC03048,Textile & Apparel,3,624,3,0,1,152275.33,8859.76,54,16,11.11,701.73,20.66,10.39,0.0,32,0,5,4,0.375,0,Low,6,5.9614144e-05
MRC03049,Textile & Apparel,43,651,2,1,1,1922607.83,56392.48,35,11,5.71,13635.52,5.6,-3.28,30.5,30,0,11,5,0.722,0,Low,6,3.459428e-05
MRC03050,Retail Trader,31,722,2,1,1,503258.31,21154.74,50,17,-2.0,2503.77,12.64,4.2,42.19,24,0,8,4,0.676,0,Low,3,8.3358886e-05
MRC03051,Retail Trader,70,779,1,1,0,6494637.79,210501.66,38,13,-2.63,42448.61,16.1,3.54,30.92,0,0,12,5,0.309,0,Low,3,0.00022318492
MRC03052,Agri-Allied,67,708,3,0,1,1225588.55,52968.2,41,12,12.2,7427.81,7.99,14.29,0.0,23,2,11,4,0.322,0,Low,0,0.0011018678
MRC03053,Retail Trader,56,643,2,0,0,1378787.16,102275.71,29,3,68.97,11784.51,46.98,20.32,0.0,0,2,73,1,0.139,1,High,3,0.9996271
MRC03054,Textile & Apparel,63,760,2,1,0,200430.24,23239.21,38,11,13.16,1310.0,7.79,-6.37,69.36,0,0,8,4,0.57,0,Low,6,0.00033591955
MRC03055,Small Mfg,75,474,2,1,1,459490.5,25458.2,35,13,-11.43,3258.8,17.73,-3.54,60.82,27,0,5,4,0.442,0,Low,4,0.00012134109
MRC03056,Construction,15,536,1,1,0,302802.66,23216.02,55,9,50.91,1370.15,66.52,59.71,77.12,0,4,72,3,0.155,1,High,1,0.99981874
MRC03057,Small Mfg,109,704,2,1,0,203103.28,28584.44,47,14,10.64,1074.62,21.99,-4.56,63.57,0,0,3,5,0.775,0,Low,4,0.00026930706
MRC03058,Retail Trader,116,651,4,1,1,1617952.07,94580.34,46,15,2.17,8745.69,11.24,-1.49,40.86,30,0,6,4,0.501,0,Low,3,5.3935477e-05
MRC03059,Retail Trader,92,698,1,1,1,2058357.8,253823.44,52,6,65.38,9848.6,48.35,49.46,82.75,4,0,31,1,0.007,1,High,3,0.99978286
MRC03060,Construction,10,655,2,1,1,1177288.69,47699.26,54,19,-5.56,5425.29,21.93,-7.09,52.86,28,3,3,5,0.638,0,Low,1,0.0007110717
MRC03061,Textile & Apparel,38,695,4,1,1,270038.38,11660.75,48,14,12.5,1399.16,9.43,13.63,52.68,27,1,6,4,0.609,0,Low,6,8.854703e-05
MRC03062,Retail Trader,47,584,1,0,1,1084767.29,86021.91,56,16,14.29,4821.19,19.92,3.31,0.0,28,1,8,5,0.888,0,Low,3,7.785069e-05
MRC03063,Small Mfg,57,695,3,1,0,73481.28,3705.9,60,18,10.0,304.9,8.82,2.09,54.05,0,0,12,4,0.693,0,Low,4,0.0002475303
MRC03064,Small Mfg,50,729,3,1,1,3568340.22,490267.29,44,4,72.73,20160.11,34.46,26.76,96.22,3,2,71,2,0.19,1,High,4,0.99921536
MRC03065,Small Mfg,114,747,2,1,1,153617.31,4085.88,36,11,8.33,1059.43,21.78,-3.86,71.79,26,0,2,4,0.565,0,Low,4,0.00021427803
MRC03066,Retail Trader,71,811,1,1,1,190127.32,18565.06,60,19,5.0,788.91,20.75,2.09,33.31,38,0,1,5,0.884,0,Low,3,0.00017777766
MRC03067,Retail Trader,15,669,1,1,1,837645.89,82549.85,57,21,-10.53,3657.84,14.83,2.16,59.6,30,0,11,4,0.768,0,Low,3,9.484189e-05
MRC03068,Construction,18,671,1,0,1,931909.95,26637.13,41,15,-9.76,5647.94,5.68,-8.6,0.0,30,0,6,5,0.989,0,Low,1,8.7548484e-05
MRC03069,Retail Trader,82,528,3,0,0,668439.84,77026.56,53,19,-7.55,3138.22,7.65,11.18,0.0,0,0,0,4,0.531,0,Low,3,0.0001454254
MRC03070,Small Mfg,116,607,3,1,0,192499.04,15584.08,47,4,74.47,1018.51,32.79,53.48,88.05,0,0,78,2,0.04,1,High,4,0.99979025
MRC03071,Small Mfg,105,634,2,0,0,2841997.17,323986.37,40,6,55.0,17652.16,55.87,34.6,0.0,0,2,42,1,0.041,1,High,4,0.99989676
MRC03072,Small Mfg,88,734,1,1,1,96457.81,12298.39,54,16,11.11,444.51,6.27,-1.58,70.02,33,0,5,5,0.771,0,Low,4,0.00014515662
MRC03073,Textile & Apparel,2,601,1,0,1,123016.92,7624.21,54,9,50.0,566.9,57.52,17.57,0.0,7,1,21,1,0.191,1,High,6,0.98277605
MRC03074,Retail Trader,104,713,2,0,1,641536.06,53236.69,47,16,-2.13,3394.37,10.22,-4.46,0.0,36,1,1,3,0.472,0,Low,3,0.000118549775
MRC03075,Small Mfg,84,649,2,0,1,159998.42,8623.74,45,3,80.0,883.97,43.4,24.0,0.0,3,2,41,1,0.016,1,High,4,0.99955887
MRC03076,Tech Services,98,635,3,1,1,3163375.88,146137.69,36,12,0.0,21816.39,5.96,-1.14,40.97,24,1,1,4,0.604,0,Low,5,4.920965e-05
MRC03077,Construction,43,669,2,1,1,177396.47,3561.65,46,17,-10.87,958.9,24.67,-9.55,59.79,34,1,4,4,0.499,0,Low,1,9.8385695e-05
MRC03078,Retail Trader,26,618,3,0,1,4725257.35,686448.04,47,16,-2.13,25001.36,10.48,-8.98,0.0,33,0,8,4,0.413,0,Low,3,5.7498248e-05
MRC03079,Retail Trader,71,615,2,0,1,2525997.52,195311.9,52,16,7.69,12086.11,11.4,-9.26,0.0,32,1,6,4,0.959,0,Low,3,4.93051e-05
MRC03080,Construction,38,513,2,1,1,3210916.22,69673.9,58,8,58.62,13780.76,49.96,30.16,98.09,3,2,20,1,0.199,1,High,1,0.9991547
MRC03081,Food & Beverages,94,630,1,1,1,7021779.12,148595.0,55,8,56.36,31772.76,67.25,53.34,90.6,4,2,44,1,0.029,1,High,2,0.9999193
MRC03082,Tech Services,42,611,3,1,1,804095.65,46224.11,46,16,-4.35,4346.46,5.39,-3.64,46.2,31,0,2,5,0.436,0,Low,5,3.9495695e-05
MRC03083,Retail Trader,5,608,2,1,1,216301.92,4717.96,43,13,9.3,1250.3,6.87,2.26,39.66,30,1,6,5,0.66,0,Low,3,5.9580158e-05
MRC03084,Small Mfg,11,683,1,1,1,644603.42,44275.81,39,11,15.38,4105.75,6.98,3.23,66.19,22,0,2,3,0.498,0,Low,4,0.00010463513
MRC03085,Small Mfg,65,702,1,1,1,369535.2,10414.24,52,19,-9.62,1768.11,18.29,-6.95,37.2,22,1,5,4,0.885,0,Low,4,6.181886e-05
MRC03086,Small Mfg,34,668,1,0,1,311442.64,7818.05,40,13,2.5,1934.43,11.59,12.74,0.0,30,1,3,5,0.575,0,Low,4,4.4465054e-05
MRC03087,Textile & Apparel,1,729,2,1,1,874164.74,93552.74,45,13,13.33,4829.64,13.75,-4.22,48.3,33,0,5,4,0.817,0,Low,6,0.00010252545
MRC03088,Retail Trader,83,696,1,1,1,501799.01,69192.75,52,5,71.15,2400.95,65.41,43.37,91.68,2,1,72,1,0.175,1,High,3,0.9998178
MRC03089,Small Mfg,2,626,1,1,1,295773.25,21656.59,49,18,-10.2,1501.39,9.0,-3.58,35.08,32,2,6,3,0.305,0,Low,4,0.00039889698
MRC03090,Retail Trader,85,612,2,0,0,543354.44,69973.27,53,8,54.72,2550.96,41.58,21.26,0.0,0,2,76,1,0.186,1,High,3,0.99856853
MRC03091,Textile & Apparel,20,675,1,1,1,1409540.27,33553.42,42,14,0.0,8340.47,13.83,14.3,72.91,26,0,10,3,0.435,0,Low,6,0.000105943545
MRC03092,Construction,61,695,3,1,1,2298346.82,278329.13,54,5,72.22,10591.46,58.46,38.34,81.53,4,1,63,2,0.194,1,High,1,0.99982375
MRC03093,Textile & Apparel,87,761,2,1,0,106562.96,3001.24,44,16,-9.09,602.05,7.89,11.97,37.97,0,0,7,4,0.361,0,Low,6,0.00034299967
MRC03094,Food & Beverages,21,745,2,0,1,506945.46,65394.51,38,11,13.16,3313.37,13.2,8.36,0.0,19,1,4,4,0.881,0,Low,2,0.00013848815
MRC03095,Retail Trader,88,606,1,0,1,615621.84,82928.96,42,13,7.14,3642.73,18.39,-5.52,0.0,31,0,4,4,0.703,0,Low,3,5.317767e-05
MRC03096,Small Mfg,68,641,1,1,1,176482.32,21562.01,45,12,20.0,975.04,9.86,11.13,36.52,36,0,12,5,0.774,0,Low,4,5.8896454e-05
MRC03097,Construction,12,703,1,1,1,631815.77,80049.4,34,11,2.94,4611.79,22.52,-8.72,33.69,23,1,4,4,0.704,0,Low,1,9.811203e-05
MRC03098,Retail Trader,22,735,3,0,1,871172.02,81012.89,40,12,10.0,5411.01,12.25,2.69,0.0,38,1,2,5,0.693,0,Low,3,0.00011615248
MRC03099,Retail Trader,20,725,2,1,1,1359464.53,74002.51,35,5,57.14,9641.59,35.71,25.2,87.92,7,1,24,2,0.199,1,High,3,0.9968263
MRC03100,Textile & Apparel,82,644,1,0,1,800178.12,82914.48,50,15,10.0,3980.99,14.85,-0.96,0.0,31,1,0,4,0.961,0,Low,6,4.675097e-05
MRC03101,Retail Trader,1,549,2,1,1,253434.51,19550.04,48,17,-6.25,1313.13,19.53,8.93,39.39,24,0,13,4,0.479,0,Low,3,0.00013683057
MRC03102,Food & Beverages,30,570,1,0,0,8157399.87,168807.22,51,8,52.94,39792.19,31.2,49.12,0.0,0,3,15,1,0.146,1,High,2,0.99939036
MRC03103,Tech Services,97,671,4,0,0,1972775.76,161742.64,37,11,10.81,13240.11,15.59,1.0,0.0,0,1,8,5,0.836,0,Low,5,0.00015505953
MRC03104,Textile & Apparel,24,677,4,0,1,1415882.68,148178.39,43,16,-11.63,8184.29,22.01,-8.85,0.0,26,1,8,3,0.802,0,Low,6,0.00010043894
MRC03105,Retail Trader,14,562,2,0,1,2435828.51,53112.94,61,21,-3.28,9942.16,12.56,-9.0,0.0,29,1,10,5,0.823,0,Low,3,9.692362e-05
MRC03106,Textile & Apparel,36,653,2,0,1,978260.24,98585.98,42,14,0.0,5788.52,12.27,7.56,0.0,23,0,2,5,0.903,0,Low,6,4.315387e-05
MRC03107,Small Mfg,69,700,3,1,1,3414566.36,357946.08,41,11,19.51,20694.34,20.88,13.72,36.37,26,1,8,4,0.703,0,Low,4,0.00012431009
MRC03108,Retail Trader,75,557,2,1,1,780934.33,31670.0,54,19,-5.56,3598.78,9.83,11.18,37.72,23,0,13,4,0.477,0,Low,3,0.0001167116
MRC03109,Small Mfg,24,738,2,1,1,730947.53,55580.99,49,14,14.29,3710.39,19.34,-6.95,72.76,38,1,3,5,0.46,0,Low,4,0.00015990598
MRC03110,Small Mfg,60,619,4,0,0,1563244.73,227238.32,49,14,14.29,7935.25,6.54,-6.97,0.0,0,0,8,5,0.911,0,Low,4,4.914812e-05
MRC03111,Small Mfg,95,750,2,0,1,4836147.81,652612.03,48,14,12.5,25057.76,17.71,5.26,0.0,42,1,8,4,0.966,0,Low,4,0.00013921158
MRC03112,Retail Trader,55,607,2,1,1,4476975.83,328640.4,50,16,4.0,22273.51,23.84,6.44,45.23,18,0,8,5,0.565,0,Low,3,4.0820316e-05
MRC03113,Small Mfg,77,567,3,1,1,1485730.48,97285.65,58,21,-8.62,6376.53,14.13,5.41,45.65,31,0,11,4,0.475,0,Low,4,0.00011763023
MRC03114,Retail Trader,80,613,2,0,1,1355843.37,48987.28,53,4,77.36,6365.46,44.47,31.86,0.0,4,2,46,2,0.061,1,High,3,0.99991286
MRC03115,Retail Trader,24,642,2,0,1,1681590.94,41324.39,39,3,76.92,10710.77,69.49,54.78,0.0,6,1,68,2,0.119,1,High,3,0.99978834
MRC03116,Tech Services,77,618,1,1,1,2380319.06,139653.7,48,17,-6.25,12333.26,19.39,-5.69,48.58,42,0,9,4,0.372,0,Low,5,5.197466e-05
MRC03117,Food & Beverages,24,632,1,1,1,3465884.16,492976.39,38,12,5.26,22652.84,12.18,12.85,47.12,33,1,5,4,1.0,0,Low,2,3.9795585e-05
MRC03118,Retail Trader,54,676,1,1,1,549134.73,79415.73,50,14,16.0,2732.01,5.0,8.05,31.59,24,0,13,3,0.328,0,Low,3,6.2435356e-05
MRC03119,Retail Trader,26,636,2,1,1,3547215.71,445627.89,43,13,9.3,20504.14,15.04,7.79,44.07,25,1,2,3,0.905,0,Low,3,4.335516e-05
MRC03120,Retail Trader,66,644,2,1,0,1100851.07,72223.78,38,13,-2.63,7195.11,13.39,-1.62,47.93,0,1,1,3,0.638,0,Low,3,6.0707705e-05
MRC03121,Retail Trader,80,513,4,1,0,1592981.45,61602.88,43,15,-4.65,9207.99,15.65,5.7,32.61,0,1,6,4,0.897,0,Low,3,0.0001152
MRC03122,Retail Trader,38,681,2,0,1,3829861.45,373102.62,44,13,11.36,21637.64,19.31,8.17,0.0,27,1,5,5,0.595,0,Low,3,7.0138536e-05
MRC03123,Retail Trader,110,642,2,1,1,1787761.26,186008.78,53,7,60.38,8393.25,57.79,31.28,75.52,5,2,38,3,0.06,1,High,3,0.99994624
MRC03124,Textile & Apparel,65,778,1,0,1,2189523.89,164640.29,35,10,14.29,15528.54,15.11,8.41,0.0,32,0,9,3,0.763,0,Low,6,0.00012861383
MRC03125,Food & Beverages,113,574,3,1,1,457118.42,50243.75,51,18,-5.88,2229.85,10.07,4.75,46.32,30,0,6,5,0.933,0,Low,2,7.295605e-05
MRC03126,Small Mfg,75,505,2,1,1,4403780.14,515544.57,46,17,-10.87,23804.22,14.19,14.55,33.6,28,0,10,5,0.842,0,Low,4,0.00011353073
MRC03127,Small Mfg,51,699,2,1,1,1680873.33,204727.04,41,13,4.88,10187.11,11.89,2.3,34.54,35,1,8,3,0.416,0,Low,4,8.310419e-05
MRC03128,Retail Trader,35,677,1,1,0,848545.39,72379.87,50,14,16.0,4221.62,12.38,-9.69,36.95,0,0,9,4,0.833,0,Low,3,0.00014343974
MRC03129,Construction,43,569,2,0,1,2734035.45,336049.32,42,14,0.0,16177.72,16.59,-5.92,0.0,28,0,6,4,0.915,0,Low,1,7.962561e-05
MRC03130,Food & Beverages,29,527,2,0,1,16279164.51,379498.83,45,17,-13.33,89940.14,18.79,14.1,0.0,32,0,9,4,0.473,0,Low,2,0.00010875515
MRC03131,Food & Beverages,37,772,2,1,1,179385.18,19454.78,49,18,-10.2,910.58,5.25,1.74,70.78,31,0,1,4,0.437,0,Low,2,0.00013752475
MRC03132,Food & Beverages,81,763,3,1,0,278040.16,14077.84,42,16,-14.29,1645.21,22.53,-6.99,53.5,0,0,8,4,0.444,0,Low,2,0.00015851177
MRC03133,Construction,58,451,3,0,1,18299171.99,1009522.09,51,18,-5.88,89264.25,12.29,-6.1,0.0,37,0,8,4,0.681,0,Low,1,0.00011659958
MRC03134,Agri-Allied,54,613,4,1,1,1217163.62,38790.06,42,13,7.14,7202.15,17.87,-9.28,36.1,31,0,4,4,0.354,0,Low,0,4.4736928e-05
MRC03135,Retail Trader,39,783,2,0,1,917165.87,41282.55,44,16,-9.09,5181.73,7.45,-4.34,0.0,36,0,12,5,0.997,0,Low,3,0.000105816434
MRC03136,Small Mfg,42,611,4,1,1,635099.6,94605.12,55,4,78.18,2873.75,52.79,42.64,91.02,7,1,74,3,0.125,1,High,4,0.9998487
MRC03137,Food & Beverages,28,610,3,0,1,3109968.64,230139.91,43,12,16.28,17976.7,18.57,-1.78,0.0,41,1,11,3,0.98,0,Low,2,5.2184496e-05
MRC03138,Food & Beverages,29,627,1,1,1,16743099.66,2354238.9,50,18,-8.0,83299.0,8.15,-3.74,32.62,30,0,8,3,0.638,0,Low,2,3.5811812e-05
MRC03139,Agri-Allied,43,560,1,0,1,328329.76,13519.61,33,12,-9.09,2468.64,23.24,6.69,0.0,33,0,3,4,0.429,0,Low,0,7.385596e-05
MRC03140,Retail Trader,3,513,1,1,1,649363.5,30213.36,41,15,-9.76,3935.54,20.15,6.85,35.05,31,0,4,5,0.888,0,Low,3,0.00010123241
MRC03141,Textile & Apparel,116,734,1,0,0,478842.71,44300.49,45,15,0.0,2645.54,15.68,14.2,0.0,0,1,9,5,0.912,0,Low,6,0.00016154857
MRC03142,Tech Services,10,502,1,0,1,1757561.64,115013.48,40,13,2.5,10916.53,8.32,8.24,0.0,28,0,10,4,0.578,0,Low,5,8.9801884e-05
MRC03143,Small Mfg,59,669,1,1,1,3162495.93,327979.22,43,6,58.14,18280.32,36.14,51.66,93.63,9,1,71,1,0.056,1,High,4,0.9997061
MRC03144,Agri-Allied,106,720,2,1,1,5101878.39,381957.51,48,16,0.0,26434.6,6.37,14.64,31.08,31,1,0,4,0.846,0,Low,0,0.00010913788
MRC03145,Retail Trader,14,533,1,0,1,1830430.86,229733.06,38,11,13.16,11963.6,7.3,8.76,0.0,30,1,2,4,0.747,0,Low,3,8.714759e-05
MRC03146,Textile & Apparel,76,576,1,0,0,14994579.84,1141127.7,39,12,7.69,95506.88,18.96,-3.52,0.0,0,1,2,5,0.913,0,Low,6,9.2771144e-05
MRC03147,Tech Services,47,747,2,1,0,365966.26,34549.19,35,5,57.14,2595.51,42.24,41.27,97.43,0,4,59,1,0.019,1,High,5,0.9999261
MRC03148,Small Mfg,42,692,3,0,1,267948.84,16543.03,54,17,5.56,1234.79,14.19,14.0,0.0,21,0,2,3,0.595,0,Low,4,0.000104216815
MRC03149,Food & Beverages,94,600,4,1,1,4253331.65,474354.21,32,10,6.25,32971.56,15.78,-5.18,63.84,25,0,11,5,0.855,0,Low,2,0.00012322373
MRC03150,Textile & Apparel,32,746,2,1,1,845259.35,88849.81,32,9,15.62,6552.4,14.16,-4.31,34.67,30,0,0,3,0.815,0,Low,6,0.00011559262
MRC03151,Small Mfg,32,746,2,0,0,139926.37,10020.15,41,14,-2.44,848.04,6.68,-1.03,0.0,0,1,5,5,0.901,0,Low,4,0.00027541062
MRC03152,Retail Trader,42,671,1,1,1,499181.2,27896.33,42,6,57.14,2953.73,54.96,40.38,86.27,4,0,84,2,0.135,1,High,3,0.9999119
MRC03153,Small Mfg,32,577,1,1,0,991317.74,98966.79,42,15,-7.14,5865.79,9.8,0.74,59.43,0,0,0,4,0.772,0,Low,4,9.983602e-05
MRC03154,Textile & Apparel,26,616,1,0,1,335877.61,47899.41,45,15,0.0,1855.68,19.77,-2.22,0.0,35,0,13,3,0.929,0,Low,6,2.8437446e-05
MRC03155,Textile & Apparel,115,672,1,1,0,215864.72,8039.58,47,16,-2.13,1142.14,22.31,-3.31,31.35,0,0,12,5,0.463,0,Low,6,0.00020321179
MRC03156,Small Mfg,1,634,4,1,1,568550.28,70434.94,47,6,61.7,3008.2,37.08,31.53,91.37,8,2,45,2,0.185,1,High,4,0.9989122
MRC03157,Construction,56,725,1,1,1,203324.78,18418.97,52,15,13.46,972.85,19.13,3.66,56.51,43,0,11,4,0.983,0,Low,1,0.00011821981
MRC03158,Retail Trader,106,527,1,1,1,1563061.95,138053.95,44,13,11.36,8830.86,5.74,-3.16,50.72,28,1,13,4,0.721,0,Low,3,9.3416435e-05
MRC03159,Food & Beverages,2,530,1,0,0,70787.25,10265.49,57,4,78.95,309.11,38.15,16.11,0.0,0,3,68,2,0.069,1,High,2,0.9993037
MRC03160,Textile & Apparel,81,664,2,0,1,813019.13,80296.8,40,13,2.5,5049.81,8.94,-9.81,0.0,27,0,11,4,0.893,0,Low,6,0.00010383352
MRC03161,Textile & Apparel,30,610,1,0,1,1360566.7,174108.07,49,16,2.04,6906.43,12.17,3.28,0.0,26,1,8,5,0.33,0,Low,6,4.3772005e-05
MRC03162,Retail Trader,103,599,2,0,0,654319.15,56848.58,49,17,-4.08,3321.42,8.66,7.41,0.0,0,1,3,5,0.559,0,Low,3,0.00012029995
MRC03163,Textile & Apparel,71,508,1,0,1,2708396.92,142139.21,45,13,13.33,14963.52,17.7,13.19,0.0,22,0,1,4,0.44,0,Low,6,0.00011036538
MRC03164,Agri-Allied,52,651,1,1,1,140832.5,15531.53,54,15,16.67,649.0,10.54,-5.07,44.53,24,0,8,4,0.956,0,Low,0,4.2515374e-05
MRC03165,Retail Trader,91,645,1,0,1,314485.3,44032.03,40,2,85.0,1953.32,32.33,40.97,0.0,10,2,68,2,0.129,1,High,3,0.9994948
MRC03166,Agri-Allied,9,702,2,0,0,490881.69,63500.41,42,12,14.29,2904.63,16.21,-0.97,0.0,0,0,12,5,0.986,0,Low,0,0.00016396471
MRC03167,Tech Services,22,655,1,1,1,1715593.23,78552.33,40,12,10.0,10655.86,12.56,10.06,63.4,27,0,9,5,0.687,0,Low,5,4.6208315e-05
MRC03168,Retail Trader,34,639,2,0,1,948094.16,58019.18,62,23,-11.29,3807.61,22.86,12.42,0.0,33,1,10,3,0.997,0,Low,3,4.44749e-05
MRC03169,Food & Beverages,110,744,2,0,1,9549880.31,832696.92,58,8,58.62,40986.61,66.4,32.41,0.0,3,1,31,2,0.148,1,High,2,0.99975985
MRC03170,Textile & Apparel,49,545,2,0,0,277355.93,26157.0,41,14,-2.44,1680.95,21.4,-1.86,0.0,0,0,11,5,0.866,0,Low,6,6.286474e-05
MRC03171,Small Mfg,1,692,1,0,1,136764.17,6181.17,37,12,2.7,917.88,19.57,-3.49,0.0,23,1,4,5,0.33,0,Low,4,0.00012328531
MRC03172,Retail Trader,73,516,1,1,1,6242596.62,311515.59,42,3,78.57,36938.44,37.35,49.95,84.56,6,1,54,1,0.065,1,High,3,0.99992883
MRC03173,Retail Trader,84,582,1,1,0,131002.24,15543.16,39,3,76.92,834.41,31.74,37.99,91.37,0,2,17,2,0.122,1,High,3,0.99967456
MRC03174,Retail Trader,53,552,2,0,1,1655602.01,190296.99,41,15,-9.76,10033.95,13.45,7.27,0.0,24,1,11,3,0.864,0,Low,3,7.311261e-05
MRC03175,Retail Trader,83,712,2,0,1,225391.9,29097.45,48,17,-6.25,1167.83,17.94,7.3,0.0,26,0,9,3,0.984,0,Low,3,0.00016037996
MRC03176,Retail Trader,100,644,2,0,0,60889.62,8602.54,38,11,13.16,397.97,8.46,-7.08,0.0,0,0,6,5,0.984,0,Low,3,9.994957e-05
MRC03177,Small Mfg,40,648,2,1,1,465217.1,27947.43,40,14,-5.0,2889.55,21.56,5.3,33.96,22,0,10,4,0.565,0,Low,4,3.747578e-05
MRC03178,Tech Services,45,561,3,1,1,2146609.02,282810.04,33,9,18.18,16139.92,23.77,-5.8,31.63,23,0,0,5,0.535,0,Low,5,8.888186e-05
MRC03179,Food & Beverages,68,626,2,1,0,168362.5,17944.33,34,11,2.94,1228.92,6.96,7.78,56.18,0,1,8,3,0.782,0,Low,2,5.4183805e-05
MRC03180,Small Mfg,9,588,1,0,0,1456160.41,210429.97,49,16,2.04,7391.68,5.45,14.41,0.0,0,0,1,4,0.686,0,Low,4,0.000106696316
MRC03181,Retail Trader,105,680,2,0,1,1821983.45,100882.57,40,11,17.5,11316.67,7.85,9.27,0.0,23,0,2,4,0.634,0,Low,3,0.00011068651
MRC03182,Textile & Apparel,22,570,1,1,1,158573.24,8730.61,50,5,70.0,788.92,60.79,54.33,92.56,7,2,17,1,0.102,1,High,6,0.9997205
MRC03183,Textile & Apparel,18,756,2,1,0,554979.5,61912.49,41,4,70.73,3363.51,63.08,27.31,83.69,0,1,72,2,0.111,1,High,6,0.9975452
MRC03184,Retail Trader,76,515,1,1,1,4840312.23,680999.99,64,23,-7.81,18833.9,12.44,-5.38,42.72,32,0,10,4,0.324,0,Low,3,0.00010201034
MRC03185,Agri-Allied,106,585,1,0,1,1592333.56,202532.5,48,14,12.5,8250.43,6.26,-1.12,0.0,29,2,4,5,0.788,0,Low,0,0.0007499959
MRC03186,Agri-Allied,43,784,3,1,1,532963.94,61032.44,44,7,52.27,3011.1,39.29,34.21,76.94,5,4,43,2,0.175,1,High,0,0.99974555
MRC03187,Textile & Apparel,39,615,2,1,1,1200627.12,84464.35,48,18,-12.5,6220.87,17.08,-1.73,67.5,34,1,5,5,0.381,0,Low,6,3.9343562e-05
MRC03188,Textile & Apparel,73,544,1,1,1,320514.9,36317.46,42,12,14.29,1896.54,17.57,10.34,65.83,27,0,7,3,0.316,0,Low,6,6.66982e-05
MRC03189,Food & Beverages,6,667,1,0,0,2775759.09,344589.46,39,4,69.23,17679.99,51.22,18.79,0.0,0,3,86,2,0.17,1,High,2,0.9987393
MRC03190,Food & Beverages,83,611,2,1,1,2774308.48,327166.26,43,14,2.33,16036.47,23.76,6.55,64.44,31,0,5,4,0.581,0,Low,2,5.991912e-05
MRC03191,Textile & Apparel,48,583,3,0,1,843307.63,91064.92,49,14,14.29,4280.75,15.62,9.48,0.0,32,1,3,3,0.915,0,Low,6,8.6795946e-05
MRC03192,Tech Services,111,562,2,1,0,962074.71,25136.19,50,6,64.0,4786.44,44.86,58.65,87.23,0,1,82,1,0.154,1,High,5,0.9997917
MRC03193,Construction,7,871,4,0,0,220013.4,23269.26,55,16,12.73,995.54,24.86,9.17,0.0,0,1,5,4,0.888,0,Low,1,0.00030129752
MRC03194,Textile & Apparel,80,629,1,1,0,143998.23,11833.53,37,12,2.7,966.43,9.59,8.09,56.91,0,0,4,3,0.793,0,Low,6,8.543917e-05
MRC03195,Textile & Apparel,69,495,2,1,1,464201.64,67311.1,45,3,80.0,2564.65,66.08,21.09,98.77,3,1,25,2,0.102,1,High,6,0.9986203
MRC03196,Agri-Allied,16,769,2,0,0,656788.91,64979.2,39,12,7.69,4183.37,15.44,11.64,0.0,0,0,1,3,0.689,0,Low,0,0.00022837774
MRC03197,Construction,1,698,2,1,1,2610762.8,258647.08,43,13,9.3,15091.11,8.65,-1.46,32.03,32,0,4,4,0.595,0,Low,1,0.000101071804
MRC03198,Tech Services,115,588,1,0,1,2206489.39,329268.18,39,13,0.0,14054.07,16.28,0.64,0.0,39,1,0,5,0.925,0,Low,5,9.212654e-05
MRC03199,Retail Trader,37,575,2,1,0,910545.79,29288.99,53,20,-13.21,4274.86,18.69,3.5,57.41,0,0,2,4,0.365,0,Low,3,9.34485e-05
MRC03200,Textile & Apparel,103,703,2,0,1,3043889.76,170217.72,52,19,-9.62,14564.07,6.21,-6.73,0.0,27,1,3,5,0.704,0,Low,6,0.00010572879
MRC03201,Agri-Allied,83,630,2,0,0,235111.84,24755.0,54,18,0.0,1083.46,18.63,2.88,0.0,0,3,3,3,0.771,0,Low,0,0.0011685399
MRC03202,Agri-Allied,118,495,2,1,0,2657255.19,162041.32,48,17,-6.25,13768.16,8.19,-1.9,56.26,0,1,13,4,0.576,0,Low,0,9.24266e-05
MRC03203,Retail Trader,37,792,2,0,1,282514.61,18363.31,51,3,82.35,1378.12,36.75,52.85,0.0,5,2,85,3,0.15,1,High,3,0.9998779
MRC03204,Tech Services,81,615,2,1,1,3228839.8,439263.77,36,3,75.0,22267.86,53.67,47.15,91.58,4,0,87,3,0.095,1,High,5,0.99981433
MRC03205,Small Mfg,64,769,1,1,1,717827.27,68420.43,50,17,-2.0,3571.28,8.27,-1.76,70.4,23,0,1,3,0.77,0,Low,4,0.00015317369
MRC03206,Food & Beverages,90,752,1,1,1,66307.35,2212.84,39,14,-7.69,422.34,15.63,11.39,54.17,34,0,11,5,0.863,0,Low,2,0.00017007791
MRC03207,Tech Services,86,569,2,1,1,1751859.93,105833.6,40,14,-5.0,10881.12,16.78,0.25,39.63,39,1,0,3,0.998,0,Low,5,9.74779e-05
MRC03208,Food & Beverages,62,732,4,0,0,1926961.39,57592.23,55,16,12.73,8719.28,8.29,0.33,0.0,0,1,3,4,0.51,0,Low,2,0.00017250954
MRC03209,Textile & Apparel,72,597,1,1,0,421722.98,38923.72,42,15,-7.14,2495.4,10.5,14.55,73.6,0,0,1,3,0.526,0,Low,6,0.00011461904
MRC03210,Small Mfg,61,500,2,0,1,467188.69,19867.14,44,12,18.18,2639.48,17.13,-1.46,0.0,33,1,13,5,0.399,0,Low,4,0.0001044293
MRC03211,Retail Trader,33,616,1,1,0,602320.92,79160.01,56,9,51.79,2676.98,45.54,36.49,75.05,0,4,41,2,0.067,1,High,3,0.9998105
MRC03212,Small Mfg,66,681,1,1,1,72389.59,6880.69,42,15,-7.14,428.34,18.2,11.91,43.83,23,0,5,5,0.927,0,Low,4,0.00012673777
MRC03213,Retail Trader,30,612,2,1,0,42715.89,1184.03,45,8,46.67,236.0,40.9,56.97,76.35,0,1,84,2,0.133,1,High,3,0.999161
MRC03214,Small Mfg,111,625,2,0,1,3477940.15,205594.38,57,16,15.79,15187.51,7.7,-4.34,0.0,20,0,5,3,0.477,0,Low,4,4.7722726e-05
MRC03215,Retail Trader,20,741,1,1,1,271337.52,27167.37,49,18,-10.2,1377.35,6.41,12.05,73.06,27,0,7,4,0.309,0,Low,3,0.00017586946
MRC03216,Retail Trader,60,658,2,1,0,6758536.51,429942.82,52,8,53.85,32337.5,31.71,43.88,88.87,0,3,38,2,0.196,1,High,3,0.9996124
MRC03217,Retail Trader,82,582,3,1,1,3777156.97,327528.49,46,16,-4.35,20417.06,20.41,-8.91,35.17,33,0,11,5,0.881,0,Low,3,0.00012214373
MRC03218,Retail Trader,107,706,4,0,1,4783267.16,661129.31,52,17,1.92,22886.45,13.99,3.72,0.0,27,2,5,3,0.768,0,Low,3,0.0010237776
MRC03219,Small Mfg,74,665,1,1,0,334248.92,21894.87,37,11,10.81,2243.28,12.88,11.22,66.37,0,1,7,5,0.721,0,Low,4,8.750976e-05
MRC03220,Food & Beverages,24,448,2,0,1,105864.85,6739.72,42,13,7.14,626.42,16.94,-0.08,0.0,31,0,1,4,0.384,0,Low,2,0.00015917001
MRC03221,Agri-Allied,4,684,1,1,0,197944.35,25053.5,44,12,18.18,1118.33,16.03,3.78,36.02,0,1,8,4,0.712,0,Low,0,0.0001749991
MRC03222,Retail Trader,37,681,1,1,0,426878.34,26226.7,60,20,0.0,1771.28,14.8,-6.48,58.69,0,0,10,4,0.96,0,Low,3,6.969289e-05
MRC03223,Retail Trader,4,651,2,0,0,42282.32,1274.16,46,13,15.22,228.55,21.37,11.05,0.0,0,2,3,3,0.847,0,Low,3,0.00092103466
MRC03224,Retail Trader,77,721,2,0,1,412292.85,17944.16,43,14,2.33,2383.2,8.47,-7.33,0.0,31,2,3,4,0.583,0,Low,3,0.0009822657
MRC03225,Retail Trader,89,596,1,1,0,572625.02,82082.38,51,17,0.0,2793.29,18.62,-7.64,47.25,0,0,4,5,0.385,0,Low,3,0.0001033614
MRC03226,Tech Services,77,676,4,0,0,154306.29,21807.81,42,6,57.14,913.05,53.26,54.73,0.0,0,4,44,2,0.084,1,High,5,0.9998847
MRC03227,Retail Trader,18,524,3,0,1,209277.81,10301.82,46,13,15.22,1131.23,23.03,11.84,0.0,38,1,1,3,0.754,0,Low,3,0.00016306259
MRC03228,Textile & Apparel,88,682,2,1,1,559770.29,51473.81,48,15,6.25,2900.36,23.9,4.37,58.45,27,0,0,4,0.882,0,Low,6,0.00010972809
MRC03229,Retail Trader,66,806,2,1,1,1118550.11,42345.91,58,21,-8.62,4800.64,15.16,-7.35,56.91,37,0,5,5,0.558,0,Low,3,0.00015258607
MRC03230,Retail Trader,48,570,1,1,0,250449.55,26975.44,58,19,1.72,1074.89,13.67,3.65,65.23,0,0,12,4,0.669,0,Low,3,0.00012186765
MRC03231,Agri-Allied,33,589,2,0,1,1035819.16,45669.01,29,9,6.9,8853.16,15.08,13.01,0.0,31,0,0,4,0.606,0,Low,0,0.000101636324
MRC03232,Small Mfg,58,593,1,0,1,859593.78,22755.82,54,18,0.0,3961.26,19.65,5.31,0.0,28,1,3,3,0.767,0,Low,4,9.916975e-05
MRC03233,Retail Trader,83,660,3,1,1,771632.0,98179.82,51,17,0.0,3764.06,5.34,-5.04,57.47,28,0,11,4,0.334,0,Low,3,0.00011857329
MRC03234,Retail Trader,73,564,1,1,0,333561.67,20781.58,43,12,16.28,1928.1,8.48,12.65,33.79,0,0,11,3,0.715,0,Low,3,7.724681e-05
MRC03235,Textile & Apparel,28,683,1,1,1,147258.45,5022.68,38,11,13.16,962.47,23.15,11.64,44.88,28,0,7,5,0.478,0,Low,6,0.0001088912
MRC03236,Retail Trader,35,717,2,1,1,5585823.21,717261.67,50,16,4.0,27790.17,8.91,3.66,39.33,34,0,7,5,0.547,0,Low,3,8.796155e-05
MRC03237,Retail Trader,103,692,1,1,1,1554037.75,185104.03,59,18,8.47,6557.12,9.57,11.31,74.98,37,0,12,5,0.826,0,Low,3,0.00015507551
MRC03238,Construction,10,508,1,0,0,2438461.79,265520.69,51,16,5.88,11894.94,23.79,-8.59,0.0,0,0,12,5,0.664,0,Low,1,9.2365095e-05
MRC03239,Small Mfg,65,729,2,1,0,659768.55,91353.09,46,15,2.17,3566.32,10.89,1.53,41.36,0,0,12,5,0.366,0,Low,4,0.00020993833
MRC03240,Agri-Allied,42,724,3,1,1,599091.41,50083.68,59,18,8.47,2527.81,10.81,-5.55,66.38,31,0,10,4,0.755,0,Low,0,6.9669906e-05
MRC03241,Textile & Apparel,85,716,2,1,1,1314269.58,48164.49,40,12,10.0,8163.17,23.47,10.94,66.74,34,1,2,4,0.882,0,Low,6,0.00011503764
MRC03242,Textile & Apparel,9,679,1,1,0,80690.33,2257.31,54,19,-5.56,371.84,12.5,14.28,72.12,0,1,11,4,0.597,0,Low,6,0.00019720083
MRC03243,Agri-Allied,60,667,1,1,1,191458.78,11755.06,33,11,0.0,1439.54,14.88,13.27,35.81,24,1,5,5,0.633,0,Low,0,0.000114142844
MRC03244,Small Mfg,111,732,1,1,0,280035.08,8761.74,39,14,-7.69,1783.66,16.21,2.58,60.04,0,1,3,4,0.47,0,Low,4,0.00011196718
MRC03245,Small Mfg,15,803,2,0,1,422743.25,37884.65,42,15,-7.14,2501.44,22.37,2.77,0.0,32,0,2,4,0.429,0,Low,4,0.0001289192
MRC03246,Retail Trader,99,573,2,1,1,253816.08,5554.73,45,8,46.67,1402.3,59.44,42.82,83.21,3,3,72,2,0.193,1,High,3,0.99978536
MRC03247,Agri-Allied,57,736,1,1,1,1087474.45,84485.05,44,13,11.36,6143.92,10.22,8.04,69.25,35,1,0,4,0.385,0,Low,0,0.00011715293
MRC03248,Textile & Apparel,69,643,1,1,0,804307.29,34745.94,39,12,7.69,5122.98,16.74,-8.13,33.66,0,0,10,5,0.867,0,Low,6,6.651946e-05
MRC03249,Tech Services,105,639,1,1,1,3880356.65,263378.61,36,12,0.0,26761.08,13.69,-6.79,58.66,37,0,5,3,0.37,0,Low,5,4.9090642e-05
MRC03250,Small Mfg,22,527,1,1,1,14196570.63,1529743.37,38,14,-10.53,92788.04,10.57,13.79,54.19,19,1,2,5,0.413,0,Low,4,0.000106874315
MRC03251,Agri-Allied,64,627,1,1,1,160264.32,10517.39,44,14,4.55,905.45,13.19,-0.85,37.9,21,1,3,4,0.59,0,Low,0,5.1708346e-05
MRC03252,Retail Trader,41,570,2,1,1,870450.57,56034.55,48,4,75.0,4510.11,51.26,33.64,99.51,1,1,57,1,0.081,1,High,3,0.9998895
MRC03253,Small Mfg,87,612,1,1,0,868593.97,129244.69,33,11,0.0,6530.78,5.42,8.39,53.42,0,1,6,5,0.546,0,Low,4,4.6850408e-05
MRC03254,Retail Trader,71,562,2,1,1,717094.07,81351.39,43,12,16.28,4145.05,7.94,11.99,68.72,31,0,10,5,0.633,0,Low,3,0.00012586964
MRC03255,Textile & Apparel,56,614,2,1,0,198433.74,17224.45,49,17,-4.08,1007.28,5.37,-4.84,60.38,0,0,11,5,0.778,0,Low,6,7.036148e-05
MRC03256,Retail Trader,23,617,1,1,1,242647.02,23128.83,62,21,-1.61,974.49,16.87,-3.71,31.24,34,0,7,5,0.627,0,Low,3,5.6530534e-05
MRC03257,Small Mfg,108,657,2,1,1,973338.05,97940.92,40,13,2.5,6045.58,5.26,12.5,35.68,26,0,7,5,0.931,0,Low,4,5.721552e-05
MRC03258,Retail Trader,25,520,2,0,0,234586.56,5441.19,27,8,11.11,2152.17,14.08,-9.67,0.0,0,0,12,4,0.669,0,Low,3,7.986211e-05
MRC03259,Textile & Apparel,91,534,1,0,1,883040.52,26874.81,39,2,84.62,5624.46,33.67,30.24,0.0,2,3,68,1,0.068,1,High,6,0.99984753
MRC03260,Tech Services,105,678,3,1,1,542997.64,56686.03,45,15,0.0,2999.99,6.94,-9.02,30.81,36,0,7,4,0.538,0,Low,5,0.00011848411
MRC03261,Retail Trader,6,586,1,1,1,864571.67,58255.66,33,11,0.0,6500.54,12.3,-7.61,56.83,22,1,3,4,0.34,0,Low,3,0.00010130049
MRC03262,Agri-Allied,119,735,3,0,1,232359.13,6321.96,40,2,85.0,1443.22,53.51,57.79,0.0,3,2,59,2,0.071,1,High,0,0.9999373
MRC03263,Textile & Apparel,34,668,2,0,0,881132.32,51701.96,43,6,58.14,5093.25,58.93,39.62,0.0,0,1,75,2,0.1,1,High,6,0.99977845
MRC03264,Retail Trader,63,698,2,0,1,253433.54,9361.04,38,12,5.26,1656.43,19.55,-4.38,0.0,27,0,10,3,0.391,0,Low,3,7.82262e-05
MRC03265,Food & Beverages,9,762,3,1,1,884550.36,123059.35,46,17,-10.87,4781.35,5.09,11.1,33.46,21,0,9,3,0.579,0,Low,2,0.00015887691
MRC03266,Retail Trader,60,625,3,1,1,3639203.32,168787.35,55,17,7.27,16466.98,20.6,3.55,59.02,35,0,5,4,0.403,0,Low,3,5.380494e-05
MRC03267,Agri-Allied,49,604,2,0,1,997672.77,38589.84,41,13,4.88,6046.5,21.78,-1.23,0.0,27,0,10,5,0.705,0,Low,0,8.8036315e-05
MRC03268,Agri-Allied,97,719,2,1,0,1073295.58,108834.26,48,16,0.0,5561.12,13.63,7.86,42.32,0,2,4,3,0.926,0,Low,0,0.0013732591
MRC03269,Small Mfg,51,690,1,0,0,1944757.45,170844.12,53,8,54.72,9130.32,41.65,45.13,0.0,0,1,26,2,0.177,1,High,4,0.9987534
MRC03270,Small Mfg,60,635,2,1,1,135364.98,12842.24,53,16,9.43,635.52,12.62,11.57,46.06,39,0,0,4,0.352,0,Low,4,7.00111e-05
MRC03271,Retail Trader,70,761,1,1,1,5738485.53,439988.39,51,15,11.76,27992.61,18.89,-7.02,64.46,30,0,8,5,0.866,0,Low,3,0.00014078802
MRC03272,Retail Trader,37,633,1,1,1,205518.64,16591.93,45,15,0.0,1135.46,12.78,4.56,41.79,41,0,8,5,0.658,0,Low,3,4.0132138e-05
MRC03273,Small Mfg,31,652,3,0,1,2096108.73,254139.94,47,14,10.64,11090.52,5.76,6.96,0.0,31,0,6,5,0.516,0,Low,4,4.8031136e-05
MRC03274,Agri-Allied,98,651,1,0,1,1787434.63,86851.24,50,7,58.0,8892.71,30.75,38.2,0.0,4,1,33,1,0.176,1,High,0,0.9985197
MRC03275,Food & Beverages,41,575,1,1,1,247063.43,17677.09,47,14,10.64,1307.21,13.84,5.25,73.47,26,0,3,4,0.894,0,Low,2,0.000100226534
MRC03276,Food & Beverages,62,656,2,0,1,2447709.79,353736.41,55,19,-3.64,11075.61,24.8,-9.2,0.0,25,2,3,3,0.471,0,Low,2,0.00068595173
MRC03277,Food & Beverages,93,761,1,1,1,1325599.44,59251.83,52,6,65.38,6342.58,54.97,41.69,90.89,2,2,76,2,0.155,1,High,2,0.99993646
MRC03278,Agri-Allied,58,685,1,1,1,7046026.32,410012.27,52,4,76.92,33713.04,39.95,48.71,78.83,5,2,82,2,0.041,1,High,0,0.99994695
MRC03279,Textile & Apparel,14,652,2,1,1,919931.51,41308.33,48,17,-6.25,4766.48,23.39,4.03,55.13,30,2,7,4,0.418,0,Low,6,0.0005001187
MRC03280,Food & Beverages,36,637,2,1,0,640335.8,14512.84,50,6,64.0,3185.75,38.23,59.4,96.54,0,3,40,2,0.096,1,High,2,0.99988604
MRC03281,Textile & Apparel,36,676,2,0,0,393283.09,21661.2,49,16,2.04,1996.36,14.24,9.73,0.0,0,0,9,4,0.942,0,Low,6,9.026335e-05
MRC03282,Retail Trader,117,709,2,1,0,90036.79,2344.63,50,14,16.0,447.94,15.06,-6.97,46.78,0,2,3,4,0.322,0,Low,3,0.0019513634
MRC03283,Tech Services,79,698,2,1,0,497886.25,19969.75,40,14,-5.0,3092.46,20.41,8.95,35.02,0,0,0,3,0.88,0,Low,5,0.00020029019
MRC03284,Tech Services,8,623,2,0,0,523829.71,35174.47,52,16,7.69,2506.36,7.47,-7.53,0.0,0,0,12,5,0.304,0,Low,5,4.377906e-05
MRC03285,Agri-Allied,26,675,2,1,1,998959.8,22670.15,57,16,15.79,4362.27,11.57,1.06,65.22,31,0,8,5,0.911,0,Low,0,0.00010332465
MRC03286,Retail Trader,36,688,2,1,1,132227.11,15587.51,40,14,-5.0,821.29,8.41,7.46,59.47,25,0,6,4,0.441,0,Low,3,0.000119665776
MRC03287,Textile & Apparel,48,569,3,1,1,547537.02,67580.62,41,3,78.05,3318.41,62.72,16.77,85.39,3,3,87,2,0.003,1,High,6,0.99961746
MRC03288,Food & Beverages,85,663,1,0,1,1456434.19,107024.31,49,16,2.04,7393.07,6.41,8.81,0.0,35,1,3,4,0.638,0,Low,2,8.645594e-05
MRC03289,Tech Services,28,477,1,1,1,1640664.02,242829.07,41,15,-9.76,9943.42,19.95,13.84,58.21,36,0,12,4,0.703,0,Low,5,9.872309e-05
MRC03290,Retail Trader,68,688,1,1,0,78293.65,8476.79,38,6,52.63,511.72,68.04,55.06,96.26,0,0,38,1,0.115,1,High,3,0.9998242
MRC03291,Retail Trader,62,702,2,0,1,1702635.55,198670.03,41,12,12.2,10319.0,19.29,-10.0,0.0,26,0,6,4,0.76,0,Low,3,0.00011168823
MRC03292,Tech Services,80,709,1,1,1,542591.12,24416.09,46,17,-10.87,2932.92,22.8,1.92,39.67,32,1,11,4,0.619,0,Low,5,0.00010605807
MRC03293,Textile & Apparel,86,618,2,1,1,584193.15,75283.16,38,12,5.26,3818.26,11.79,12.56,57.96,26,0,10,4,0.72,0,Low,6,5.385997e-05
MRC03294,Agri-Allied,76,674,3,1,0,42726.8,6103.78,63,21,0.0,168.88,9.54,6.63,38.45,0,0,11,3,0.878,0,Low,0,0.00020843267
MRC03295,Construction,80,763,2,1,1,4378800.54,222094.17,35,4,65.71,31055.32,55.99,56.5,94.87,4,1,18,2,0.193,1,High,1,0.9996798
MRC03296,Retail Trader,51,763,1,1,1,901809.57,98514.0,43,6,58.14,5212.77,63.22,57.24,95.83,7,0,55,2,0.049,1,High,3,0.9999161
MRC03297,Small Mfg,104,647,2,0,0,116104.68,13596.13,44,6,59.09,655.96,56.96,29.09,0.0,0,1,49,1,0.109,1,High,4,0.9996051
MRC03298,Retail Trader,102,661,1,1,1,1144229.33,68278.44,57,7,63.16,4996.63,50.72,44.18,97.56,6,2,79,1,0.171,1,High,3,0.99988115
MRC03299,Textile & Apparel,42,738,2,1,0,1102812.32,90156.2,48,17,-6.25,5714.05,17.6,4.76,60.31,0,0,9,4,0.341,0,Low,6,0.00016757731
MRC03300,Food & Beverages,101,529,2,0,1,3163067.95,103369.32,31,3,70.97,25304.54,40.59,41.81,0.0,9,5,62,1,0.158,1,High,2,0.9997944
MRC03301,Textile & Apparel,29,624,1,1,1,503014.1,21379.27,51,15,11.76,2453.73,18.09,9.4,56.41,15,1,12,4,0.83,0,Low,6,3.163395e-05
MRC03302,Construction,82,756,3,1,1,739992.47,20722.87,47,6,61.7,3915.3,58.06,17.7,84.96,4,1,43,1,0.119,1,High,1,0.99971575
MRC03303,Agri-Allied,10,728,1,1,0,337267.15,31305.65,49,17,-4.08,1712.02,14.78,11.87,40.92,0,1,11,5,0.311,0,Low,0,9.140697e-05
MRC03304,Textile & Apparel,106,679,4,1,0,1494852.86,151404.94,53,17,3.77,7018.09,16.46,-2.65,70.83,0,0,8,3,0.615,0,Low,6,0.00019107298
MRC03305,Retail Trader,39,529,1,1,1,284876.66,39625.07,42,12,14.29,1685.66,23.13,0.27,66.87,24,1,3,5,0.908,0,Low,3,4.903165e-05
MRC03306,Textile & Apparel,82,646,1,0,0,249798.88,22602.81,51,16,5.88,1218.53,23.39,-5.36,0.0,0,1,0,5,0.995,0,Low,6,8.4885636e-05
MRC03307,Textile & Apparel,1,602,1,1,1,672423.05,36229.8,42,12,14.29,3978.83,6.2,12.13,48.41,26,0,5,4,0.806,0,Low,6,9.9903256e-05
MRC03308,Retail Trader,39,676,1,1,1,167537.67,4646.08,47,16,-2.13,886.44,17.64,-7.67,49.78,20,0,5,4,0.987,0,Low,3,8.389053e-05
MRC03309,Textile & Apparel,21,585,2,0,1,4988059.24,673606.96,40,14,-5.0,30981.73,20.93,14.85,0.0,29,0,5,4,0.609,0,Low,6,0.00011181236
MRC03310,Agri-Allied,65,567,2,0,0,7368465.79,606067.73,44,12,18.18,41629.75,15.73,-1.78,0.0,0,0,5,3,0.428,0,Low,0,9.9335855e-05
MRC03311,Small Mfg,15,484,2,1,1,423238.83,49033.0,41,13,4.88,2565.08,6.91,7.77,67.34,36,0,12,4,0.495,0,Low,4,9.452939e-05
MRC03312,Small Mfg,4,747,1,1,1,138148.71,3026.07,42,14,0.0,817.45,9.65,-6.78,41.15,36,0,11,5,0.698,0,Low,4,0.00014412636
MRC03313,Small Mfg,60,618,1,0,1,1092424.88,91171.66,45,5,66.67,6035.5,31.55,56.21,0.0,5,3,43,3,0.18,1,High,4,0.99973935
MRC03314,Retail Trader,61,662,2,0,1,409002.68,25498.84,39,4,69.23,2605.11,54.38,56.96,0.0,4,1,64,2,0.074,1,High,3,0.99992144
MRC03315,Retail Trader,20,649,1,0,1,2986513.94,71506.3,33,11,0.0,22454.99,6.31,11.96,0.0,26,1,9,4,0.748,0,Low,3,3.9982395e-05
MRC03316,Small Mfg,10,564,2,1,0,283629.5,34273.07,43,5,65.12,1639.48,66.86,49.59,90.32,0,2,65,2,0.114,1,High,4,0.9998211
MRC03317,Agri-Allied,87,549,2,0,0,1402007.74,121522.13,41,15,-9.76,8497.02,7.18,8.57,0.0,0,0,6,5,0.488,0,Low,0,9.9518176e-05
MRC03318,Retail Trader,105,569,1,1,1,836341.5,52951.65,34,11,2.94,6104.68,12.9,12.36,48.87,35,1,3,5,0.582,0,Low,3,0.000100190904
MRC03319,Food & Beverages,34,592,2,0,0,323995.92,40419.72,39,11,15.38,2063.67,13.51,-8.29,0.0,0,1,5,5,0.344,0,Low,2,6.667976e-05
MRC03320,Food & Beverages,110,679,2,1,1,972922.58,75985.3,43,16,-11.63,5623.83,14.04,2.79,62.15,31,0,1,5,0.827,0,Low,2,0.00012005963
MRC03321,Agri-Allied,48,586,2,1,1,2093272.25,42817.33,48,14,12.5,10845.97,19.22,-5.26,69.53,22,0,10,5,0.934,0,Low,0,9.534961e-05
MRC03322,Retail Trader,33,789,1,1,1,809537.38,115584.28,38,13,-2.63,5291.09,6.62,-8.27,36.88,26,0,12,5,0.41,0,Low,3,0.000128901
MRC03323,Food & Beverages,98,732,1,1,0,819739.26,43641.9,64,21,1.56,3189.65,10.36,5.55,53.34,0,0,4,3,0.505,0,Low,2,0.0001736158
MRC03324,Small Mfg,103,714,1,0,1,255930.16,32752.62,32,5,53.12,1983.95,51.98,15.96,0.0,2,4,47,1,0.007,1,High,4,0.9994318
MRC03325,Food & Beverages,61,640,1,1,1,2879265.42,363173.26,43,14,2.33,16643.15,23.87,2.3,53.38,34,0,10,4,0.505,0,Low,2,4.7128953e-05
MRC03326,Food & Beverages,10,771,1,0,0,2554726.92,105021.28,52,7,59.62,12223.57,62.71,47.11,0.0,0,4,32,1,0.184,1,High,2,0.99960667
MRC03327,Food & Beverages,54,632,3,1,0,445667.74,36375.56,40,12,10.0,2768.12,22.67,-5.06,45.91,0,1,6,5,0.676,0,Low,2,4.3215598e-05
MRC03328,Agri-Allied,84,647,2,0,1,628350.78,15850.69,36,12,0.0,4333.45,24.37,3.07,0.0,27,0,6,5,0.572,0,Low,0,5.868056e-05
MRC03329,Retail Trader,65,663,2,1,1,3981084.42,263116.71,40,6,55.0,24727.23,60.09,15.67,94.3,5,1,52,3,0.012,1,High,3,0.99838257
MRC03330,Small Mfg,77,706,1,1,0,187159.23,21528.41,50,6,64.0,931.14,69.99,34.89,83.42,0,0,49,2,0.055,1,High,4,0.9996867
MRC03331,Small Mfg,1,700,3,1,0,1506268.67,76547.11,50,17,-2.0,7493.87,20.54,2.52,37.92,0,0,10,4,0.945,0,Low,4,0.00017979178
MRC03332,Food & Beverages,5,611,1,1,0,373123.03,13143.87,39,12,7.69,2376.58,22.74,6.74,39.7,0,1,0,5,0.841,0,Low,2,3.4166093e-05
MRC03333,Retail Trader,80,607,2,1,1,6160653.71,529360.71,45,12,20.0,34036.76,14.83,6.96,73.99,27,1,11,4,0.356,0,Low,3,7.436976e-05
MRC03334,Retail Trader,15,701,4,1,1,787120.06,70689.86,54,19,-5.56,3627.28,11.91,11.25,57.08,23,1,6,3,0.56,0,Low,3,0.000108937216
MRC03335,Tech Services,113,707,2,1,1,3309985.02,357007.57,36,13,-8.33,22827.48,24.99,12.38,47.52,33,1,0,5,0.452,0,Low,5,0.000121954254
MRC03336,Food & Beverages,28,618,4,0,1,292554.77,34722.71,41,14,-2.44,1773.06,6.96,5.57,0.0,27,1,12,4,0.992,0,Low,2,3.171608e-05
MRC03337,Tech Services,95,523,2,1,1,163042.4,18008.89,52,17,1.92,780.11,24.16,2.05,47.24,35,1,4,5,0.903,0,Low,5,0.00015127644
MRC03338,Food & Beverages,23,633,1,1,1,550668.71,71533.84,45,16,-6.67,3042.37,13.62,-4.9,57.08,24,0,9,4,0.834,0,Low,2,4.4201628e-05
MRC03339,Small Mfg,112,699,1,0,0,999709.63,48963.62,51,15,11.76,4876.63,5.45,-6.83,0.0,0,0,6,5,0.884,0,Low,4,0.00018639132
MRC03340,Small Mfg,109,794,1,1,1,395190.02,37175.4,39,2,84.62,2517.13,64.15,38.46,88.95,5,3,47,1,0.125,1,High,4,0.9999403
MRC03341,Tech Services,107,554,1,1,0,1812049.19,121067.35,51,17,0.0,8839.26,13.88,13.66,74.5,0,1,10,3,0.627,0,Low,5,0.00015028742
MRC03342,Agri-Allied,17,615,2,1,1,566966.63,82252.46,43,12,16.28,3277.26,20.97,-3.04,35.06,33,0,2,4,0.735,0,Low,0,5.5873257e-05
MRC03343,Small Mfg,113,618,1,1,0,60010.53,4634.99,37,13,-5.41,402.76,5.9,-7.51,33.55,0,1,1,5,0.804,0,Low,4,6.469145e-05
MRC03344,Retail Trader,98,758,3,1,0,1416039.4,204989.84,52,15,13.46,6775.31,24.48,0.6,52.19,0,1,7,5,0.59,0,Low,3,0.0002446108
MRC03345,Agri-Allied,13,647,1,0,0,252952.13,30348.83,44,13,11.36,1429.11,18.42,-9.99,0.0,0,1,11,3,0.547,0,Low,0,6.9217545e-05
MRC03346,Small Mfg,14,577,2,0,1,472637.1,53597.19,38,12,5.26,3089.13,5.96,3.84,0.0,28,1,3,3,0.338,0,Low,4,0.00011067649
MRC03347,Retail Trader,11,694,4,1,1,4703217.68,394615.4,43,14,2.33,27186.23,5.09,-8.76,73.23,28,2,12,4,0.805,0,Low,3,0.0008821641
MRC03348,Retail Trader,28,617,1,1,1,6121844.93,475294.88,51,14,17.65,29862.66,16.88,13.27,35.68,27,2,8,4,0.64,0,Low,3,0.0004427094
MRC03349,Textile & Apparel,42,552,2,1,1,365641.23,32341.43,40,12,10.0,2271.06,24.53,11.75,49.8,22,1,5,5,0.533,0,Low,6,4.9488106e-05
MRC03350,Retail Trader,96,578,2,1,1,1459119.83,84880.35,37,11,10.81,9792.75,15.48,-7.13,64.15,30,0,0,4,0.952,0,Low,3,0.000115337294
MRC03351,Retail Trader,99,788,1,0,1,375972.25,51728.63,45,12,20.0,2077.19,12.08,-6.33,0.0,33,0,10,5,0.386,0,Low,3,9.4174626e-05
MRC03352,Textile & Apparel,61,680,2,1,0,516976.36,63724.05,41,14,-2.44,3133.19,23.78,13.84,62.04,0,0,1,4,0.327,0,Low,6,0.00019665628
MRC03353,Tech Services,64,658,1,0,1,352592.93,43785.51,52,4,76.92,1687.05,40.79,38.98,0.0,4,3,70,1,0.18,1,High,5,0.9998186
MRC03354,Agri-Allied,31,630,2,0,0,92114.49,7029.25,39,11,15.38,586.72,20.69,13.55,0.0,0,0,12,3,0.366,0,Low,0,8.303274e-05
MRC03355,Retail Trader,81,673,2,1,1,817549.12,23906.41,40,14,-5.0,5077.94,19.36,-1.64,53.65,27,1,6,3,0.709,0,Low,3,0.000107260545
MRC03356,Retail Trader,111,672,2,0,1,1030751.25,112145.79,29,8,17.24,8809.84,5.04,-7.23,0.0,26,0,11,4,0.579,0,Low,3,0.00010534535
MRC03357,Small Mfg,73,673,2,1,1,326047.35,22390.9,46,17,-10.87,1762.42,11.27,5.38,51.56,32,0,6,4,0.548,0,Low,4,6.188332e-05
MRC03358,Textile & Apparel,10,659,1,0,0,2690802.55,358296.34,54,19,-5.56,12400.01,23.5,14.17,0.0,0,1,9,5,0.755,0,Low,6,5.6296092e-05
MRC03359,Food & Beverages,8,719,2,0,1,432225.94,52491.25,46,13,15.22,2336.36,12.36,-6.75,0.0,39,0,1,3,0.866,0,Low,2,8.735126e-05
MRC03360,Small Mfg,21,651,3,1,1,339539.58,13205.6,43,13,9.3,1962.66,11.69,10.47,63.89,28,0,12,3,0.324,0,Low,4,3.3967175e-05
MRC03361,Food & Beverages,77,571,3,1,1,1372032.45,134765.21,49,18,-10.2,6964.63,15.74,-1.01,70.35,34,1,12,4,0.814,0,Low,2,0.00012458919
MRC03362,Retail Trader,59,601,2,0,1,114551.71,12599.29,50,7,58.0,569.91,31.6,41.18,0.0,2,3,76,1,0.056,1,High,3,0.99991095
MRC03363,Small Mfg,50,491,1,1,1,2165181.69,203219.38,57,19,0.0,9454.94,22.18,1.48,67.23,29,0,8,4,0.855,0,Low,4,8.388574e-05
MRC03364,Retail Trader,69,812,4,1,1,450177.4,39086.87,53,18,-1.89,2113.51,6.63,2.22,52.84,30,1,5,4,0.62,0,Low,3,8.7595334e-05
MRC03365,Construction,70,719,1,1,0,2390811.23,118637.31,50,4,76.0,11894.58,66.91,58.07,99.02,0,2,59,2,0.019,1,High,1,0.999943
MRC03366,Small Mfg,30,583,2,0,1,3422071.51,173389.14,45,13,13.33,18906.47,18.94,1.86,0.0,28,1,8,4,0.742,0,Low,4,9.921468e-05
MRC03367,Textile & Apparel,95,627,1,1,1,1572510.79,188451.36,39,3,76.92,10015.99,58.71,24.05,97.4,1,4,19,2,0.032,1,High,6,0.99880946
MRC03368,Retail Trader,17,599,4,1,1,275304.23,6174.98,40,14,-5.0,1709.96,13.32,9.12,30.33,24,0,0,4,0.561,0,Low,3,7.088794e-05
MRC03369,Retail Trader,75,773,2,0,1,162592.44,19715.68,32,11,-3.12,1260.41,10.9,-7.54,0.0,30,0,4,5,0.356,0,Low,3,0.00021766206
MRC03370,Small Mfg,20,536,2,0,1,130497.95,11546.96,33,10,9.09,981.19,17.53,11.91,0.0,32,0,9,5,0.791,0,Low,4,0.00014853451
MRC03371,Retail Trader,48,659,1,1,1,2740066.76,388291.97,64,21,1.56,10661.74,19.5,-5.81,74.3,26,0,13,5,0.359,0,Low,3,5.042333e-05
MRC03372,Small Mfg,73,641,2,0,0,620474.55,92855.13,40,15,-12.5,3853.88,8.42,6.46,0.0,0,1,4,4,0.461,0,Low,4,7.1131435e-05
MRC03373,Retail Trader,2,716,2,0,1,355376.78,37759.85,55,16,12.73,1608.04,8.16,3.82,0.0,27,0,9,5,0.952,0,Low,3,6.634101e-05
MRC03374,Small Mfg,37,641,2,0,1,622501.56,45812.03,47,15,4.26,3293.66,10.27,12.0,0.0,36,1,8,3,0.527,0,Low,4,3.5277575e-05
MRC03375,Food & Beverages,1,509,1,1,1,2667748.59,218118.24,56,8,57.14,11856.66,65.71,27.65,91.06,6,0,68,2,0.082,1,High,2,0.9993445
MRC03376,Food & Beverages,4,629,2,1,0,1857027.67,86440.93,54,15,16.67,8557.73,20.01,-5.21,62.48,0,2,13,5,0.76,0,Low,2,0.00068195735
MRC03377,Food & Beverages,100,572,1,0,0,1234538.02,40616.87,42,14,0.0,7304.96,15.61,-6.95,0.0,0,1,10,5,0.366,0,Low,2,8.870008e-05
MRC03378,Retail Trader,54,656,2,1,1,1568238.02,149357.8,49,7,57.14,7960.6,48.3,37.38,82.58,7,2,56,1,0.128,1,High,3,0.99991584
MRC03379,Retail Trader,25,764,1,1,1,905467.65,112924.82,52,15,13.46,4332.38,5.29,-1.53,61.34,28,0,9,4,0.499,0,Low,3,0.00013612068
MRC03380,Small Mfg,3,510,1,0,0,1048148.33,56631.08,56,19,-1.79,4658.44,24.89,-7.78,0.0,0,1,7,5,0.564,0,Low,4,0.00012778184
MRC03381,Textile & Apparel,9,585,1,1,1,950962.85,70898.91,37,6,51.35,6382.3,35.49,40.96,77.63,5,0,32,1,0.028,1,High,6,0.9995604
MRC03382,Textile & Apparel,86,605,1,1,1,729362.76,67189.32,39,14,-7.69,4645.62,13.87,-7.09,46.48,32,0,13,4,0.378,0,Low,6,0.00010999711
MRC03383,Retail Trader,87,619,1,1,1,1801353.1,248634.85,41,3,78.05,10917.29,33.25,15.84,91.74,5,4,19,1,0.077,1,High,3,0.99762017
MRC03384,Retail Trader,76,709,3,0,0,1125275.58,42785.3,39,14,-7.69,7167.36,18.89,-9.17,0.0,0,1,11,3,0.656,0,Low,3,0.00018433845
MRC03385,Retail Trader,74,636,2,1,1,253505.8,12876.78,58,17,12.07,1088.01,15.7,13.23,68.21,35,2,1,4,0.421,0,Low,3,0.0006158571
MRC03386,Tech Services,34,683,1,1,1,1375942.16,191818.66,59,4,79.66,5805.66,67.36,48.1,99.46,6,7,76,2,0.068,1,High,5,0.99994946
MRC03387,Retail Trader,43,599,2,1,1,981361.8,24671.07,34,10,11.76,7163.22,18.55,-2.91,59.69,24,0,0,5,0.89,0,Low,3,8.555274e-05
MRC03388,Agri-Allied,74,668,2,1,1,1519202.62,159964.49,33,10,9.09,11422.58,8.09,2.06,32.47,33,0,1,3,0.967,0,Low,0,0.000100385216
MRC03389,Retail Trader,94,712,3,0,0,643676.6,66387.75,42,12,14.29,3808.74,11.58,-6.06,0.0,0,0,1,3,0.946,0,Low,3,0.00022147127
MRC03390,Small Mfg,22,591,1,1,1,1932042.66,134901.16,41,14,-2.44,11709.35,5.36,0.15,32.56,31,0,1,5,0.742,0,Low,4,9.2339906e-05
MRC03391,Textile & Apparel,70,712,1,1,1,677598.18,54791.54,38,13,-2.63,4428.75,24.65,-5.24,51.82,33,0,8,4,0.342,0,Low,6,0.00011755836
MRC03392,Tech Services,114,654,4,0,1,1738712.79,228013.64,43,12,16.28,10050.36,21.13,-2.39,0.0,39,0,5,4,0.681,0,Low,5,5.8360794e-05
MRC03393,Tech Services,2,733,1,0,1,421777.91,17481.71,48,16,0.0,2185.38,23.58,13.11,0.0,25,1,6,4,0.821,0,Low,5,5.665456e-05
MRC03394,Textile & Apparel,94,633,1,0,0,458307.27,22962.92,49,13,20.41,2326.43,5.88,-6.28,0.0,0,1,6,4,0.576,0,Medium,6,5.414811e-05
MRC03395,Tech Services,66,680,1,1,1,1502232.7,130101.69,51,16,5.88,7327.96,15.01,1.85,44.11,27,1,5,4,0.847,0,Low,5,8.92703e-05
MRC03396,Construction,32,646,1,1,1,489858.54,35890.42,43,13,9.3,2831.55,19.95,6.52,69.22,28,0,12,5,0.452,0,Low,1,4.1852312e-05
MRC03397,Food & Beverages,106,642,4,1,1,10292635.87,974387.62,43,16,-11.63,59495.01,7.07,12.95,55.33,36,0,2,5,0.549,0,Low,2,5.3935477e-05
MRC03398,Food & Beverages,16,670,1,0,0,1439395.78,201096.68,50,18,-8.0,7161.17,20.54,13.08,0.0,0,0,11,4,0.444,0,Low,2,0.00012077165
MRC03399,Retail Trader,76,692,3,1,0,751561.4,104634.83,41,12,12.2,4554.92,17.95,-3.82,50.46,0,0,6,3,0.719,0,Low,3,0.00020483653
MRC03400,Agri-Allied,1,550,4,1,1,1951055.24,97362.31,36,13,-8.33,13455.55,24.7,13.58,69.02,28,5,6,5,0.599,0,Low,0,0.001124991
MRC03401,Retail Trader,117,764,2,0,0,409701.25,24286.6,45,14,6.67,2263.54,7.82,-1.72,0.0,0,0,5,4,0.678,0,Low,3,0.000164203
MRC03402,Retail Trader,72,501,1,0,1,2208044.37,90682.02,52,3,82.69,10564.81,62.75,29.16,0.0,5,3,35,1,0.141,1,High,3,0.9999217
MRC03403,Construction,48,595,1,0,0,2135651.39,300299.81,34,11,2.94,15588.7,23.94,-7.67,0.0,0,0,11,4,0.974,0,Low,1,7.356138e-05
MRC03404,Textile & Apparel,50,642,2,1,1,3282910.29,235458.0,44,7,52.27,18547.52,51.44,29.88,77.17,9,0,78,1,0.164,1,High,6,0.9965191
MRC03405,Food & Beverages,13,682,1,1,1,429779.93,33721.25,57,18,5.26,1876.77,11.72,-8.03,51.23,33,1,7,3,0.959,0,Low,2,5.0756695e-05
MRC03406,Food & Beverages,15,776,2,1,1,168168.22,20910.59,45,13,13.33,929.11,7.39,-2.52,63.15,26,0,12,3,0.395,0,Low,2,0.00018609618
MRC03407,Tech Services,53,501,1,0,1,350744.89,30404.87,44,14,4.55,1981.61,24.28,11.85,0.0,31,1,8,4,0.757,0,Low,5,4.9483813e-05
MRC03408,Construction,44,609,3,1,1,520238.89,18503.97,43,14,2.33,3007.16,6.44,-6.02,40.21,46,0,4,4,0.635,0,Low,1,4.3202825e-05
MRC03409,Retail Trader,8,479,2,1,1,5393224.07,414848.59,42,14,0.0,31912.57,24.5,-4.38,59.7,26,1,13,4,0.855,0,Low,3,0.00011630731
MRC03410,Retail Trader,74,652,2,1,1,10160461.63,1036043.23,47,17,-8.51,53759.06,11.07,-4.6,66.39,30,3,3,3,0.422,0,Low,3,0.00074848253
MRC03411,Textile & Apparel,46,671,3,0,1,1103055.67,125193.71,50,14,16.0,5487.84,22.21,-3.13,0.0,28,0,13,5,0.313,0,Low,6,9.1025286e-05
MRC03412,Retail Trader,69,777,1,1,1,737682.45,76642.06,48,18,-12.5,3822.19,16.09,-9.53,58.46,34,1,2,4,0.356,0,Low,3,0.00014399146
MRC03413,Retail Trader,114,659,1,1,1,479313.72,17012.52,54,4,77.78,2208.82,63.66,42.33,80.04,1,1,49,3,0.178,1,High,3,0.9972574
MRC03414,Textile & Apparel,19,733,1,0,1,1962301.19,116884.06,47,13,17.02,10382.55,13.53,14.41,0.0,34,1,5,5,0.411,0,Low,6,0.00010040427
MRC03415,Food & Beverages,111,696,1,0,1,10082357.48,1163135.08,37,11,10.81,67666.83,22.0,1.2,0.0,34,0,1,5,0.961,0,Low,2,0.000108362095
MRC03416,Agri-Allied,38,615,2,1,0,6218386.77,835904.93,38,3,76.32,40643.05,47.49,25.81,83.53,0,3,54,3,0.121,1,High,0,0.99889344
MRC03417,Textile & Apparel,11,537,1,1,0,2857826.52,74687.11,37,3,75.68,19180.04,45.58,32.3,91.15,0,2,61,3,0.036,1,High,6,0.999877
MRC03418,Small Mfg,117,672,1,1,0,2807943.82,71573.88,37,12,2.7,18845.26,21.93,-9.63,53.03,0,1,0,5,0.543,0,Low,4,0.00013560946
MRC03419,Retail Trader,43,530,4,0,0,1980325.66,205246.08,37,6,51.35,13290.78,67.48,55.45,0.0,0,2,55,3,0.108,1,High,3,0.9998379
MRC03420,Retail Trader,20,753,1,1,1,689175.49,62884.51,43,15,-4.65,3983.67,19.57,13.66,32.83,33,0,3,4,0.746,0,Low,3,0.00012565416
MRC03421,Food & Beverages,20,637,2,0,1,301384.5,12113.87,34,10,11.76,2199.89,13.74,3.84,0.0,34,1,8,5,0.588,0,Low,2,2.7964315e-05
MRC03422,Small Mfg,21,745,1,1,1,711423.44,64937.24,37,6,51.35,4774.65,40.1,42.64,84.63,3,1,76,1,0.059,1,High,4,0.9999199
MRC03423,Food & Beverages,82,611,1,1,0,1210818.97,177606.99,62,21,-1.61,4862.73,16.58,6.76,74.48,0,1,3,5,0.852,0,Low,2,6.595113e-05
MRC03424,Retail Trader,57,671,2,1,1,127470.38,13004.15,43,16,-11.63,736.82,10.51,11.77,42.47,21,1,6,4,0.659,0,Low,3,0.00012634066
MRC03425,Food & Beverages,50,666,3,0,1,607106.27,47590.06,43,14,2.33,3509.28,6.93,4.12,0.0,25,1,6,4,0.982,0,Low,2,7.7839926e-05
MRC03426,Small Mfg,74,646,1,1,1,270731.05,34539.66,41,12,12.2,1640.79,5.37,0.16,30.45,31,0,2,4,0.589,0,Low,4,2.7615291e-05
MRC03427,Agri-Allied,98,615,1,1,1,2462307.3,117370.61,46,14,8.7,13309.77,13.62,-9.07,73.02,34,1,5,5,0.985,0,Low,0,5.610342e-05
MRC03428,Small Mfg,26,681,1,1,1,377131.77,27855.87,43,13,9.3,2179.95,10.38,-7.22,71.29,29,0,2,3,0.694,0,Low,4,5.346231e-05
MRC03429,Tech Services,30,575,1,1,1,1081505.27,95831.99,50,17,-2.0,5380.62,17.66,6.22,35.22,27,1,9,4,0.727,0,Low,5,8.930027e-05
MRC03430,Small Mfg,73,553,1,1,0,314889.05,26951.41,47,15,4.26,1666.08,19.32,5.47,46.43,0,2,11,5,0.958,0,Low,4,0.0007093418
MRC03431,Small Mfg,110,749,2,1,1,4961601.81,693266.86,42,7,50.0,29358.59,46.05,35.35,87.38,2,3,43,2,0.16,1,High,4,0.9998388
MRC03432,Construction,115,708,1,0,1,94758.96,5500.46,51,18,-5.88,462.24,17.38,7.97,0.0,34,0,6,3,0.749,0,Low,1,0.00014065919
MRC03433,Food & Beverages,31,655,2,1,1,1291104.29,35305.87,47,13,17.02,6831.24,16.21,-3.01,69.32,31,0,4,3,0.39,0,Low,2,5.6579887e-05
MRC03434,Textile & Apparel,42,783,2,0,0,157517.34,21915.24,42,15,-7.14,932.06,5.09,-2.38,0.0,0,2,3,5,0.553,0,Low,6,0.0013158865
MRC03435,Small Mfg,119,628,1,1,0,395854.03,19087.6,41,14,-2.44,2399.12,21.83,-8.47,33.07,0,0,7,5,0.745,0,Low,4,5.3944786e-05
MRC03436,Textile & Apparel,68,755,1,1,1,934179.65,64714.02,42,6,57.14,5527.69,45.49,41.93,99.58,4,2,32,3,0.127,1,High,6,0.99992347
MRC03437,Retail Trader,61,664,4,0,1,990959.0,88211.12,34,5,55.88,7233.28,67.18,25.13,0.0,2,2,89,3,0.038,1,High,3,0.999859
MRC03438,Small Mfg,61,568,1,1,1,960414.47,141050.75,36,11,8.33,6623.55,7.22,10.47,36.18,38,1,6,4,0.526,0,Low,4,9.130226e-05
MRC03439,Tech Services,70,797,2,1,1,875104.83,78396.18,42,13,7.14,5178.14,18.25,10.04,30.17,30,1,2,5,0.972,0,Low,5,0.0001411753
MRC03440,Tech Services,78,729,1,1,1,337657.34,26407.04,54,16,11.11,1556.02,11.51,-6.79,64.91,25,0,10,3,0.351,0,Low,5,6.936212e-05
MRC03441,Textile & Apparel,68,640,2,1,0,599071.37,57434.77,55,17,7.27,2710.73,6.42,-6.0,59.5,0,1,9,5,0.66,0,Low,6,6.058134e-05
MRC03442,Agri-Allied,90,708,1,1,1,757637.88,110770.49,48,15,6.25,3925.58,5.91,-1.98,69.52,18,0,6,5,0.436,0,Low,0,0.00013264621
MRC03443,Retail Trader,111,617,1,1,0,922121.69,116494.21,30,11,-10.0,7620.84,9.74,4.52,56.0,0,0,9,3,0.717,0,Low,3,4.6698307e-05
MRC03444,Construction,112,716,1,0,1,674133.49,28290.59,40,11,17.5,4187.16,18.35,-1.44,0.0,34,1,6,4,0.581,0,Low,1,0.00011098963
MRC03445,Construction,103,458,1,0,1,1750668.91,217824.88,38,11,13.16,11442.28,19.36,-1.24,0.0,26,0,9,3,0.33,0,Low,1,0.00011216948
MRC03446,Small Mfg,17,568,3,1,0,815914.1,105532.68,57,19,0.0,3562.94,7.57,-6.5,65.34,0,1,6,5,0.357,0,Low,4,0.00013670212
MRC03447,Food & Beverages,19,728,2,1,1,928746.55,101967.3,44,15,-2.27,5247.16,7.78,-1.61,70.05,40,0,13,4,0.498,0,Low,2,0.00011706471
MRC03448,Small Mfg,51,630,1,0,1,460845.07,48591.66,53,18,-1.89,2163.59,16.86,1.76,0.0,35,0,1,5,0.549,0,Low,4,2.0148113e-05
MRC03449,Small Mfg,113,666,2,1,0,206296.49,15949.61,47,13,17.02,1091.52,24.15,14.62,46.83,0,0,2,4,0.317,0,Low,4,0.00022736074
MRC03450,Retail Trader,70,542,3,0,0,877502.18,90751.63,43,14,2.33,5072.27,16.06,10.95,0.0,0,1,13,3,0.99,0,Low,3,0.00013351584
MRC03451,Textile & Apparel,63,797,2,1,1,3106276.35,359970.05,46,13,15.22,16790.68,19.23,9.82,33.5,31,0,2,4,0.314,0,Low,6,0.0001489356
MRC03452,Small Mfg,93,745,1,0,1,1242496.82,44688.43,51,19,-11.76,6060.96,16.51,4.0,0.0,29,0,10,4,0.722,0,Low,4,0.00013767603
MRC03453,Small Mfg,75,633,3,1,1,273486.43,14618.64,52,19,-9.62,1308.55,7.1,-1.0,41.23,46,0,2,4,0.538,0,Low,4,6.5076245e-05
MRC03454,Textile & Apparel,80,617,1,1,1,1939009.88,87702.67,39,11,15.38,12350.38,23.93,11.42,72.04,26,0,6,5,0.656,0,Low,6,6.012053e-05
MRC03455,Construction,30,732,2,1,1,487896.96,63113.15,56,19,-1.79,2168.43,6.44,-1.31,45.2,36,0,10,3,0.78,0,Low,1,6.044827e-05
MRC03456,Retail Trader,25,808,2,1,1,1719569.93,186401.96,44,7,52.27,9715.08,39.6,15.48,97.86,3,1,61,1,0.142,1,High,3,0.9983772
MRC03457,Agri-Allied,104,726,3,1,1,468571.96,36830.32,42,13,7.14,2772.62,24.59,-3.57,42.88,32,2,6,4,0.917,0,Low,0,0.0010549538
MRC03458,Small Mfg,75,823,3,1,1,1114557.17,141980.37,51,17,0.0,5436.86,11.38,9.41,58.51,26,0,3,5,0.415,0,Low,4,0.00018230749
MRC03459,Small Mfg,71,576,3,1,1,391524.43,44313.35,31,9,12.9,3132.2,8.43,2.86,34.36,28,1,0,5,0.991,0,Low,4,0.00011412935
MRC03460,Small Mfg,26,584,1,0,1,403663.55,56015.22,57,16,15.79,1762.72,16.32,12.38,0.0,33,0,13,5,0.337,0,Low,4,6.8629626e-05
MRC03461,Retail Trader,56,554,3,1,0,111355.33,3338.98,57,21,-10.53,486.27,20.9,4.22,61.33,0,0,5,5,0.542,0,Low,3,0.00016472347
MRC03462,Retail Trader,22,685,1,1,0,1348481.61,116226.25,54,18,0.0,6214.2,23.99,-5.89,72.55,0,1,0,3,0.546,0,Low,3,0.0001614003
MRC03463,Small Mfg,89,664,1,1,0,1137340.91,127242.55,41,14,-2.44,6892.98,18.87,14.82,63.47,0,1,6,5,0.646,0,Low,4,0.00014027678
MRC03464,Small Mfg,19,637,2,1,1,1216795.42,57157.89,48,5,68.75,6304.64,61.71,21.34,91.37,9,1,66,2,0.197,1,High,4,0.9933462
MRC03465,Retail Trader,31,714,2,1,1,1014997.47,63464.15,29,8,17.24,8675.19,14.89,-3.73,46.3,24,1,8,4,0.711,0,Low,3,9.520651e-05
MRC03466,Small Mfg,26,748,2,1,1,292231.03,21761.54,51,16,5.88,1425.52,20.22,-1.77,39.15,30,1,6,4,0.342,0,Low,4,0.00016549315
MRC03467,Textile & Apparel,42,527,2,1,1,2324647.84,286541.51,45,7,53.33,12843.36,65.44,57.58,82.39,5,1,87,3,0.138,1,High,6,0.9996592
MRC03468,Small Mfg,41,602,3,0,1,2400854.23,202067.67,44,12,18.18,13564.15,6.49,-8.15,0.0,29,0,10,4,0.748,0,Low,4,7.7129705e-05
MRC03469,Food & Beverages,100,715,1,1,1,283258.46,23814.42,54,16,11.11,1305.34,17.27,1.26,55.71,33,0,12,4,0.954,0,Low,2,0.00013486217
MRC03470,Retail Trader,23,612,1,0,0,1381318.16,105001.44,47,6,61.7,7308.56,37.32,45.16,0.0,0,0,61,1,0.007,1,High,3,0.9991334
MRC03471,Retail Trader,47,586,3,0,1,2084395.46,103629.02,43,13,9.3,12048.53,20.71,-6.93,0.0,37,0,13,3,0.653,0,Low,3,8.977012e-05
MRC03472,Food & Beverages,13,731,1,1,1,414937.04,58090.89,48,14,12.5,2149.93,5.15,12.57,56.71,22,1,5,5,0.762,0,Low,2,5.6210207e-05
MRC03473,Small Mfg,89,546,2,0,0,511323.21,31351.35,39,14,-7.69,3256.84,9.5,9.92,0.0,0,1,8,3,0.717,0,Low,4,0.00012029995
MRC03474,Small Mfg,66,625,2,1,1,1384619.72,129836.53,43,12,16.28,8003.58,13.9,10.16,44.36,39,0,5,5,0.323,0,Low,4,4.6093843e-05
MRC03475,Food & Beverages,66,676,2,1,1,119086.37,4685.02,57,20,-5.26,520.03,19.13,7.75,65.88,32,0,6,4,0.505,0,Low,2,0.00013948849
MRC03476,Food & Beverages,16,604,2,1,0,197556.39,15103.51,55,17,7.27,893.92,16.1,4.8,60.91,0,0,4,3,0.596,0,Low,2,0.00014778829
MRC03477,Construction,73,712,1,0,1,222408.26,30579.9,49,16,2.04,1128.98,6.55,-6.97,0.0,40,0,6,4,0.757,0,Low,1,0.00013556964
MRC03478,Agri-Allied,28,604,3,0,1,84492.7,12624.09,47,15,4.26,447.05,19.77,4.39,0.0,29,0,10,3,0.66,0,Low,0,0.00014075472
MRC03479,Agri-Allied,77,762,1,1,1,2681609.49,179742.23,36,12,0.0,18493.86,21.77,-1.2,61.03,30,0,1,4,0.536,0,Low,0,0.00015100162
MRC03480,Textile & Apparel,35,639,1,0,1,67120.3,2686.07,47,16,-2.13,355.13,9.12,-7.37,0.0,31,0,13,5,0.449,0,Low,6,4.9086524e-05
MRC03481,Retail Trader,41,703,1,1,1,1101003.72,67027.67,42,14,0.0,6514.81,6.35,10.1,62.51,31,1,8,3,0.854,0,Low,3,6.879068e-05
MRC03482,Agri-Allied,77,709,2,1,1,1931910.7,120824.46,50,18,-8.0,9611.5,20.82,3.66,36.03,28,0,5,3,0.868,0,Low,0,0.00011843678
MRC03483,Retail Trader,31,599,2,1,0,512822.39,53223.86,44,12,18.18,2897.3,17.81,8.62,43.2,0,0,0,4,0.714,0,Low,3,0.00010966313
MRC03484,Tech Services,85,485,3,1,1,327079.6,27638.35,50,16,4.0,1627.26,21.07,1.99,45.68,34,0,0,4,0.656,0,Low,5,7.862991e-05
MRC03485,Small Mfg,32,678,2,0,0,964544.2,115648.62,43,5,65.12,5575.4,48.31,30.02,0.0,0,1,20,1,0.174,1,High,4,0.9981135
MRC03486,Small Mfg,54,655,2,1,1,731022.56,81267.36,55,8,56.36,3307.79,45.72,37.37,96.98,3,2,51,2,0.004,1,High,4,0.9999125
MRC03487,Textile & Apparel,98,694,3,0,0,2431954.55,128091.37,62,21,-1.61,9766.89,24.26,-3.83,0.0,0,0,12,3,0.845,0,Low,6,0.00017647402
MRC03488,Retail Trader,72,631,2,1,1,31125.25,3795.82,36,11,8.33,214.66,20.6,11.18,53.78,25,0,11,5,0.948,0,Low,3,6.845309e-05
MRC03489,Retail Trader,59,615,2,1,1,242207.73,31528.19,53,17,3.77,1137.13,13.24,0.52,55.52,37,1,11,4,0.546,0,Low,3,6.40897e-05
MRC03490,Textile & Apparel,41,810,2,0,1,1431011.74,139939.67,50,14,16.0,7119.46,23.15,7.71,0.0,32,1,12,5,0.974,0,Low,6,9.294018e-05
MRC03491,Retail Trader,112,532,1,0,0,774936.94,108953.66,46,6,60.87,4188.85,49.22,50.86,0.0,0,3,52,2,0.078,1,High,3,0.9998598
MRC03492,Small Mfg,66,708,3,1,1,1798459.44,219022.25,38,13,-2.63,11754.64,11.16,7.56,45.83,31,2,8,4,0.627,0,Low,4,0.0009615697
MRC03493,Tech Services,102,604,1,1,0,998914.0,97295.69,44,14,4.55,5643.58,22.85,-8.91,30.42,0,0,5,5,0.671,0,Low,5,0.00010787928
MRC03494,Tech Services,96,623,2,0,1,620521.49,85508.84,52,7,59.62,2969.0,61.49,53.48,0.0,2,3,35,2,0.13,1,High,5,0.99986017
MRC03495,Small Mfg,54,624,2,1,1,507500.95,49758.74,46,17,-10.87,2743.25,9.29,9.67,58.83,34,0,6,5,0.807,0,Low,4,2.7761496e-05
MRC03496,Retail Trader,40,585,3,1,1,11876426.41,1042213.98,46,17,-10.87,64196.9,8.22,6.62,74.07,28,0,11,5,0.549,0,Low,3,0.00010132319
MRC03497,Tech Services,28,695,3,1,1,4601696.18,305154.97,58,21,-8.62,19749.77,12.13,-1.9,38.23,22,1,0,4,0.63,0,Low,5,9.818878e-05
MRC03498,Tech Services,37,761,2,1,1,1321933.66,178159.95,49,14,14.29,6710.32,16.25,11.06,59.6,25,0,13,4,0.51,0,Low,5,9.9330544e-05
MRC03499,Retail Trader,105,687,2,0,0,801433.01,28815.15,49,16,2.04,4068.19,19.4,9.19,0.0,0,0,3,5,0.805,0,Low,3,0.00019093293
MRC03500,Food & Beverages,65,658,1,1,1,1391313.83,113469.09,48,14,12.5,7208.88,23.06,1.33,58.75,50,2,2,4,0.916,0,Low,2,0.0005891892
MRC03501,Textile & Apparel,105,571,2,1,1,1967357.17,176794.06,54,7,61.11,9066.16,52.58,36.94,83.05,8,0,89,2,0.065,1,High,6,0.99926144
MRC03502,Food & Beverages,74,691,3,1,1,1205725.51,111068.28,47,16,-2.13,6379.5,16.57,-5.61,59.91,29,0,0,5,0.97,0,Low,2,0.00012756149
MRC03503,Construction,55,822,3,1,1,296067.83,31011.83,35,11,5.71,2099.77,16.09,2.2,62.64,29,0,0,4,0.301,0,Low,1,9.093853e-05
MRC03504,Retail Trader,4,619,3,1,0,6208394.72,532391.15,45,15,0.0,34300.52,14.17,9.59,53.53,0,0,3,3,0.835,0,Low,3,4.601896e-05
MRC03505,Tech Services,99,619,1,0,1,980139.19,52326.06,52,18,-3.85,4689.66,18.89,7.86,0.0,27,0,6,4,0.656,0,Low,5,4.5893576e-05
MRC03506,Small Mfg,10,605,3,1,1,8176019.99,1074351.69,51,8,52.94,39883.02,61.42,24.52,94.47,6,3,38,2,0.139,1,High,4,0.9997539
MRC03507,Construction,47,610,3,1,1,913078.36,96309.95,46,16,-4.35,4935.56,16.0,-4.89,46.37,31,0,11,5,0.549,0,Low,1,4.3853186e-05
MRC03508,Agri-Allied,75,430,1,0,1,543190.83,71464.58,42,15,-7.14,3214.15,23.07,-4.02,0.0,21,0,1,4,0.885,0,Low,0,0.00012208853
MRC03509,Food & Beverages,14,682,2,1,1,3839943.26,214597.74,50,17,-2.0,19104.2,22.21,-8.56,58.15,34,0,13,5,0.73,0,Low,2,0.00010046069
MRC03510,Retail Trader,38,582,2,0,1,1046984.15,107648.18,51,16,5.88,5107.24,16.55,-5.58,0.0,38,0,3,5,0.739,0,Low,3,8.0721555e-05
MRC03511,Textile & Apparel,12,521,2,1,1,856069.77,96601.13,40,12,10.0,5317.2,8.12,-9.68,40.46,24,0,4,5,0.317,0,Low,6,0.00011013398
MRC03512,Retail Trader,45,710,4,1,1,172743.47,12064.87,45,13,13.33,954.38,24.17,6.86,68.19,29,1,4,4,0.554,0,Low,3,0.00011074584
MRC03513,Construction,17,563,2,1,0,1610831.99,202307.18,44,14,4.55,9100.75,17.45,4.71,67.28,0,1,8,5,0.517,0,Low,1,9.850962e-05
MRC03514,Food & Beverages,80,622,2,1,1,403538.65,8202.38,39,13,0.0,2570.31,21.15,14.7,44.78,27,0,11,3,0.875,0,Low,2,4.2379324e-05
MRC03515,Tech Services,35,767,2,1,1,426194.27,41485.57,45,12,20.0,2354.66,6.1,9.07,33.86,24,0,1,3,0.898,0,Low,5,9.429109e-05
MRC03516,Construction,66,537,2,1,1,404878.13,40392.22,52,7,59.62,1937.22,41.34,41.72,77.07,10,1,58,1,0.177,1,High,1,0.9983917
MRC03517,Retail Trader,75,527,3,1,1,1235320.0,110437.12,43,15,-4.65,7140.58,18.87,7.7,50.31,33,1,5,4,0.979,0,Low,3,0.00010697617
MRC03518,Textile & Apparel,41,671,2,0,1,115560.38,11776.33,38,12,5.26,755.3,18.71,-9.7,0.0,28,0,8,4,0.529,0,Low,6,8.9226814e-05
MRC03519,Retail Trader,67,741,1,0,1,566360.22,23639.59,46,14,8.7,3061.41,7.2,14.65,0.0,36,0,2,5,0.837,0,Low,3,0.0001339972
MRC03520,Retail Trader,29,524,1,1,0,2365109.29,257847.98,36,10,16.67,16311.1,19.26,5.36,72.42,0,0,13,3,0.75,0,Low,3,0.00011360123
MRC03521,Retail Trader,18,682,1,1,1,163602.89,10413.74,35,4,65.71,1160.3,44.47,51.78,93.22,6,1,36,1,0.064,1,High,3,0.99985707
MRC03522,Agri-Allied,20,696,2,1,0,897577.51,70699.48,40,11,17.5,5575.02,6.12,2.46,60.03,0,0,1,5,0.725,0,Low,0,0.00015795097
MRC03523,Retail Trader,111,485,3,1,1,341916.11,21644.73,33,12,-9.09,2570.8,11.51,13.52,51.59,31,1,4,4,0.456,0,Low,3,0.000106087915
MRC03524,Retail Trader,14,713,1,1,0,449354.89,36672.62,55,18,1.82,2033.28,5.46,11.24,44.45,0,0,0,3,0.515,0,Low,3,0.00010243251
MRC03525,Retail Trader,34,720,1,0,1,5315739.59,535847.81,51,15,11.76,25930.44,8.19,-2.53,0.0,33,0,2,3,0.536,0,Low,3,8.111896e-05
MRC03526,Retail Trader,49,625,1,1,1,100650.86,12982.42,47,6,61.7,532.54,51.99,30.5,77.23,7,4,49,3,0.126,1,High,3,0.9996296
MRC03527,Construction,54,750,2,1,1,1828042.73,151447.05,42,14,0.0,10816.82,21.7,11.34,70.64,22,1,5,4,0.823,0,Low,1,0.00011480806
MRC03528,Food & Beverages,31,740,4,1,1,411056.55,25493.36,41,14,-2.44,2491.25,8.59,12.5,63.01,35,1,5,3,0.718,0,Low,2,0.000113603826
MRC03529,Construction,58,658,2,1,0,387241.27,32308.49,42,15,-7.14,2291.37,21.47,12.86,42.26,0,1,5,3,0.856,0,Low,1,5.1199615e-05
MRC03530,Textile & Apparel,104,613,2,1,0,192167.98,21050.94,38,11,13.16,1256.0,14.61,13.7,66.76,0,2,0,4,0.565,0,Low,6,0.00069414696
MRC03531,Retail Trader,42,572,2,1,1,1802489.94,117289.99,55,9,50.91,8156.06,67.34,59.76,90.86,4,1,89,2,0.178,1,High,3,0.9997031
MRC03532,Food & Beverages,58,646,1,1,1,579728.09,42816.79,43,14,2.33,3351.03,7.79,11.54,60.73,31,1,2,5,0.382,0,Low,2,5.236036e-05
MRC03533,Textile & Apparel,82,695,2,1,1,498219.84,46418.73,35,11,5.71,3533.47,6.07,-1.33,32.98,35,0,0,3,0.585,0,Low,6,0.000116151925
MRC03534,Textile & Apparel,30,624,2,1,0,832180.23,48450.53,36,11,8.33,5739.17,21.9,10.95,56.18,0,0,5,4,0.744,0,Low,6,3.9888786e-05
MRC03535,Retail Trader,25,474,2,0,1,594606.69,28054.14,54,15,16.67,2740.12,12.24,-1.31,0.0,37,1,9,3,0.437,0,Low,3,9.990316e-05
MRC03536,Retail Trader,63,751,3,0,1,66116.56,2529.02,50,16,4.0,328.94,14.14,5.21,0.0,23,0,11,3,0.777,0,Low,3,0.00019556073
MRC03537,Retail Trader,19,665,2,0,1,404744.38,26648.09,50,17,-2.0,2013.65,15.24,1.71,0.0,35,0,1,3,0.315,0,Low,3,6.2368235e-05
MRC03538,Textile & Apparel,72,619,2,1,1,2136178.56,56148.55,43,13,9.3,12347.85,21.5,12.32,48.21,28,0,0,5,0.421,0,Low,6,4.8620044e-05
MRC03539,Small Mfg,92,718,3,0,1,119618.2,11465.73,40,5,62.5,742.97,42.33,31.64,0.0,4,2,31,1,0.149,1,High,4,0.99990153
MRC03540,Retail Trader,8,771,4,1,0,197219.88,8454.46,46,15,2.17,1066.05,16.02,13.72,71.57,0,0,0,4,0.834,0,Low,3,0.0003347222
MRC03541,Retail Trader,95,425,2,1,0,437070.73,30184.68,48,17,-6.25,2264.62,13.61,1.55,64.95,0,0,5,5,0.416,0,Low,3,8.458562e-05
MRC03542,Food & Beverages,3,684,1,1,1,305361.59,16794.57,41,14,-2.44,1850.68,11.81,2.03,54.32,20,0,9,5,0.87,0,Low,2,5.594907e-05
MRC03543,Retail Trader,67,535,2,0,1,705412.08,71917.25,38,10,21.05,4610.54,11.96,10.7,0.0,20,0,9,4,0.741,0,Medium,3,0.00013884
MRC03544,Textile & Apparel,108,689,2,0,0,196478.42,25649.26,42,12,14.29,1162.59,23.61,6.65,0.0,0,1,6,3,0.551,0,Low,6,0.00025004725
MRC03545,Tech Services,86,660,1,0,1,457977.15,46864.41,39,2,84.62,2917.05,47.06,16.31,0.0,6,1,50,2,0.109,1,High,5,0.9969891
MRC03546,Retail Trader,81,700,1,1,1,688593.62,62335.38,44,14,4.55,3890.36,14.09,3.67,72.06,37,0,12,4,0.877,0,Low,3,0.00012837624
MRC03547,Retail Trader,100,610,1,1,1,1589179.65,170011.85,32,9,15.62,12319.22,14.86,3.97,48.19,19,0,0,3,0.715,0,Low,3,5.0694583e-05
MRC03548,Agri-Allied,17,500,2,1,0,3248640.84,77638.56,46,17,-10.87,17560.22,19.4,14.29,34.36,0,0,13,5,0.762,0,Low,0,0.000105616324
MRC03549,Textile & Apparel,14,613,2,1,1,532928.96,19169.35,43,16,-11.63,3080.51,15.38,13.16,47.06,38,0,13,4,0.336,0,Low,6,5.434391e-05
MRC03550,Agri-Allied,115,682,1,1,1,7029824.43,227348.32,46,16,-4.35,37999.05,17.42,-4.78,63.73,22,0,13,5,0.88,0,Low,0,0.00011228602
MRC03551,Food & Beverages,9,731,1,0,0,584969.22,19166.89,34,12,-5.88,4269.85,12.98,-2.33,0.0,0,0,9,5,0.667,0,Low,2,0.00016361268
MRC03552,Retail Trader,62,556,2,1,1,1972180.18,106227.31,39,11,15.38,12561.66,19.37,5.63,52.19,20,0,2,5,0.348,0,Low,3,0.000119120654
MRC03553,Small Mfg,94,732,1,1,1,7406061.03,660374.72,50,14,16.0,36846.07,14.32,13.48,67.06,30,0,12,4,0.397,0,Low,4,0.00012561007
MRC03554,Agri-Allied,21,598,1,1,1,862137.54,30096.02,39,4,69.23,5491.32,30.24,45.99,78.2,1,6,88,1,0.143,1,High,0,0.9991887
MRC03555,Retail Trader,76,678,2,0,1,140332.24,19866.15,44,14,4.55,792.84,21.34,8.32,0.0,29,0,3,5,0.8,0,Low,3,0.0001558028
MRC03556,Small Mfg,37,609,2,1,1,813486.51,106610.16,51,14,17.65,3968.23,20.31,-7.65,36.93,29,1,10,3,0.805,0,Low,4,3.9781622e-05
MRC03557,Retail Trader,96,664,1,0,1,350119.06,51227.24,48,17,-6.25,1814.09,17.55,3.07,0.0,30,0,8,4,0.69,0,Low,3,5.7451223e-05
MRC03558,Agri-Allied,11,721,2,1,1,524752.27,13394.3,47,15,4.26,2776.47,15.44,-6.31,48.51,39,0,6,5,0.998,0,Low,0,9.407042e-05
MRC03559,Retail Trader,20,551,1,1,1,7896832.27,1031976.35,50,17,-2.0,39287.72,9.17,-3.48,34.94,26,0,4,4,0.723,0,Low,3,9.2339906e-05
MRC03560,Textile & Apparel,35,595,2,1,0,168162.14,20933.74,38,5,60.53,1099.1,59.45,26.56,80.05,0,1,58,2,0.063,1,High,6,0.99708813
MRC03561,Textile & Apparel,53,664,1,1,1,1046079.77,143599.31,40,11,17.5,6497.39,6.94,-5.85,67.51,35,0,5,4,0.971,0,Low,6,6.709007e-05
MRC03562,Food & Beverages,47,842,1,0,1,254418.15,22549.78,57,19,0.0,1111.0,12.66,14.79,0.0,23,1,6,4,0.456,0,Low,2,0.00012505852
MRC03563,Retail Trader,110,580,2,1,1,504241.44,61732.05,46,4,73.91,2725.63,61.41,17.73,76.74,7,3,30,1,0.086,1,High,3,0.9998294
MRC03564,Textile & Apparel,75,813,2,0,1,1783005.18,47547.92,42,12,14.29,10550.33,16.91,4.14,0.0,34,1,7,5,0.432,0,Low,6,0.00014357975
MRC03565,Textile & Apparel,52,810,1,1,0,1068532.46,31910.77,36,13,-8.33,7369.19,13.77,-9.5,47.38,0,0,12,3,0.317,0,Low,6,0.00016524135
MRC03566,Small Mfg,8,642,1,1,1,556799.94,19715.84,51,15,11.76,2716.1,20.83,10.16,64.79,26,0,9,4,0.808,0,Low,4,4.164997e-05
MRC03567,Agri-Allied,4,626,3,1,1,334448.98,46462.51,50,4,76.0,1663.93,47.44,20.46,77.19,6,2,37,2,0.196,1,High,0,0.99703526
MRC03568,Small Mfg,27,594,2,1,1,1065861.37,29792.97,43,14,2.33,6161.05,8.78,-4.28,42.0,27,0,2,4,0.372,0,Low,4,0.000110336754
MRC03569,Food & Beverages,44,644,1,1,0,5661639.43,186944.15,37,11,10.81,37997.58,6.01,-9.1,31.66,0,0,5,5,0.67,0,Low,2,4.0843523e-05
MRC03570,Tech Services,40,537,2,1,0,247305.0,34858.47,39,13,0.0,1575.19,14.26,-3.14,50.52,0,2,10,4,0.535,0,Low,5,0.0005367054
MRC03571,Textile & Apparel,102,643,1,0,0,7231786.53,245598.96,48,17,-6.25,37470.4,10.75,5.71,0.0,0,1,10,5,0.407,0,Low,6,5.7292065e-05
MRC03572,Agri-Allied,47,769,2,1,1,3076788.58,409423.08,43,15,-4.65,17784.91,18.34,-9.62,54.54,38,0,6,3,0.94,0,Low,0,0.00010176871
MRC03573,Food & Beverages,94,601,1,1,1,3772407.84,462516.83,49,18,-10.2,19149.28,14.89,-8.12,46.99,24,0,10,5,0.411,0,Low,2,0.00010584035
MRC03574,Construction,44,630,1,1,0,1056126.85,26653.11,48,17,-6.25,5472.16,14.98,0.23,54.84,0,1,6,5,0.34,0,Low,1,4.2878775e-05
MRC03575,Tech Services,48,513,1,1,1,2973813.61,67922.38,41,15,-9.76,18023.11,12.1,-5.6,37.44,25,0,5,3,0.787,0,Low,5,7.093141e-05
MRC03576,Textile & Apparel,112,679,2,1,1,217380.05,19449.1,50,17,-2.0,1081.49,9.21,5.8,63.81,22,1,11,3,0.78,0,Low,6,0.00014271041
MRC03577,Retail Trader,91,671,1,1,0,327206.68,48960.85,61,19,6.56,1335.54,9.27,-5.63,60.62,0,1,11,5,0.471,0,Low,3,0.0002013506
MRC03578,Agri-Allied,85,655,1,0,1,1828445.26,245464.97,49,15,8.16,9281.45,12.74,14.84,0.0,27,1,1,4,0.642,0,Low,0,4.6289646e-05
MRC03579,Food & Beverages,52,632,1,1,1,1040294.15,62733.18,45,3,80.0,5747.48,66.91,38.57,79.68,4,2,18,3,0.121,1,High,2,0.9997149
MRC03580,Agri-Allied,84,626,1,1,1,610445.86,42865.63,40,3,77.5,3791.59,59.3,26.44,75.86,7,1,20,2,0.07,1,High,0,0.987356
MRC03581,Agri-Allied,68,690,2,1,1,36201.99,2549.63,45,16,-6.67,200.01,11.52,-8.15,70.18,23,0,5,3,0.607,0,Low,0,0.00014814171
MRC03582,Food & Beverages,11,647,1,0,1,432540.46,49933.87,46,16,-4.35,2338.06,13.5,0.51,0.0,29,0,9,5,0.479,0,Low,2,3.4983164e-05
MRC03583,Textile & Apparel,77,675,2,1,1,178284.43,11472.11,47,14,10.64,943.3,24.82,10.23,58.73,34,0,5,5,0.52,0,Low,6,0.00014368574
MRC03584,Tech Services,73,667,1,0,0,1318811.06,51715.35,51,18,-5.88,6433.22,6.82,0.97,0.0,0,1,11,5,0.694,0,Low,5,0.00013756908
MRC03585,Textile & Apparel,4,739,1,1,0,579892.35,67919.29,36,12,0.0,3999.26,10.89,-6.47,47.44,0,0,2,4,0.455,0,Low,6,0.00021541206
MRC03586,Textile & Apparel,76,704,2,0,1,343189.94,27298.02,49,5,69.39,1742.08,31.17,46.23,0.0,2,2,52,2,0.08,1,High,6,0.99982846
MRC03587,Textile & Apparel,73,665,4,1,0,17391507.65,521418.86,41,11,19.51,105403.08,24.49,-1.57,55.9,0,0,3,4,0.99,0,Low,6,0.00015599262
MRC03588,Food & Beverages,77,771,1,0,0,2535266.64,311094.44,42,12,14.29,15001.58,13.14,2.55,0.0,0,0,13,4,0.715,0,Low,2,0.00019846956
MRC03589,Retail Trader,48,683,1,0,1,2589684.39,248843.98,39,11,15.38,16494.81,16.34,-0.22,0.0,37,0,12,4,0.637,0,Low,3,6.8705915e-05
MRC03590,Retail Trader,26,754,2,1,1,10248666.66,856973.14,44,7,52.27,57902.07,41.75,49.91,95.31,5,0,28,1,0.195,1,High,3,0.99970895
MRC03591,Construction,102,698,3,0,0,1910031.21,205394.46,45,16,-6.67,10552.66,5.25,10.09,0.0,0,0,5,5,0.86,0,Low,1,0.00017452669
MRC03592,Retail Trader,106,502,4,0,0,289194.63,24783.34,46,13,15.22,1563.21,11.79,12.16,0.0,0,0,1,5,0.621,0,Low,3,9.281406e-05
MRC03593,Agri-Allied,77,754,2,0,1,251330.57,26212.43,48,5,68.75,1302.23,41.34,15.79,0.0,9,0,29,1,0.168,1,High,0,0.95902115
MRC03594,Agri-Allied,39,660,2,1,1,2321869.67,308282.79,40,13,2.5,14421.55,18.83,-1.12,51.05,29,1,13,5,0.635,0,Low,0,6.0674658e-05
MRC03595,Agri-Allied,92,645,2,1,1,61622.04,6147.22,52,19,-9.62,294.84,20.08,1.21,40.24,32,0,2,3,0.839,0,Low,0,6.870526e-05
MRC03596,Small Mfg,58,672,2,0,1,664416.47,70260.76,38,4,68.42,4342.59,33.24,22.87,0.0,4,1,48,1,0.153,1,High,4,0.9959615
MRC03597,Retail Trader,19,622,2,1,0,53887.33,5378.03,51,17,0.0,262.87,7.31,-4.5,55.0,0,1,5,4,0.922,0,Low,3,5.7948026e-05
MRC03598,Agri-Allied,88,668,3,0,0,821274.11,73137.23,59,10,49.15,3465.29,41.25,19.6,0.0,0,4,22,2,0.198,1,High,0,0.9976382
MRC03599,Textile & Apparel,83,602,2,1,0,2032717.86,86098.64,40,14,-5.0,12625.58,20.75,6.24,39.07,0,0,8,3,0.685,0,Low,6,0.000106916006
MRC03600,Small Mfg,113,751,2,1,0,1019985.17,64909.91,38,14,-10.53,6666.57,13.72,6.41,51.32,0,0,6,4,0.937,0,Low,4,0.00022312088
MRC03601,Retail Trader,77,640,2,1,1,2248404.09,247558.66,52,16,7.69,10757.91,23.94,-1.67,37.44,36,0,7,5,0.741,0,Low,3,5.402154e-05
MRC03602,Agri-Allied,77,619,2,1,1,7708177.45,580517.44,35,12,-2.86,54667.93,23.87,5.04,69.68,35,0,9,5,0.438,0,Low,0,5.7993413e-05
MRC03603,Retail Trader,58,576,2,0,1,614002.25,44697.38,48,14,12.5,3181.36,7.83,-5.06,0.0,28,0,5,4,0.526,0,Low,3,0.00011342588
MRC03604,Retail Trader,28,671,2,0,1,21192988.21,2515713.81,53,18,-1.89,99497.6,18.82,-5.26,0.0,30,0,0,4,0.589,0,Low,3,9.136052e-05
MRC03605,Retail Trader,117,664,1,1,0,941475.82,19511.1,54,3,83.33,4338.6,46.58,45.98,85.51,0,3,77,2,0.125,1,High,3,0.9999536
MRC03606,Retail Trader,66,681,1,0,0,2278432.07,246684.21,37,13,-5.41,15291.49,13.07,-0.51,0.0,0,1,10,5,0.643,0,Low,3,0.00014289124
MRC03607,Food & Beverages,10,567,2,0,1,350362.9,29290.14,38,11,13.16,2289.95,21.83,3.61,0.0,36,0,1,4,0.959,0,Low,2,9.3660834e-05
MRC03608,Textile & Apparel,86,521,3,0,1,5091977.27,351240.19,49,6,63.27,25847.6,60.61,50.53,0.0,5,4,55,1,0.023,1,High,6,0.9999144
MRC03609,Tech Services,77,700,1,1,1,2546046.29,163633.78,57,20,-5.26,11118.11,5.67,-4.1,71.37,28,0,13,5,0.319,0,Low,5,0.00012588993
MRC03610,Construction,58,768,2,1,1,4264099.43,181112.57,42,15,-7.14,25231.36,9.81,9.5,69.72,26,0,12,4,0.806,0,Low,1,0.00016280003
MRC03611,Agri-Allied,73,567,1,0,1,778718.82,49411.87,53,18,-1.89,3655.96,6.73,9.85,0.0,34,0,9,4,0.72,0,Low,0,0.00010198554
MRC03612,Retail Trader,97,777,1,0,0,161700.14,11462.02,48,16,0.0,837.82,13.16,10.91,0.0,0,0,10,5,0.411,0,Low,3,0.00032977556
MRC03613,Textile & Apparel,14,672,4,1,0,1267398.49,97422.84,44,15,-2.27,7160.44,18.93,11.36,66.57,0,0,4,4,0.927,0,Low,6,0.0001607057
MRC03614,Food & Beverages,112,649,3,0,0,95184.86,10222.77,51,4,76.47,464.32,59.14,15.77,0.0,0,2,67,2,0.063,1,High,2,0.99798906
MRC03615,Textile & Apparel,84,618,1,1,1,487271.64,38477.03,52,18,-3.85,2331.44,19.38,10.22,60.08,30,0,4,5,0.831,0,Low,6,4.1054318e-05
MRC03616,Retail Trader,15,539,2,0,0,917397.86,113314.19,38,2,84.21,5996.06,48.48,22.41,0.0,0,2,37,1,0.086,1,High,3,0.9995503
MRC03617,Agri-Allied,96,729,1,1,1,12643694.0,1304398.57,46,14,8.7,68344.29,10.31,-8.69,67.87,32,0,8,3,0.629,0,Low,0,0.00011883283
MRC03618,Food & Beverages,33,587,4,1,1,1069025.81,47729.46,50,19,-14.0,5318.54,6.14,7.23,49.0,29,1,12,4,0.453,0,Low,2,9.9616154e-05
MRC03619,Food & Beverages,17,587,1,0,1,862374.55,48321.01,47,14,10.64,4562.83,23.83,-5.03,0.0,31,1,3,4,0.356,0,Low,2,0.00011144545
MRC03620,Retail Trader,24,729,1,1,0,676279.07,20492.87,34,9,20.59,4936.34,7.37,1.29,66.37,0,0,10,4,0.911,0,Medium,3,0.00021539543
MRC03621,Small Mfg,30,499,2,1,1,145727.09,20830.79,40,12,10.0,905.14,8.56,-5.9,50.44,31,0,2,4,0.342,0,Low,4,0.00013932073
MRC03622,Retail Trader,62,528,3,1,1,808544.51,109356.91,59,17,13.56,3411.58,5.5,-0.21,34.69,37,0,11,5,0.344,0,Low,3,0.00012930787
MRC03623,Retail Trader,13,648,1,1,0,825264.49,25602.6,57,18,5.26,3603.78,11.34,12.12,52.7,0,0,0,5,0.461,0,Low,3,6.417844e-05
MRC03624,Tech Services,62,673,2,0,0,228129.75,21587.89,44,13,11.36,1288.87,21.38,5.33,0.0,0,1,13,4,0.706,0,Low,5,0.00022110331
MRC03625,Retail Trader,47,688,1,0,1,175589.69,25434.56,46,15,2.17,949.13,11.64,-6.3,0.0,34,1,4,3,0.958,0,Low,3,9.1165144e-05
MRC03626,Retail Trader,112,625,3,0,0,409263.79,47936.48,47,16,-2.13,2165.42,18.32,8.14,0.0,0,0,13,5,0.503,0,Low,3,3.272014e-05
MRC03627,Retail Trader,16,852,1,0,1,788525.14,66185.32,50,3,82.0,3923.01,52.36,36.4,0.0,5,3,67,3,0.097,1,High,3,0.9999379
MRC03628,Tech Services,66,631,3,1,1,421230.3,21627.39,44,14,4.55,2379.83,22.85,-5.84,65.0,29,0,13,4,0.724,0,Low,5,4.592028e-05
MRC03629,Food & Beverages,81,631,2,1,0,206684.65,11631.14,46,13,15.22,1117.21,8.6,8.6,57.86,0,0,10,5,0.972,0,Low,2,8.7516186e-05
MRC03630,Small Mfg,96,586,1,1,1,1032121.24,119427.71,45,16,-6.67,5702.33,12.18,3.73,30.29,24,0,2,4,0.654,0,Low,4,0.000104194645
MRC03631,Food & Beverages,43,659,4,1,1,1392540.3,169158.53,34,12,-5.88,10164.53,20.02,5.11,67.59,25,1,12,4,0.313,0,Low,2,4.598794e-05
MRC03632,Retail Trader,8,699,4,1,0,843704.21,74861.99,45,14,6.67,4661.35,24.55,13.48,35.46,0,1,5,3,0.655,0,Low,3,0.0001956482
MRC03633,Textile & Apparel,116,746,2,1,0,371171.96,13259.5,49,17,-4.08,1884.12,19.32,-9.09,63.2,0,0,7,5,0.346,0,Low,6,0.00015874213
MRC03634,Textile & Apparel,3,530,1,0,1,1489288.77,210589.73,44,15,-2.27,8414.06,10.04,5.97,0.0,35,0,1,4,0.818,0,Low,6,8.9801884e-05
MRC03635,Retail Trader,12,630,2,1,0,580331.78,75338.18,49,15,8.16,2945.85,7.66,-7.96,73.71,0,0,0,5,0.377,0,Low,3,8.560619e-05
MRC03636,Agri-Allied,84,685,2,1,0,175097.73,6701.0,54,16,11.11,806.9,14.9,9.74,70.52,0,0,3,4,0.338,0,Low,0,0.00024065295
MRC03637,Tech Services,16,696,2,0,0,2529401.39,69241.32,46,4,73.91,13672.44,36.31,37.71,0.0,0,2,73,1,0.134,1,High,5,0.9998802
MRC03638,Retail Trader,78,650,2,0,0,1114826.81,99958.49,53,8,54.72,5233.93,59.56,25.0,0.0,0,0,59,3,0.107,1,High,3,0.9943632
MRC03639,Textile & Apparel,80,693,1,1,1,632130.81,35992.61,49,18,-10.2,3208.79,17.69,-9.35,32.68,23,1,3,4,0.547,0,Low,6,0.00010408095
MRC03640,Retail Trader,59,585,2,1,1,110717.52,6291.24,37,14,-13.51,743.07,15.3,13.89,66.39,28,0,3,5,0.354,0,Low,3,0.00017597144
MRC03641,Retail Trader,117,774,2,0,1,298393.29,9351.29,41,4,70.73,1808.44,67.78,25.52,0.0,7,1,88,2,0.024,1,High,3,0.9969562
MRC03642,Tech Services,49,729,1,1,1,8221628.44,1183422.5,36,12,0.0,56700.89,8.07,13.09,65.02,22,0,1,5,0.531,0,Low,5,7.966177e-05
MRC03643,Agri-Allied,63,542,2,1,1,119370.76,15270.1,50,16,4.0,593.88,5.39,13.49,66.89,21,0,1,4,0.818,0,Low,0,0.00017120385
MRC03644,Agri-Allied,62,563,2,1,0,539490.72,18773.47,45,16,-6.67,2980.61,9.39,2.5,43.81,0,1,1,5,0.342,0,Low,0,0.00010804904
MRC03645,Food & Beverages,107,566,2,0,0,715256.92,95814.27,42,14,0.0,4232.29,22.75,14.42,0.0,0,0,6,3,0.686,0,Low,2,0.00012923466
MRC03646,Retail Trader,49,704,1,0,1,1071502.2,116562.6,38,6,52.63,7003.28,63.43,25.38,0.0,5,1,19,1,0.123,1,High,3,0.99448365
MRC03647,Agri-Allied,51,547,2,1,1,120981.74,7538.05,52,4,76.92,578.86,56.05,54.67,85.36,6,2,88,2,0.116,1,High,0,0.9999131
MRC03648,Textile & Apparel,118,623,1,1,1,898975.9,119799.84,50,16,4.0,4472.52,19.84,10.32,38.62,30,0,11,3,0.727,0,Low,6,4.6321704e-05
MRC03649,Small Mfg,33,686,2,1,0,96439.72,9426.3,34,12,-5.88,703.94,13.14,7.81,50.22,0,0,6,4,0.412,0,Low,4,0.00020637977
MRC03650,Construction,30,644,2,0,0,819881.06,106852.7,39,11,15.38,5222.17,20.84,-6.65,0.0,0,0,12,4,0.758,0,Low,1,6.2171384e-05
MRC03651,Food & Beverages,59,670,2,1,1,333408.08,27007.67,45,5,66.67,1842.03,36.53,53.78,85.42,5,6,76,2,0.14,1,High,2,0.9999378
MRC03652,Textile & Apparel,76,564,1,0,1,258062.45,21957.15,44,14,4.55,1457.98,8.05,2.12,0.0,30,0,9,4,0.547,0,Low,6,0.00013276693
MRC03653,Food & Beverages,15,697,2,1,1,1986292.89,114869.91,26,7,19.23,18917.08,6.56,11.35,70.62,41,0,8,3,0.991,0,Low,2,0.00011567124
MRC03654,Retail Trader,82,600,4,1,0,549779.47,38704.5,55,18,1.82,2487.69,9.84,10.47,30.81,0,1,1,4,0.451,0,Low,3,0.00011032739
MRC03655,Retail Trader,92,624,1,1,1,1287809.11,120806.5,52,14,19.23,6161.77,7.93,13.56,53.86,32,0,3,4,0.556,0,Low,3,4.3075703e-05
MRC03656,Retail Trader,23,669,3,0,0,1340016.24,191780.04,44,4,72.73,7570.71,53.48,26.04,0.0,0,2,62,2,0.039,1,High,3,0.9998248
MRC03657,Textile & Apparel,78,658,2,0,0,3348235.96,328178.38,40,4,70.0,20796.5,60.0,39.8,0.0,0,3,81,2,0.163,1,High,6,0.99976724
MRC03658,Agri-Allied,94,651,2,1,1,171114.93,6700.72,45,13,13.33,945.39,15.32,-0.57,40.71,20,1,13,4,0.837,0,Low,0,7.009681e-05
MRC03659,Small Mfg,97,589,1,1,1,2197473.38,45948.08,52,17,1.92,10514.23,20.12,9.4,57.44,26,0,3,3,0.81,0,Low,4,0.00010010753
MRC03660,Tech Services,45,626,1,1,1,743968.48,97183.43,54,19,-5.56,3428.43,18.54,5.06,74.42,33,0,1,5,0.391,0,Low,5,4.8535083e-05
MRC03661,Agri-Allied,62,650,3,1,1,463355.8,31212.71,54,6,66.67,2135.28,32.54,32.07,80.31,6,4,22,1,0.037,1,High,0,0.999747
MRC03662,Agri-Allied,79,539,1,1,1,183670.63,11193.91,49,14,14.29,932.34,6.54,-9.89,38.82,28,1,5,5,0.519,0,Low,0,0.00013533457
MRC03663,Retail Trader,71,612,1,1,1,1510436.19,187437.65,50,16,4.0,7514.61,23.24,5.18,52.08,19,1,12,5,0.88,0,Low,3,4.9966915e-05
MRC03664,Retail Trader,15,681,2,1,0,241187.66,34465.08,37,13,-5.41,1618.71,17.44,0.51,56.89,0,0,3,3,0.519,0,Low,3,0.000105374085
MRC03665,Agri-Allied,116,547,1,0,1,1357788.6,159195.09,37,12,2.7,9112.68,19.13,-1.69,0.0,36,0,3,4,0.86,0,Low,0,0.00010057744
MRC03666,Textile & Apparel,106,742,2,1,1,7373454.86,314110.29,35,11,5.71,52294.01,12.72,14.72,32.71,28,0,6,4,0.353,0,Low,6,0.0001493631
MRC03667,Food & Beverages,46,751,2,0,0,2364252.47,167576.27,40,15,-12.5,14684.8,9.83,7.51,0.0,0,0,8,5,0.597,0,Low,2,0.00015390058
MRC03668,Retail Trader,64,550,3,1,1,3873701.97,459892.92,40,11,17.5,24060.26,15.61,3.5,72.51,31,0,11,4,0.354,0,Low,3,0.00014338888
MRC03669,Retail Trader,102,758,2,0,1,307796.54,42445.25,36,3,75.0,2122.73,45.98,39.1,0.0,4,3,16,3,0.106,1,High,3,0.9998023
MRC03670,Textile & Apparel,46,638,1,1,1,1821698.12,272923.18,43,13,9.3,10530.05,21.0,-4.32,48.86,42,0,11,4,0.958,0,Low,6,3.386384e-05
MRC03671,Retail Trader,56,683,1,1,1,184783.85,15984.34,42,15,-7.14,1093.4,18.09,5.5,55.98,24,0,8,4,0.776,0,Low,3,0.00011526879
MRC03672,Retail Trader,118,610,2,1,0,551182.1,69960.57,45,12,20.0,3045.2,20.23,11.52,44.14,0,1,5,3,0.762,0,Low,3,5.696585e-05
MRC03673,Small Mfg,44,723,1,1,1,5894477.58,153622.54,51,4,76.47,28753.55,38.12,44.42,85.26,8,4,75,1,0.088,1,High,4,0.99970967
MRC03674,Retail Trader,75,682,4,0,1,351719.53,20103.31,45,16,-6.67,1943.2,16.56,-4.1,0.0,30,0,4,4,0.448,0,Low,3,7.396556e-05
MRC03675,Small Mfg,29,584,2,1,0,2767977.37,189043.84,50,15,10.0,13771.03,17.01,-7.93,42.72,0,1,13,5,0.862,0,Low,4,9.762022e-05
MRC03676,Textile & Apparel,95,556,1,0,1,2467648.13,362295.41,49,17,-4.08,12526.13,20.68,14.81,0.0,35,0,13,4,0.689,0,Low,6,0.0001109599
MRC03677,Retail Trader,62,533,3,0,1,2648991.34,54148.49,47,17,-8.51,14015.83,9.51,4.52,0.0,25,0,3,5,0.613,0,Low,3,0.00011283664
MRC03678,Textile & Apparel,89,665,1,0,0,159467.85,9574.88,54,15,16.67,734.87,18.63,2.24,0.0,0,1,1,3,0.502,0,Low,6,0.0001986424
MRC03679,Food & Beverages,52,695,1,0,1,1369890.21,193090.95,54,20,-11.11,6312.86,16.05,-1.54,0.0,33,1,13,3,0.462,0,Low,2,7.112269e-05
MRC03680,Textile & Apparel,54,702,2,1,1,604454.53,36187.59,49,15,8.16,3068.3,14.9,1.24,31.53,37,0,9,4,0.324,0,Low,6,8.522045e-05
MRC03681,Food & Beverages,88,640,3,1,0,2693080.41,132657.58,50,6,64.0,13398.41,54.42,57.08,82.72,0,0,33,2,0.024,1,High,2,0.9997048
MRC03682,Retail Trader,57,557,2,1,1,100107.46,11503.5,39,11,15.38,637.63,10.44,12.92,67.26,23,1,13,5,0.329,0,Low,3,0.00016705004
MRC03683,Food & Beverages,83,595,1,0,1,1134094.92,132568.96,46,17,-10.87,6130.24,5.74,-7.38,0.0,24,0,6,3,0.434,0,Low,2,0.00010530608
MRC03684,Retail Trader,66,742,1,0,0,957087.64,77890.78,52,19,-9.62,4579.37,20.18,-2.51,0.0,0,0,4,5,0.531,0,Low,3,0.00023462881
MRC03685,Small Mfg,22,611,1,0,1,66960.62,9582.02,47,17,-8.51,354.29,23.32,-5.27,0.0,21,1,7,4,0.955,0,Low,4,6.16476e-05
MRC03686,Agri-Allied,20,661,1,0,0,252078.44,11684.32,52,17,1.92,1206.12,14.62,0.89,0.0,0,1,1,5,0.511,0,Low,0,0.00015764251
MRC03687,Tech Services,33,563,1,0,0,81130.75,11256.41,40,6,55.0,503.92,61.29,43.85,0.0,0,3,84,3,0.166,1,High,5,0.99962676
MRC03688,Textile & Apparel,72,676,2,0,0,305093.52,36066.95,38,12,5.26,1994.08,16.11,8.03,0.0,0,0,5,4,0.426,0,Low,6,0.000108841065
MRC03689,Retail Trader,25,613,3,1,1,1409943.94,95688.78,46,13,15.22,7621.32,23.61,11.89,56.15,26,0,2,4,0.334,0,Low,3,6.045772e-05
MRC03690,Retail Trader,46,733,1,1,1,922127.42,115171.98,41,5,63.41,5588.65,62.54,42.86,87.9,7,1,86,2,0.121,1,High,3,0.9998667
MRC03691,Food & Beverages,73,711,1,1,1,893838.24,33354.72,41,15,-9.76,5417.2,9.1,2.22,69.82,32,0,5,5,0.515,0,Low,2,0.0001173984
MRC03692,Agri-Allied,98,610,3,0,0,209462.97,7755.94,42,14,0.0,1239.43,22.4,4.39,0.0,0,1,10,4,0.452,0,Low,0,6.687347e-05
MRC03693,Food & Beverages,57,639,2,1,1,2798350.21,394264.7,48,15,6.25,14499.22,21.01,12.21,34.86,29,2,12,4,0.933,0,Low,2,0.00054530887
MRC03694,Retail Trader,87,605,3,1,0,713128.13,23049.35,59,20,-1.69,3008.98,12.96,6.21,55.82,0,0,10,4,0.494,0,Low,3,0.00012776564
MRC03695,Textile & Apparel,5,536,1,0,0,759522.01,15593.25,49,15,8.16,3855.44,21.84,9.68,0.0,0,0,11,5,0.364,0,Low,6,0.000114514165
MRC03696,Retail Trader,55,581,1,0,0,2254591.77,159115.48,48,4,75.0,11681.82,53.67,42.34,0.0,0,2,30,1,0.078,1,High,3,0.99979216
MRC03697,Construction,61,665,2,0,0,221989.44,7436.79,46,13,15.22,1199.94,20.99,13.09,0.0,0,0,3,4,0.865,0,Low,1,0.00020903631
MRC03698,Small Mfg,89,676,2,0,1,959586.1,126852.24,44,5,65.91,5421.39,60.14,41.54,0.0,7,0,36,3,0.002,1,High,4,0.9998697
MRC03699,Construction,8,661,2,1,0,1212451.61,169682.79,51,15,11.76,5914.4,12.59,-1.47,34.66,0,1,1,5,0.711,0,Low,1,0.00012700137
MRC03700,Retail Trader,16,625,2,0,0,379010.13,31349.99,42,4,71.43,2242.66,48.57,44.06,0.0,0,1,57,2,0.115,1,High,3,0.99866235
MRC03701,Small Mfg,118,724,1,1,1,1595739.87,120177.24,34,10,11.76,11647.74,7.53,1.69,50.62,31,1,10,3,0.503,0,Low,4,9.878853e-05
MRC03702,Small Mfg,48,655,2,0,0,1293093.29,116475.52,41,13,4.88,7836.93,9.07,11.18,0.0,0,0,8,4,0.705,0,Low,4,5.21837e-05
MRC03703,Textile & Apparel,109,706,2,1,1,646021.42,31916.88,45,15,0.0,3569.18,15.67,12.64,32.28,30,1,13,4,0.538,0,Low,6,0.00011226428
MRC03704,Food & Beverages,116,508,1,0,1,622450.22,36559.96,50,16,4.0,3096.77,22.62,7.13,0.0,32,0,4,4,0.649,0,Low,2,0.00011674477
MRC03705,Construction,61,336,2,1,1,1367175.09,45290.45,45,12,20.0,7553.45,7.6,7.97,30.61,37,2,7,4,0.672,0,Low,1,0.00085469615
MRC03706,Tech Services,15,672,2,0,1,1878840.23,146621.9,46,14,8.7,10155.89,16.29,-6.47,0.0,29,0,3,3,0.677,0,Low,5,8.901138e-05
MRC03707,Food & Beverages,65,536,1,0,1,786603.75,78282.73,54,17,5.56,3624.9,20.06,-1.9,0.0,25,0,2,5,0.688,0,Low,2,0.00010410715
MRC03708,Retail Trader,22,633,1,1,0,2797473.8,394245.42,48,15,6.25,14494.68,19.87,3.94,44.09,0,1,12,4,0.377,0,Low,3,5.5689146e-05
MRC03709,Textile & Apparel,3,625,1,1,1,1607564.98,186605.36,52,17,1.92,7691.7,17.56,-9.91,63.23,22,0,13,5,0.861,0,Low,6,4.0802024e-05
MRC03710,Construction,102,776,1,0,1,85292.62,9723.21,45,15,0.0,471.23,23.82,11.18,0.0,37,1,2,5,0.647,0,Low,1,0.0001807156
MRC03711,Retail Trader,54,681,2,1,1,135147.76,8114.25,51,15,11.76,659.26,14.64,-0.76,51.39,28,0,7,5,0.42,0,Low,3,0.00010560273
MRC03712,Small Mfg,14,663,3,1,1,3013709.48,408291.72,56,20,-7.14,13394.26,22.6,8.08,60.13,30,1,9,5,0.875,0,Low,4,0.00010065524
MRC03713,Small Mfg,36,716,1,1,0,542461.42,77628.53,55,16,12.73,2454.58,17.39,9.23,41.18,0,0,9,5,0.831,0,Low,4,0.00012874868
MRC03714,Small Mfg,82,679,1,1,0,888252.2,125416.04,43,14,2.33,5134.41,19.75,3.7,54.93,0,0,8,3,0.88,0,Low,4,0.00017696487
MRC03715,Construction,111,613,4,1,0,2862335.97,71685.47,41,14,-2.44,17347.49,14.3,9.76,34.5,0,0,3,3,0.945,0,Low,1,5.0709765e-05
MRC03716,Textile & Apparel,105,735,1,0,1,723826.17,71344.35,44,4,72.73,4089.41,43.42,34.75,0.0,8,3,78,3,0.086,1,High,6,0.9996816
MRC03717,Textile & Apparel,82,561,1,0,1,762777.1,79038.4,45,14,6.67,4214.24,7.18,-1.0,0.0,34,0,1,5,0.747,0,Low,6,0.000103866194
MRC03718,Retail Trader,67,675,1,0,1,257178.31,15008.53,45,16,-6.67,1420.87,18.65,10.4,0.0,25,0,8,4,0.517,0,Low,3,0.00012580713
MRC03719,Textile & Apparel,10,526,2,1,0,1137101.92,169443.63,56,19,-1.79,5053.79,12.53,5.9,53.1,0,1,6,4,0.923,0,Low,6,0.00011091272
MRC03720,Retail Trader,49,666,1,1,0,1474478.11,85305.0,52,7,59.62,7054.92,30.09,50.84,76.75,0,2,62,1,0.058,1,High,3,0.9995009
MRC03721,Textile & Apparel,103,665,2,1,1,364594.77,17558.71,39,7,46.15,2322.26,55.37,36.6,82.08,5,0,48,2,0.179,1,High,6,0.9995297
MRC03722,Food & Beverages,111,784,1,1,1,241246.46,20008.72,34,10,11.76,1760.92,20.73,6.9,36.87,33,1,2,4,0.939,0,Low,2,8.23893e-05
MRC03723,Construction,65,524,1,1,0,17048062.28,1057136.01,39,12,7.69,108586.38,15.19,-2.88,64.56,0,1,7,5,0.713,0,Low,1,9.141943e-05
MRC03724,Retail Trader,91,601,1,1,0,652463.08,91425.63,41,7,48.78,3954.32,34.68,55.04,95.83,0,4,76,2,0.008,1,High,3,0.99992394
MRC03725,Textile & Apparel,57,715,2,1,1,321119.69,24793.64,58,7,63.79,1378.2,30.97,42.56,83.25,6,1,16,2,0.117,1,High,6,0.99913365
MRC03726,Tech Services,27,676,2,1,0,1703003.02,124863.23,42,13,7.14,10076.94,13.31,3.82,64.1,0,0,4,3,0.749,0,Low,5,0.00015042046
MRC03727,Retail Trader,75,664,1,0,1,686284.24,69563.2,55,18,1.82,3105.36,23.73,-1.42,0.0,26,1,10,5,0.735,0,Low,3,9.443398e-05
MRC03728,Retail Trader,113,573,1,1,1,198209.62,6054.29,36,4,66.67,1366.96,63.57,25.15,87.78,4,3,61,1,0.038,1,High,3,0.9998584
MRC03729,Retail Trader,5,602,2,1,1,1302328.39,154163.49,45,14,6.67,7195.18,19.94,4.53,41.1,34,0,4,3,0.564,0,Low,3,0.000101267455
MRC03730,Small Mfg,71,749,3,1,1,262040.63,31416.53,48,15,6.25,1357.72,9.82,1.76,70.26,34,1,2,4,0.82,0,Low,4,0.00018114809
MRC03731,Retail Trader,83,645,1,1,1,4836730.83,394790.21,50,18,-8.0,24063.34,12.26,-9.49,56.64,32,0,11,4,0.596,0,Low,3,4.6338537e-05
MRC03732,Construction,57,680,2,1,0,1320347.55,190447.9,47,13,17.02,6985.97,21.98,5.18,68.8,0,0,10,4,0.82,0,Low,1,0.00016778325
MRC03733,Textile & Apparel,93,640,1,1,1,523212.77,49869.55,41,11,19.51,3170.99,5.46,5.56,43.73,26,2,7,4,0.49,0,Low,6,0.00052960264
MRC03734,Agri-Allied,15,555,1,1,1,831691.14,91802.68,52,17,1.92,3979.38,20.63,-5.47,61.0,37,0,1,4,0.485,0,Low,0,0.00010957627
MRC03735,Retail Trader,99,724,1,0,1,2156389.27,302249.97,40,12,10.0,13393.72,13.08,-1.69,0.0,33,0,7,4,0.568,0,Low,3,0.000104193554
MRC03736,Agri-Allied,111,690,2,0,1,911779.54,97218.4,51,6,64.71,4447.71,37.16,31.66,0.0,4,0,58,2,0.2,1,High,0,0.9993874
MRC03737,Small Mfg,101,834,1,1,0,9309364.14,708790.6,39,2,84.62,59295.31,34.65,46.26,93.85,0,1,62,2,0.175,1,High,4,0.9997379
MRC03738,Food & Beverages,119,568,3,1,0,2850602.75,66191.72,42,15,-7.14,16867.47,15.54,0.88,58.55,0,0,3,4,0.884,0,Low,2,0.00010366305
MRC03739,Food & Beverages,76,715,2,1,1,1309464.51,150167.96,40,13,2.5,8133.32,19.03,13.4,55.96,28,0,6,4,0.973,0,Low,2,0.000108894106
MRC03740,Agri-Allied,30,545,3,1,1,236952.97,34460.68,44,4,72.73,1338.72,35.21,47.71,97.65,6,0,23,2,0.016,1,High,0,0.9997539
MRC03741,Tech Services,20,662,1,1,1,611539.16,49614.52,42,12,14.29,3618.57,18.87,-7.56,48.49,28,1,1,3,0.732,0,Low,5,8.506026e-05
MRC03742,Food & Beverages,37,728,1,0,1,1295814.44,83152.31,50,14,16.0,6446.84,14.01,11.47,0.0,31,1,1,3,0.97,0,Low,2,6.940353e-05
MRC03743,Food & Beverages,3,484,4,1,1,271730.57,23777.44,40,12,10.0,1687.77,11.42,-6.26,39.54,27,0,2,5,0.891,0,Low,2,7.2236224e-05
MRC03744,Retail Trader,73,633,2,1,1,3443890.16,395003.31,45,16,-6.67,19027.02,21.91,-5.63,34.34,31,0,6,4,0.64,0,Low,3,5.2066585e-05
MRC03745,Retail Trader,41,604,3,1,0,226615.76,4552.66,42,15,-7.14,1340.92,15.42,-8.12,66.06,0,0,8,4,0.712,0,Low,3,0.00012164891
MRC03746,Retail Trader,39,593,1,1,1,339533.93,45951.68,39,4,69.23,2162.64,33.76,18.54,79.3,4,5,82,3,0.141,1,High,3,0.9989262
MRC03747,Small Mfg,26,680,1,1,1,371476.53,50233.72,48,5,68.75,1924.75,33.04,23.59,93.06,4,2,48,2,0.131,1,High,4,0.9995809
MRC03748,Textile & Apparel,2,739,2,1,0,1780828.66,160931.23,45,16,-6.67,9838.83,17.88,8.84,36.03,0,1,5,3,0.306,0,Low,6,0.00020150136
MRC03749,Textile & Apparel,23,639,1,0,1,277638.83,9969.8,38,12,5.26,1814.63,10.57,-9.33,0.0,33,0,9,3,0.408,0,Low,6,2.8146436e-05
MRC03750,Tech Services,23,666,2,0,1,84122.4,9029.26,46,14,8.7,454.72,22.31,-5.55,0.0,38,0,6,3,0.389,0,Low,5,0.00012913905
MRC03751,Tech Services,85,659,1,0,1,2691600.63,102065.32,44,13,11.36,15206.78,10.47,5.53,0.0,24,0,1,4,0.568,0,Low,5,4.8747068e-05
MRC03752,Tech Services,16,650,1,0,1,427939.22,36794.7,57,4,78.95,1868.73,52.91,20.6,0.0,2,2,61,1,0.094,1,High,5,0.9993774
MRC03753,Textile & Apparel,9,562,1,0,1,202357.42,6510.22,47,14,10.64,1070.67,6.48,-8.72,0.0,34,0,8,5,0.539,0,Low,6,0.00012286693
MRC03754,Small Mfg,13,738,1,0,1,294834.58,28474.68,36,5,58.33,2033.34,56.63,42.54,0.0,3,1,38,2,0.092,1,High,4,0.9992792
MRC03755,Retail Trader,28,673,1,1,0,5723638.71,351139.58,43,14,2.33,33084.62,22.25,8.96,49.34,0,0,5,4,0.667,0,Low,3,0.00012859801
MRC03756,Retail Trader,27,681,2,1,1,331554.53,42448.56,49,14,14.29,1683.02,9.61,-1.03,59.75,39,1,13,3,0.577,0,Low,3,6.111722e-05
MRC03757,Retail Trader,51,585,1,1,1,629045.12,77997.19,58,16,17.24,2699.76,7.17,3.41,59.3,28,0,10,5,0.823,0,Low,3,6.732374e-05
MRC03758,Textile & Apparel,64,613,1,1,1,426640.9,63911.49,30,9,10.0,3525.96,12.05,-0.64,43.42,19,0,12,4,1.0,0,Low,6,5.2402167e-05
MRC03759,Textile & Apparel,52,635,3,1,1,166176.37,8886.35,44,15,-2.27,938.85,19.27,1.38,52.48,34,1,4,4,0.448,0,Low,6,4.436738e-05
MRC03760,Food & Beverages,81,527,2,1,1,299161.17,8386.73,48,17,-6.25,1550.06,11.79,4.9,52.36,37,0,12,3,0.862,0,Low,2,7.046643e-05
MRC03761,Retail Trader,38,514,1,1,0,153072.95,11877.0,46,16,-4.35,827.42,11.19,-0.04,35.91,0,0,13,5,0.684,0,Low,3,0.000110709
MRC03762,Food & Beverages,100,601,2,0,0,2296869.19,70841.04,46,16,-4.35,12415.51,14.76,5.52,0.0,0,0,11,4,0.32,0,Low,2,0.00010356179
MRC03763,Agri-Allied,65,691,3,1,1,823282.66,35569.9,45,14,6.67,4548.52,5.42,1.63,35.37,33,1,6,4,0.906,0,Low,0,0.000118949836
MRC03764,Textile & Apparel,18,597,1,1,1,14349322.9,1401197.3,47,3,80.85,75922.34,48.06,30.6,93.87,10,1,63,2,0.039,1,High,6,0.99949205
MRC03765,Agri-Allied,63,568,1,1,1,311547.51,30212.95,51,16,5.88,1519.74,24.8,-3.44,32.5,20,1,9,4,0.661,0,Low,0,0.00015066478
MRC03766,Textile & Apparel,51,584,2,0,1,260242.12,6670.67,37,11,10.81,1746.59,20.99,-5.72,0.0,32,1,11,4,0.93,0,Low,6,5.249019e-05
MRC03767,Small Mfg,9,613,1,1,1,4595148.92,356480.71,48,15,6.25,23809.06,6.41,-9.66,62.83,38,0,13,4,0.795,0,Low,4,4.9235892e-05
MRC03768,Textile & Apparel,13,621,2,0,1,2596233.86,230879.0,35,11,5.71,18413.01,18.1,5.05,0.0,28,0,9,5,0.535,0,Low,6,4.1810425e-05
MRC03769,Retail Trader,40,823,4,0,0,1157436.29,63477.45,46,14,8.7,6256.41,14.22,14.52,0.0,0,1,3,5,1.0,0,Low,3,0.00017580976
MRC03770,Retail Trader,55,734,3,1,1,191677.62,25563.2,45,15,0.0,1058.99,21.52,0.51,43.47,31,1,12,5,0.731,0,Low,3,0.00010519859
MRC03771,Agri-Allied,109,731,1,1,0,5920879.27,242417.52,43,15,-4.65,34224.74,6.97,-4.68,39.32,0,1,2,4,0.958,0,Low,0,0.00014477083
MRC03772,Tech Services,79,743,1,1,0,668957.77,35459.6,47,14,10.64,3539.46,9.65,-9.67,61.27,0,0,8,3,0.842,0,Low,5,0.0002525402
MRC03773,Textile & Apparel,43,570,4,1,1,435038.51,17579.59,45,14,6.67,2403.53,20.82,2.82,32.33,29,1,5,3,0.501,0,Low,6,7.032478e-05
MRC03774,Food & Beverages,44,552,2,1,1,2874966.8,101058.14,39,13,0.0,18311.89,21.98,14.82,41.8,25,0,7,5,0.387,0,Low,2,9.612964e-05
MRC03775,Small Mfg,110,561,1,1,1,710160.2,95351.29,37,10,18.92,4766.18,15.59,14.59,60.98,33,0,13,4,0.85,0,Low,4,0.00012495088
MRC03776,Construction,68,756,2,0,0,180087.1,10106.79,35,12,-2.86,1277.21,5.39,-7.47,0.0,0,0,7,5,0.464,0,Low,1,0.00032468123
MRC03777,Food & Beverages,33,606,1,0,0,765560.19,87218.84,43,7,51.16,4425.2,46.7,58.74,0.0,0,2,19,2,0.071,1,High,2,0.999566
MRC03778,Agri-Allied,24,549,1,1,0,285609.69,21602.86,41,15,-9.76,1730.97,12.66,-5.67,73.9,0,0,4,4,0.434,0,Low,0,7.397656e-05
MRC03779,Small Mfg,36,615,3,1,1,19708.21,2023.31,46,14,8.7,106.53,5.79,10.23,48.21,32,0,0,4,0.713,0,Low,4,5.7386012e-05
MRC03780,Tech Services,115,630,1,0,1,253203.24,35616.3,58,17,12.07,1086.71,21.38,11.34,0.0,35,0,2,5,0.952,0,Low,5,6.5101754e-05
MRC03781,Textile & Apparel,105,671,1,0,1,387208.01,50259.22,56,19,-1.79,1720.92,13.36,-9.81,0.0,29,0,10,4,0.56,0,Low,6,5.885362e-05
MRC03782,Textile & Apparel,10,670,1,1,1,182266.63,5279.94,45,15,0.0,1007.0,8.8,-4.07,60.89,29,0,11,5,0.543,0,Low,6,0.00010558703
MRC03783,Retail Trader,100,583,2,1,1,1454679.03,188928.37,49,14,14.29,7384.16,21.03,-8.59,53.15,35,1,5,5,0.306,0,Low,3,0.00012068691
MRC03784,Food & Beverages,20,704,1,1,1,286949.84,22593.59,37,13,-5.41,1925.84,14.15,2.47,44.58,32,0,3,5,0.869,0,Low,2,5.5784876e-05
MRC03785,Food & Beverages,105,598,2,1,0,1295116.8,84854.69,46,7,54.35,7000.63,64.95,43.99,79.55,0,1,62,1,0.121,1,High,2,0.9998266
MRC03786,Retail Trader,109,637,2,0,0,166045.37,17835.0,52,15,13.46,794.48,21.46,5.65,0.0,0,0,2,4,0.843,0,Low,3,9.994957e-05
MRC03787,Agri-Allied,108,704,3,1,1,2171790.94,311710.69,45,16,-6.67,11998.84,15.45,3.96,35.21,30,0,7,4,0.835,0,Low,0,0.00012240584
MRC03788,Agri-Allied,75,598,1,1,1,157663.92,5082.71,43,7,51.16,911.35,43.45,34.27,93.93,2,2,59,3,0.103,1,High,0,0.99992454
MRC03789,Retail Trader,12,604,3,0,1,43921.69,5264.01,40,15,-12.5,272.81,24.28,1.55,0.0,28,0,1,4,0.597,0,Low,3,0.00015796527
MRC03790,Construction,62,697,1,1,1,3219430.7,149562.01,29,4,58.62,27516.5,57.16,43.76,92.95,0,0,20,1,0.043,1,High,1,0.9998505
MRC03791,Retail Trader,18,581,2,1,0,261170.16,18129.83,45,16,-6.67,1442.93,24.88,-5.81,59.07,0,1,5,4,0.414,0,Low,3,0.0001766459
MRC03792,Retail Trader,94,619,1,1,1,6006272.33,802419.92,44,14,4.55,33933.74,5.12,8.28,41.74,30,0,12,5,0.435,0,Low,3,4.402389e-05
MRC03793,Small Mfg,108,694,1,0,1,1436198.54,130627.85,54,16,11.11,6618.43,14.68,6.13,0.0,27,0,12,3,0.37,0,Low,4,0.000110828354
MRC03794,Food & Beverages,112,814,2,1,1,1882885.47,54169.42,45,6,60.0,10402.68,56.14,17.35,90.06,6,3,61,1,0.078,1,High,2,0.9999254
MRC03795,Retail Trader,101,698,1,1,1,2557567.07,220069.21,38,11,13.16,16716.12,23.13,-1.36,69.8,24,0,4,5,0.493,0,Low,3,0.00012284186
MRC03796,Small Mfg,63,687,1,1,0,835023.56,102418.52,51,17,0.0,4073.29,20.61,-4.59,56.3,0,0,9,5,0.854,0,Low,4,0.00017056154
MRC03797,Agri-Allied,84,692,1,0,0,846500.86,75130.74,41,12,12.2,5130.31,10.11,6.27,0.0,0,0,0,5,0.327,0,Low,0,0.00017185742
MRC03798,Retail Trader,25,564,2,1,0,3394299.72,141527.37,50,15,10.0,16887.06,9.87,12.82,41.57,0,3,9,3,0.574,0,Low,3,0.0011260574
MRC03799,Retail Trader,12,659,1,1,0,833701.08,64908.08,45,14,6.67,4606.08,12.13,14.4,58.53,0,1,8,4,0.624,0,Low,3,6.521248e-05
MRC03800,Agri-Allied,21,647,1,0,0,304427.36,42670.03,42,15,-7.14,1801.35,7.21,2.02,0.0,0,2,5,5,0.508,0,Low,0,0.0005069874
MRC03801,Textile & Apparel,25,675,1,0,1,1473145.21,155514.81,40,13,2.5,9149.97,18.39,0.64,0.0,26,1,11,4,0.976,0,Low,6,7.9755715e-05
MRC03802,Construction,11,659,2,1,1,57735.52,6632.96,41,5,63.41,349.91,51.08,46.62,99.85,5,3,36,2,0.017,1,High,1,0.999813
MRC03803,Food & Beverages,64,680,1,0,1,3553595.84,434149.01,52,5,71.15,17002.85,65.33,47.52,0.0,1,1,51,1,0.023,1,High,2,0.9998062
MRC03804,Construction,73,625,1,1,1,3643761.06,115835.69,46,15,2.17,19696.01,15.67,-3.62,55.01,27,0,12,4,0.575,0,Low,1,3.920203e-05
MRC03805,Retail Trader,50,654,1,0,0,3071879.05,293670.88,48,3,81.25,15916.47,50.69,55.53,0.0,0,2,89,1,0.039,1,High,3,0.9998154
MRC03806,Construction,62,551,1,0,1,2933557.34,202031.09,47,14,10.64,15521.47,16.85,-1.37,0.0,35,0,8,3,0.932,0,Low,1,9.496215e-05
MRC03807,Textile & Apparel,89,624,2,1,1,659336.7,25114.59,46,15,2.17,3563.98,19.21,11.89,64.74,27,0,7,4,0.968,0,Low,6,4.9406768e-05
MRC03808,Textile & Apparel,99,761,2,0,0,641767.35,29747.36,48,15,6.25,3325.22,20.9,-2.93,0.0,0,0,12,4,0.826,0,Low,6,0.00025905177
MRC03809,Retail Trader,116,675,3,1,1,166780.17,20272.27,51,8,52.94,813.56,67.77,16.39,87.74,3,1,72,2,0.19,1,High,3,0.99855715
MRC03810,Retail Trader,96,648,1,1,1,5942553.62,243606.57,49,5,69.39,30165.25,39.3,38.91,89.73,2,3,29,1,0.192,1,High,3,0.9997224
MRC03811,Small Mfg,49,801,4,1,1,407574.16,24704.87,41,3,78.05,2470.15,66.97,26.09,95.92,4,0,24,3,0.031,1,High,4,0.99898785
MRC03812,Textile & Apparel,14,541,1,1,1,1096750.61,62551.56,60,21,-5.0,4550.83,22.99,-3.63,49.06,29,3,7,5,0.453,0,Low,6,0.0008992566
MRC03813,Retail Trader,1,561,4,1,0,989400.36,26042.94,38,6,52.63,6466.67,51.06,25.52,98.48,0,2,45,2,0.045,1,High,3,0.9998042
MRC03814,Small Mfg,81,787,1,0,1,146019.72,11693.35,45,15,0.0,806.74,5.87,2.76,0.0,32,0,12,4,0.905,0,Low,4,0.00018352119
MRC03815,Retail Trader,25,653,2,1,0,89894.31,10748.74,49,15,8.16,456.32,18.38,5.29,55.49,0,0,10,5,0.946,0,Low,3,9.022333e-05
MRC03816,Agri-Allied,59,630,1,0,0,734322.76,16801.19,38,13,-2.63,4799.5,14.1,14.05,0.0,0,0,10,4,0.496,0,Low,0,6.044112e-05
MRC03817,Textile & Apparel,72,554,1,1,1,423154.51,14654.56,48,15,6.25,2192.51,17.35,-0.05,60.47,31,0,13,4,0.576,0,Low,6,5.988793e-05
MRC03818,Food & Beverages,69,685,3,1,1,655186.87,74445.13,50,6,64.0,3259.64,33.22,29.47,79.34,4,2,47,1,0.17,1,High,2,0.9998211
MRC03819,Food & Beverages,5,693,2,1,1,2619512.41,254526.31,53,6,66.04,12298.18,31.39,47.56,81.27,4,2,33,3,0.034,1,High,2,0.9999207
MRC03820,Agri-Allied,105,562,4,0,1,955445.48,107948.32,41,12,12.2,5790.58,22.39,4.84,0.0,36,1,0,5,0.581,0,Low,0,0.0001289144
MRC03821,Textile & Apparel,99,638,2,0,1,1812517.01,90469.09,50,17,-2.0,9017.5,23.2,-8.64,0.0,27,0,7,5,0.357,0,Low,6,5.648215e-05
MRC03822,Textile & Apparel,19,623,2,1,1,1244685.93,154950.88,60,17,15.0,5164.67,17.14,12.81,47.57,30,0,5,4,0.378,0,Low,6,4.6286554e-05
MRC03823,Food & Beverages,23,670,1,0,1,499018.76,41110.78,39,13,0.0,3178.46,22.88,-4.29,0.0,29,0,2,4,0.546,0,Low,2,9.469648e-05
MRC03824,Textile & Apparel,9,560,4,1,1,219221.12,21777.26,49,14,14.29,1112.8,20.29,1.83,59.35,37,1,12,4,0.913,0,Low,6,0.00013501993
MRC03825,Retail Trader,118,750,2,1,1,1002153.2,32048.8,56,18,3.57,4454.01,9.05,8.8,58.16,24,0,8,5,0.783,0,Low,3,0.00015302406
MRC03826,Retail Trader,94,723,2,0,1,806670.97,37634.51,42,12,14.29,4773.2,5.71,3.06,0.0,29,0,2,5,0.344,0,Low,3,0.00013431611
MRC03827,Agri-Allied,50,620,1,0,1,2187319.99,263651.95,49,18,-10.2,11103.15,5.2,-9.89,0.0,25,0,10,4,0.739,0,Low,0,3.0088688e-05
MRC03828,Agri-Allied,16,632,2,1,0,608602.07,29887.29,42,13,7.14,3601.2,16.73,13.73,71.0,0,0,9,4,0.482,0,Low,0,6.883563e-05
MRC03829,Food & Beverages,33,639,3,1,0,510522.58,16351.47,45,12,20.0,2820.57,15.43,-9.49,52.13,0,0,3,3,0.403,0,Low,2,6.188828e-05
MRC03830,Retail Trader,2,587,1,0,1,553823.18,54073.32,43,14,2.33,3201.29,18.93,-7.75,0.0,34,0,8,4,0.806,0,Low,3,0.000100297
MRC03831,Textile & Apparel,14,614,1,0,1,242202.16,22096.53,42,5,64.29,1433.15,55.14,27.39,0.0,5,4,44,1,0.174,1,High,6,0.99624676
MRC03832,Food & Beverages,110,628,1,0,1,4140354.35,410003.6,35,12,-2.86,29364.22,8.29,4.97,0.0,31,1,5,4,0.764,0,Low,2,4.434788e-05
MRC03833,Food & Beverages,1,779,2,0,1,2863497.98,287437.11,44,7,52.27,16177.95,35.96,27.1,0.0,7,1,80,1,0.009,1,High,2,0.99411607
MRC03834,Textile & Apparel,90,725,1,1,0,170137.84,14466.08,46,14,8.7,919.66,6.96,13.07,48.47,0,1,2,4,0.573,0,Low,6,0.00021775857
MRC03835,Textile & Apparel,58,724,1,1,1,1914061.09,161145.97,44,14,4.55,10813.9,22.66,6.28,71.55,32,1,5,4,0.684,0,Low,6,0.00011667621
MRC03836,Textile & Apparel,89,679,1,1,1,79697.53,11168.93,50,9,46.0,396.51,51.78,49.51,97.73,3,1,72,3,0.041,1,High,6,0.9998765
MRC03837,Construction,16,560,2,1,1,2379371.84,212726.85,59,20,-1.69,10039.54,18.94,7.8,60.52,39,1,1,4,0.392,0,Low,1,0.00011239228
MRC03838,Retail Trader,79,646,1,0,1,316278.82,31706.64,42,14,0.0,1871.47,11.0,7.17,0.0,32,0,6,4,0.334,0,Low,3,3.1805343e-05
MRC03839,Construction,90,727,1,1,0,1123411.58,61457.38,43,15,-4.65,6493.71,6.87,10.31,68.72,0,1,11,4,0.961,0,Low,1,0.00015957272
MRC03840,Small Mfg,47,549,4,1,1,72012.02,9595.03,52,19,-9.62,344.56,20.56,-1.5,71.19,27,0,4,5,0.786,0,Low,4,0.00011969088
MRC03841,Agri-Allied,44,700,4,1,1,173087.91,4010.08,44,16,-9.09,977.9,9.36,-4.47,59.67,34,0,10,3,0.669,0,Low,0,0.000108009895
MRC03842,Retail Trader,80,835,1,1,1,1280093.35,118331.16,58,9,53.45,5493.96,48.66,57.26,76.84,3,3,76,1,0.131,1,High,3,0.9999417
MRC03843,Agri-Allied,14,734,2,1,1,314553.73,21987.48,43,13,9.3,1818.23,15.62,-8.78,36.64,31,0,7,5,0.933,0,Low,0,6.568237e-05
MRC03844,Textile & Apparel,93,763,2,1,1,266211.01,26223.79,37,11,10.81,1786.65,18.71,14.18,30.31,28,1,0,4,0.716,0,Low,6,8.526166e-05
MRC03845,Retail Trader,24,667,1,0,1,3894337.13,260228.82,37,11,10.81,26136.49,14.75,8.49,0.0,24,0,8,4,0.643,0,Low,3,8.35588e-05
MRC03846,Small Mfg,111,727,1,1,1,10356770.86,1173416.22,41,15,-9.76,62768.31,18.89,-4.66,47.9,36,0,11,4,0.895,0,Low,4,0.00010370696
MRC03847,Construction,55,592,2,1,0,2245450.49,50843.93,47,17,-8.51,11880.69,21.28,-3.61,33.59,0,0,8,5,0.806,0,Low,1,7.457394e-05
MRC03848,Agri-Allied,15,713,1,1,1,196760.65,14317.41,41,14,-2.44,1192.49,19.26,14.82,42.54,35,0,7,4,0.391,0,Low,0,0.00012334129
MRC03849,Small Mfg,83,702,1,1,0,6053960.23,775295.99,45,13,13.33,33447.29,10.99,9.2,51.09,0,0,12,4,0.395,0,Low,4,0.0001750213
MRC03850,Retail Trader,72,673,3,1,1,112003.04,5883.08,51,16,5.88,546.36,22.89,0.64,65.26,32,0,7,5,0.8,0,Low,3,0.00014465395
MRC03851,Textile & Apparel,34,755,2,1,1,506161.09,13594.28,40,6,55.0,3143.86,68.6,31.26,78.06,4,3,43,2,0.064,1,High,6,0.99989176
MRC03852,Retail Trader,2,606,2,1,1,778974.29,65860.82,45,13,13.33,4303.73,14.31,-8.99,59.53,34,0,11,4,0.509,0,Low,3,5.569409e-05
MRC03853,Small Mfg,27,635,1,1,0,7339970.73,1078603.93,43,14,2.33,42427.58,16.5,6.73,31.94,0,0,5,3,0.423,0,Low,4,5.6969322e-05
MRC03854,Construction,74,657,2,1,0,2180775.19,61804.51,41,13,4.88,13216.82,14.66,9.5,73.31,0,1,7,5,0.919,0,Low,1,7.143809e-05
MRC03855,Small Mfg,99,567,1,1,0,418106.21,12169.96,55,17,7.27,1891.88,20.1,-7.31,73.73,0,0,4,5,0.488,0,Low,4,7.772303e-05
MRC03856,Retail Trader,87,668,2,0,0,234697.44,22851.35,41,15,-9.76,1422.41,13.41,-9.94,0.0,0,2,13,4,0.452,0,Low,3,0.0017078917
MRC03857,Textile & Apparel,113,512,2,1,0,2428128.09,127498.1,44,13,11.36,13718.24,20.53,-1.06,59.59,0,0,8,4,0.946,0,Low,6,0.000111448215
MRC03858,Agri-Allied,72,733,2,1,1,384603.9,28203.03,55,9,50.91,1740.29,42.4,29.29,98.43,4,1,25,1,0.049,1,High,0,0.99981564
MRC03859,Textile & Apparel,92,653,1,1,1,946085.39,121066.7,50,16,4.0,4706.89,10.54,13.09,73.67,31,0,0,4,0.968,0,Low,6,5.9636655e-05
MRC03860,Food & Beverages,23,608,2,0,1,140965.18,6463.3,52,15,13.46,674.47,6.92,11.99,0.0,25,0,13,4,0.906,0,Low,2,6.659683e-05
MRC03861,Food & Beverages,68,583,3,1,0,1444262.58,163936.79,34,12,-5.88,10542.06,22.02,7.21,63.99,0,2,8,4,0.877,0,Low,2,0.000920201
MRC03862,Small Mfg,14,631,2,0,1,1311174.91,112214.44,43,15,-4.65,7579.05,8.38,10.35,0.0,36,0,0,4,0.597,0,Low,4,4.6681827e-05
MRC03863,Textile & Apparel,63,705,1,1,0,164399.7,22628.71,38,5,60.53,1074.51,38.8,28.25,98.03,0,2,75,1,0.125,1,High,6,0.99975544
MRC03864,Retail Trader,117,693,2,0,0,2515413.43,368470.49,45,15,0.0,13897.31,13.05,-3.87,0.0,0,0,11,5,0.797,0,Low,3,0.00017245526
MRC03865,Retail Trader,106,593,1,1,1,1419329.27,117868.06,42,5,64.29,8398.4,57.17,45.66,97.51,6,2,68,3,0.09,1,High,3,0.9999515
MRC03866,Textile & Apparel,93,582,3,0,0,1772726.13,170189.01,45,16,-6.67,9794.07,9.41,-5.46,0.0,0,1,12,4,0.51,0,Low,6,0.000107760425
MRC03867,Textile & Apparel,65,702,2,0,1,463047.8,54157.85,42,4,71.43,2739.93,38.99,57.71,0.0,5,2,36,2,0.184,1,High,6,0.9998313
MRC03868,Small Mfg,68,592,1,1,1,904147.41,55539.64,59,17,13.56,3814.97,19.98,13.25,55.7,30,0,10,4,0.376,0,Low,4,0.000121590696
MRC03869,Small Mfg,63,654,1,0,1,787055.97,38940.57,41,6,56.1,4770.04,39.77,34.93,0.0,4,2,15,2,0.157,1,High,4,0.9998024
MRC03870,Retail Trader,96,659,1,1,1,610598.87,88786.62,50,18,-8.0,3037.81,5.93,1.75,66.0,27,0,7,4,0.904,0,Low,3,5.5531647e-05
MRC03871,Textile & Apparel,97,674,3,1,0,895022.32,68236.5,41,6,56.1,5424.38,60.04,17.97,97.39,0,4,78,2,0.064,1,High,6,0.9998171
MRC03872,Retail Trader,113,718,1,1,1,3294389.96,66569.1,44,13,11.36,18612.37,7.7,6.29,34.79,48,1,3,4,0.927,0,Low,3,0.0001001779
MRC03873,Retail Trader,90,548,2,0,0,2649657.03,341549.74,42,12,14.29,15678.44,14.99,-1.79,0.0,0,0,11,5,0.698,0,Low,3,0.00011054938
MRC03874,Food & Beverages,81,497,3,1,0,176622.01,17301.25,50,16,4.0,878.72,11.96,-2.98,64.57,0,1,10,5,0.95,0,Low,2,0.0001542245
MRC03875,Retail Trader,103,604,1,0,0,2379693.32,99739.17,57,9,52.63,10391.67,32.74,45.71,0.0,0,2,64,1,0.107,1,High,3,0.99985933
MRC03876,Textile & Apparel,87,794,1,1,1,3046098.19,72857.06,48,17,-6.25,15782.89,23.96,13.68,51.22,33,0,11,3,0.581,0,Low,6,0.00013730016
MRC03877,Retail Trader,64,811,2,1,1,608399.36,35221.89,39,14,-7.69,3875.16,24.13,-4.93,34.4,31,0,5,4,0.373,0,Low,3,0.00017262866
MRC03878,Tech Services,32,796,2,0,1,1342624.08,188806.94,47,16,-2.13,7103.83,16.28,-4.12,0.0,28,0,9,5,0.671,0,Low,5,0.00011737186
MRC03879,Agri-Allied,116,634,1,1,1,1319550.89,186523.6,49,14,14.29,6698.23,8.76,0.48,58.85,24,0,0,3,0.891,0,Low,0,4.797794e-05
MRC03880,Retail Trader,79,507,1,0,1,263034.39,15895.29,41,4,70.73,1594.15,46.3,25.55,0.0,5,0,31,2,0.097,1,High,3,0.9923482
MRC03881,Agri-Allied,13,462,2,1,1,461230.16,59346.96,47,15,4.26,2440.37,23.57,-5.82,35.95,26,0,6,3,0.334,0,Low,0,0.00010749779
MRC03882,Food & Beverages,66,600,3,1,1,1795819.98,139068.11,47,7,55.32,9501.69,33.9,48.23,87.85,10,2,60,1,0.095,1,High,2,0.9998056
MRC03883,Construction,19,634,1,1,1,402324.12,42270.11,38,12,5.26,2629.57,7.75,11.02,67.2,32,1,10,5,0.851,0,Low,1,3.7597452e-05
MRC03884,Retail Trader,24,754,1,1,1,2351583.46,149273.12,43,14,2.33,13592.97,18.87,-4.15,36.94,28,1,10,4,0.876,0,Low,3,0.000115305615
MRC03885,Tech Services,109,719,1,1,1,3491936.21,304065.37,50,4,76.0,17372.82,50.9,41.2,98.19,3,1,49,2,0.019,1,High,5,0.9998803
MRC03886,Construction,88,668,3,1,1,2877424.58,167441.16,35,13,-11.43,20407.27,5.03,12.67,63.17,31,0,2,3,0.398,0,Low,1,0.00012785108
MRC03887,Tech Services,11,578,1,1,1,7847970.52,219310.49,48,15,6.25,40663.06,22.07,9.69,60.51,35,1,9,5,0.945,0,Low,5,9.699389e-05
MRC03888,Small Mfg,59,573,3,1,0,654169.17,24936.38,49,16,2.04,3320.66,18.21,7.47,35.44,0,1,0,5,0.314,0,Low,4,0.00013199351
MRC03889,Small Mfg,86,670,1,1,0,902244.92,52138.64,38,11,13.16,5897.03,8.91,-7.82,71.84,0,0,2,3,0.476,0,Low,4,0.00017804961
MRC03890,Textile & Apparel,15,705,3,1,1,1071741.72,157452.78,49,15,8.16,5440.31,5.06,12.48,51.31,35,2,11,5,0.433,0,Low,6,0.0007773056
MRC03891,Food & Beverages,10,681,2,0,1,678420.44,98735.53,52,19,-9.62,3246.03,24.45,-2.37,0.0,23,0,8,4,0.521,0,Low,2,0.00011065907
MRC03892,Agri-Allied,41,567,2,0,1,1398086.07,178390.52,52,15,13.46,6689.41,20.09,-4.71,0.0,22,0,6,4,0.919,0,Low,0,7.738121e-05
MRC03893,Small Mfg,27,702,1,0,1,93578.43,4700.05,40,12,10.0,581.23,12.3,2.19,0.0,26,2,10,3,0.311,0,Low,4,0.00077313144
MRC03894,Textile & Apparel,60,684,2,1,0,932744.38,72202.14,56,8,57.14,4145.53,58.46,24.16,76.67,0,1,48,2,0.13,1,High,6,0.9950395
MRC03895,Food & Beverages,73,564,1,0,1,139675.34,10778.99,54,18,0.0,643.67,15.78,14.86,0.0,32,1,4,5,0.551,0,Low,2,0.00014008324
MRC03896,Food & Beverages,52,587,1,1,1,229774.13,16154.62,51,7,58.82,1120.85,44.32,16.22,89.32,7,1,53,1,0.103,1,High,2,0.9986847
MRC03897,Retail Trader,28,705,1,1,1,1757614.01,45406.97,33,9,18.18,13215.14,8.46,13.89,57.63,26,0,2,4,0.917,0,Low,3,8.810669e-05
MRC03898,Food & Beverages,65,631,3,1,0,574388.06,51401.16,54,3,83.33,2646.95,38.03,33.5,89.83,0,2,76,1,0.187,1,High,2,0.99981374
MRC03899,Agri-Allied,17,777,2,1,1,1684766.22,49642.58,44,6,59.09,9518.45,31.36,52.63,84.44,4,2,68,2,0.066,1,High,0,0.9999356
MRC03900,Food & Beverages,95,690,2,0,0,559650.68,69536.28,48,14,12.5,2899.74,24.72,-3.11,0.0,0,0,0,4,0.608,0,Low,2,0.0001661281
MRC03901,Textile & Apparel,44,611,2,1,1,2751584.76,302316.42,40,4,70.0,17090.59,60.12,20.45,78.54,4,1,26,3,0.131,1,High,6,0.962905
MRC03902,Textile & Apparel,10,649,1,1,1,547492.01,36055.53,42,14,0.0,3239.6,16.06,9.57,41.58,28,1,1,5,0.926,0,Low,6,4.1952007e-05
MRC03903,Tech Services,63,655,3,1,1,69849.47,7273.27,40,12,10.0,433.85,13.61,-6.89,33.88,31,0,1,4,0.341,0,Low,5,7.120406e-05
MRC03904,Retail Trader,101,591,2,1,1,955959.76,48079.82,43,14,2.33,5525.78,9.75,-5.63,61.74,34,0,1,4,0.605,0,Low,3,0.000121833604
MRC03905,Food & Beverages,93,576,2,0,1,54033.97,2943.91,38,11,13.16,353.16,16.9,5.36,0.0,30,0,0,4,0.91,0,Low,2,0.00016001062
MRC03906,Agri-Allied,82,706,2,1,0,127610.11,7763.46,53,3,83.02,599.11,50.39,23.51,91.52,0,3,81,2,0.022,1,High,0,0.99981683
MRC03907,Agri-Allied,47,717,4,0,1,252827.87,31252.43,36,10,16.67,1743.64,18.78,2.39,0.0,37,2,8,5,0.549,0,Low,0,0.00065488636
MRC03908,Textile & Apparel,38,698,3,1,0,217672.87,10315.49,57,19,0.0,950.54,5.13,-9.12,40.85,0,0,0,4,0.806,0,Low,6,0.00017318015
MRC03909,Agri-Allied,103,771,2,0,0,379245.5,35331.1,50,15,10.0,1886.79,19.04,6.72,0.0,0,1,2,3,0.79,0,Low,0,0.000145303
MRC03910,Textile & Apparel,113,606,1,1,1,208880.71,9621.2,49,8,51.02,1060.31,51.45,26.33,87.68,7,2,28,1,0.029,1,High,6,0.9994487
MRC03911,Retail Trader,70,783,2,0,1,134976.61,7701.07,49,16,2.04,685.16,7.3,11.87,0.0,36,1,2,4,0.724,0,Low,3,0.00019211446
MRC03912,Retail Trader,104,577,2,1,1,4639897.78,234837.14,39,14,-7.69,29553.49,20.11,-8.16,73.39,25,0,13,5,0.521,0,Low,3,0.00013364844
MRC03913,Retail Trader,76,568,1,0,0,323264.63,33571.23,48,18,-12.5,1674.95,21.46,4.78,0.0,0,1,6,3,0.7,0,Low,3,6.960881e-05
MRC03914,Construction,53,509,1,1,1,50165.3,4438.36,47,14,10.64,265.42,10.52,-7.4,37.19,22,0,12,3,0.335,0,Low,1,0.00010830384
MRC03915,Construction,78,614,1,1,1,473022.37,53815.23,27,2,77.78,4339.65,48.46,25.04,77.61,3,3,72,3,0.136,1,High,1,0.9993843
MRC03916,Textile & Apparel,44,609,2,0,0,189155.13,9191.55,41,14,-2.44,1146.39,6.94,5.26,0.0,0,2,12,5,0.335,0,Low,6,0.000555954
MRC03917,Small Mfg,119,692,1,0,1,252215.42,5344.27,33,9,18.18,1896.36,17.98,4.31,0.0,32,1,2,3,0.489,0,Low,4,6.5815046e-05
MRC03918,Textile & Apparel,74,669,1,1,0,1710696.2,185552.79,49,14,14.29,8683.74,15.21,-7.65,45.54,0,0,0,4,0.389,0,Low,6,0.00014515067
MRC03919,Small Mfg,54,554,2,0,1,426006.91,14880.85,46,16,-4.35,2302.74,22.0,-1.0,0.0,38,0,10,4,0.674,0,Low,4,7.065133e-05
MRC03920,Food & Beverages,20,618,2,1,1,182934.62,9516.2,43,14,2.33,1057.43,14.04,-2.08,56.66,23,0,13,4,0.922,0,Low,2,6.226347e-05
MRC03921,Construction,79,620,1,1,1,1246068.82,74439.15,48,15,6.25,6456.32,13.56,-1.44,62.98,29,1,7,3,0.371,0,Low,1,4.85505e-05
MRC03922,Textile & Apparel,31,507,1,0,0,2899152.46,339445.16,53,19,-7.55,13611.04,23.68,-1.67,0.0,0,0,5,4,0.382,0,Low,6,0.00010093389
MRC03923,Food & Beverages,7,571,3,0,1,1389211.11,140818.68,44,16,-9.09,7848.65,23.69,10.62,0.0,38,0,11,3,0.917,0,Low,2,0.000119935714
MRC03924,Retail Trader,58,588,2,1,0,38396.95,1687.72,38,11,13.16,250.96,5.71,-1.16,46.09,0,1,0,4,0.464,0,Low,3,0.00015897116
MRC03925,Construction,105,764,1,0,1,191379.3,18702.62,47,15,4.26,1012.59,14.71,-1.74,0.0,33,1,11,5,0.91,0,Low,1,0.00017481817
MRC03926,Retail Trader,10,665,3,0,0,772153.19,86526.9,32,11,-3.12,5985.68,8.22,-9.26,0.0,0,1,2,4,0.445,0,Low,3,0.00015244863
MRC03927,Small Mfg,10,702,1,0,1,544074.09,38388.04,58,10,48.28,2335.08,31.76,21.43,0.0,12,3,46,3,0.176,1,High,4,0.995689
MRC03928,Small Mfg,112,530,4,0,0,492509.89,25597.65,52,18,-3.85,2356.51,18.32,6.5,0.0,0,0,2,5,0.336,0,Low,4,0.00012219521
MRC03929,Small Mfg,39,745,1,0,1,224289.29,24283.3,51,14,17.65,1094.09,7.59,-1.46,0.0,19,0,6,4,0.753,0,Low,4,0.000121381825
MRC03930,Retail Trader,28,754,1,1,1,135036.33,13424.75,43,14,2.33,780.56,5.23,1.3,65.62,24,1,4,3,0.938,0,Low,3,0.00014162902
MRC03931,Construction,30,490,1,1,0,8115919.5,244521.13,39,13,0.0,51693.75,19.54,9.85,56.14,0,0,8,5,0.648,0,Low,1,8.750459e-05
MRC03932,Retail Trader,37,593,1,1,0,753536.81,80378.53,41,6,56.1,4566.89,45.41,46.22,75.38,0,1,68,1,0.071,1,High,3,0.9997383
MRC03933,Small Mfg,119,689,2,0,1,1576229.48,131626.72,43,15,-4.65,9111.15,23.05,1.83,0.0,31,0,7,4,0.658,0,Low,4,0.000120517645
MRC03934,Retail Trader,67,701,2,0,0,734908.59,86673.62,36,11,8.33,5068.34,15.85,-9.51,0.0,0,0,7,4,0.575,0,Low,3,0.00020691805
MRC03935,Textile & Apparel,114,595,3,1,1,771134.77,34541.66,40,4,70.0,4789.66,54.36,50.6,98.52,7,5,60,2,0.065,1,High,6,0.9999361
MRC03936,Agri-Allied,43,625,1,1,1,677033.42,36267.42,40,12,10.0,4205.18,17.19,-0.72,57.61,20,1,10,3,0.74,0,Low,0,3.0825766e-05
MRC03937,Textile & Apparel,79,602,1,0,1,190130.31,17231.63,49,14,14.29,965.13,12.74,-2.59,0.0,35,0,8,3,0.616,0,Low,6,0.00013775153
MRC03938,Retail Trader,85,658,1,1,1,118493.41,9790.56,55,18,1.82,536.17,17.17,5.23,55.95,38,1,4,4,0.711,0,Low,3,6.123132e-05
MRC03939,Retail Trader,52,745,1,1,1,1159466.39,81426.42,45,14,6.67,6405.89,19.98,3.17,30.17,32,0,2,4,0.928,0,Low,3,9.6432894e-05
MRC03940,Textile & Apparel,101,588,2,1,1,913840.1,106904.97,48,13,18.75,4734.92,11.95,0.02,63.1,27,0,3,5,0.692,0,Low,6,0.00011992107
MRC03941,Food & Beverages,56,730,1,0,1,2248866.97,210083.99,48,14,12.5,11652.16,12.45,13.06,0.0,38,2,5,5,0.698,0,Low,2,0.0008354591
MRC03942,Tech Services,76,587,2,1,1,1762833.46,198028.5,59,20,-1.69,7438.12,17.6,-0.93,32.07,25,1,4,5,0.436,0,Low,5,9.880832e-05
MRC03943,Retail Trader,68,582,2,1,0,276450.03,11036.75,51,14,17.65,1348.54,14.11,14.96,47.98,0,1,5,4,0.896,0,Low,3,0.00018371588
MRC03944,Textile & Apparel,111,715,1,1,1,2839417.75,325875.65,47,5,68.09,15023.37,64.34,42.34,95.94,6,2,30,1,0.168,1,High,6,0.9998386
MRC03945,Retail Trader,9,723,2,1,1,1826720.12,146135.15,46,17,-10.87,9874.16,24.64,12.58,56.87,31,0,3,4,0.363,0,Low,3,0.00011119907
MRC03946,Retail Trader,103,718,1,0,1,1671128.8,40758.55,53,15,15.09,7845.68,5.88,-2.93,0.0,34,1,1,5,0.393,0,Low,3,0.00011153773
MRC03947,Small Mfg,106,544,1,1,1,10844755.43,547485.57,43,13,9.3,62686.45,17.96,-8.24,33.92,28,2,8,5,0.399,0,Low,4,0.00074890704
MRC03948,Small Mfg,92,612,2,1,1,8476011.16,197900.71,64,5,76.56,32980.59,56.83,55.95,97.85,5,2,15,1,0.179,1,High,4,0.9997043
MRC03949,Retail Trader,23,715,2,1,1,1669269.26,132529.44,43,16,-11.63,9648.96,9.72,-2.17,61.02,27,0,11,3,0.818,0,Low,3,0.00010759849
MRC03950,Retail Trader,63,653,1,1,1,1437242.13,89632.7,51,9,47.06,7010.94,47.6,25.0,84.94,5,0,38,1,0.093,1,High,3,0.99905866
MRC03951,Retail Trader,109,564,2,1,1,2671060.7,396301.12,47,8,48.94,14132.6,58.39,44.12,92.75,0,0,57,3,0.129,1,High,3,0.9998853
MRC03952,Food & Beverages,61,686,1,0,1,361947.87,48104.88,46,16,-4.35,1956.47,6.48,-5.64,0.0,23,1,0,5,0.563,0,Low,2,5.783827e-05
MRC03953,Construction,40,592,2,0,0,368134.96,46877.28,45,16,-6.67,2033.89,16.21,-0.56,0.0,0,4,4,5,0.46,0,Low,1,0.0007292298
MRC03954,Retail Trader,44,793,2,1,1,1636557.79,139344.96,47,17,-8.51,8659.04,17.91,13.38,67.0,44,1,2,3,0.473,0,Low,3,0.000104653496
MRC03955,Retail Trader,86,773,2,0,1,260987.74,32602.95,47,16,-2.13,1380.89,21.4,6.44,0.0,29,0,0,4,0.873,0,Low,3,0.00021630838
MRC03956,Tech Services,24,698,3,0,1,1485591.23,81251.52,50,14,16.0,7391.0,6.32,-0.04,0.0,33,1,6,5,0.588,0,Low,5,0.00010375898
MRC03957,Tech Services,51,758,2,1,1,880458.96,81780.93,46,4,73.91,4759.24,40.22,22.06,76.39,5,2,47,2,0.194,1,High,5,0.999206
MRC03958,Textile & Apparel,58,655,1,1,1,261077.32,18557.21,57,18,5.26,1140.08,20.68,4.21,48.04,31,0,1,5,0.38,0,Low,6,6.777103e-05
MRC03959,Retail Trader,90,711,1,0,1,752412.37,31807.82,31,11,-6.45,6019.3,20.37,0.44,0.0,30,0,12,4,0.83,0,Low,3,0.00011285117
MRC03960,Retail Trader,94,768,3,1,1,3492393.62,102815.18,38,13,-2.63,22826.1,6.47,-6.39,51.78,34,0,1,4,0.889,0,Low,3,0.00015749196
MRC03961,Agri-Allied,33,669,1,0,0,805198.85,74535.96,38,6,52.63,5262.74,44.93,21.74,0.0,0,3,42,1,0.164,1,High,0,0.9988745
MRC03962,Textile & Apparel,16,629,2,0,1,809245.15,26456.72,39,11,15.38,5154.43,20.67,5.6,0.0,26,0,7,5,0.413,0,Low,6,5.468854e-05
MRC03963,Retail Trader,22,513,2,0,1,1082498.48,122690.81,40,13,2.5,6723.59,7.76,0.98,0.0,32,0,2,5,0.697,0,Low,3,0.0001017492
MRC03964,Small Mfg,113,643,2,0,0,1265561.21,176913.94,49,16,2.04,6424.17,16.56,0.96,0.0,0,0,7,3,0.639,0,Low,4,6.7485846e-05
MRC03965,Retail Trader,57,715,2,1,1,490407.25,20142.89,49,18,-10.2,2489.38,6.88,9.13,72.11,24,1,4,4,0.629,0,Low,3,9.6485324e-05
MRC03966,Food & Beverages,62,725,2,1,0,1110491.49,90196.36,32,2,81.25,8608.46,62.76,53.22,87.77,0,4,83,2,0.125,1,High,2,0.9999418
MRC03967,Textile & Apparel,114,690,2,1,0,207132.83,24035.84,46,16,-4.35,1119.64,8.16,0.44,62.3,0,1,12,5,0.801,0,Low,6,0.0002335185
MRC03968,Retail Trader,107,606,3,0,0,279599.84,16018.04,43,12,16.28,1616.18,19.73,-8.42,0.0,0,0,1,5,0.513,0,Low,3,3.8942064e-05
MRC03969,Small Mfg,82,491,2,1,1,325989.7,45540.56,50,14,16.0,1621.84,18.45,-8.0,70.77,27,1,6,4,0.754,0,Low,4,7.6335135e-05
MRC03970,Textile & Apparel,71,610,1,0,0,1281722.23,173674.03,57,4,78.95,5597.04,30.28,26.67,0.0,0,0,22,2,0.184,0,High,6,0.10776708
MRC03971,Construction,114,625,2,0,1,884059.28,29605.44,38,13,-2.63,5778.17,6.19,-0.48,0.0,24,0,1,5,0.711,0,Low,1,4.7619254e-05
MRC03972,Agri-Allied,90,624,2,1,1,620802.64,14627.33,36,12,0.0,4281.4,14.33,7.99,52.34,33,0,11,5,0.538,0,Low,0,4.7589612e-05
MRC03973,Retail Trader,72,699,3,1,1,1670985.26,245533.91,47,16,-2.13,8841.19,8.91,14.67,32.75,26,1,1,3,0.636,0,Low,3,0.000112381145
MRC03974,Small Mfg,70,808,1,0,1,1149266.53,165887.15,50,5,70.0,5717.74,61.79,31.39,0.0,9,2,67,2,0.039,1,High,4,0.99978155
MRC03975,Retail Trader,30,659,1,0,1,515054.43,38576.1,34,3,73.53,3759.52,69.39,22.64,0.0,2,3,80,2,0.129,1,High,3,0.9994325
MRC03976,Tech Services,103,632,3,1,1,210601.5,5596.36,56,19,-1.79,936.01,9.3,-0.55,53.72,36,0,12,4,0.321,0,Low,5,6.9796915e-05
MRC03977,Textile & Apparel,23,629,2,1,1,272760.51,27399.84,47,16,-2.13,1443.18,18.7,4.63,62.08,29,0,7,5,0.876,0,Low,6,5.900681e-05
MRC03978,Agri-Allied,32,659,1,1,0,125470.84,7295.29,42,14,0.0,742.43,22.22,-7.71,41.34,0,0,10,4,0.342,0,Low,0,7.105097e-05
MRC03979,Retail Trader,86,583,2,1,1,863443.26,122413.79,38,13,-2.63,5643.42,9.75,14.69,42.97,29,0,12,3,0.579,0,Low,3,0.00012170541
MRC03980,Textile & Apparel,106,659,4,1,1,259220.27,31963.43,45,6,60.0,1432.16,65.31,57.73,91.53,7,3,88,1,0.034,1,High,6,0.9999193
MRC03981,Food & Beverages,107,686,3,0,1,402565.23,42046.81,43,6,58.14,2326.97,57.79,53.76,0.0,5,2,43,1,0.08,1,High,2,0.9999492
MRC03982,Food & Beverages,57,666,2,1,1,625865.76,35665.27,37,5,59.46,4200.44,48.82,55.7,78.68,3,0,36,2,0.026,1,High,2,0.99985504
MRC03983,Retail Trader,109,686,1,0,1,2553037.1,283808.15,44,15,-2.27,14423.94,23.94,2.58,0.0,28,0,12,4,0.588,0,Low,3,0.000105020285
MRC03984,Retail Trader,9,684,3,0,0,2223401.34,128049.85,46,8,47.83,12018.39,45.59,37.99,0.0,0,1,48,2,0.058,1,High,3,0.9996449
MRC03985,Food & Beverages,31,508,2,1,1,683068.1,17002.95,49,4,75.51,3467.35,61.49,50.79,81.49,6,3,28,3,0.185,1,High,2,0.999796
MRC03986,Construction,71,700,3,1,1,3330404.04,286736.12,40,11,17.5,20685.74,16.14,11.31,69.46,31,1,0,4,0.369,0,Low,1,0.00014270401
MRC03987,Retail Trader,9,596,1,0,1,65197.85,5445.91,40,12,10.0,404.96,15.75,-6.63,0.0,27,0,3,5,0.728,0,Low,3,0.00012517173
MRC03988,Textile & Apparel,13,562,1,1,1,6938975.23,827061.85,44,16,-9.09,39203.25,17.64,10.09,38.53,36,1,5,4,0.856,0,Low,6,8.6340675e-05
MRC03989,Textile & Apparel,58,561,2,1,1,1674457.28,221928.56,50,16,4.0,8330.63,24.33,11.69,59.43,23,0,13,4,0.79,0,Low,6,0.00012225687
MRC03990,Tech Services,3,684,1,0,1,825185.87,54529.03,57,9,52.63,3603.43,33.42,39.27,0.0,4,2,40,1,0.003,1,High,5,0.9998747
MRC03991,Retail Trader,35,632,2,0,1,250288.21,19630.48,34,12,-5.88,1826.92,12.19,1.96,0.0,29,1,10,3,0.392,0,Low,3,2.7485712e-05
MRC03992,Retail Trader,97,515,4,0,1,431196.49,34992.48,40,5,62.5,2678.24,54.51,31.18,0.0,7,1,56,3,0.167,1,High,3,0.9996445
MRC03993,Food & Beverages,21,688,2,0,1,1515447.11,94183.72,35,11,5.71,10747.85,17.57,13.98,0.0,25,1,9,5,0.885,0,Low,2,9.597302e-05
MRC03994,Retail Trader,64,534,3,1,1,1557348.51,181649.6,42,7,50.0,9215.08,46.26,49.61,94.22,7,1,89,2,0.033,1,High,3,0.9999341
MRC03995,Agri-Allied,95,661,2,1,0,1626713.12,142944.41,45,13,13.33,8987.37,15.58,13.52,39.32,0,0,8,4,0.693,0,Low,0,0.00013378155
MRC03996,Textile & Apparel,52,669,2,1,1,304310.52,42242.64,42,15,-7.14,1800.65,12.29,13.42,69.62,27,0,10,5,0.872,0,Low,6,4.4923534e-05
MRC03997,Textile & Apparel,34,720,3,0,1,238991.38,24984.25,54,20,-11.11,1101.34,13.55,14.49,0.0,29,0,8,5,0.523,0,Low,6,0.00011997723
MRC03998,Textile & Apparel,96,792,2,0,1,921950.02,43835.55,51,16,5.88,4497.32,20.85,0.33,0.0,26,2,1,5,0.85,0,Low,6,0.0010317856
MRC03999,Agri-Allied,35,540,2,0,1,1837331.4,76111.68,38,11,13.16,12008.7,17.18,-2.83,0.0,29,0,3,4,0.557,0,Low,0,8.979666e-05
MRC04000,Retail Trader,15,645,2,0,1,732209.4,50090.42,45,15,0.0,4045.36,19.33,5.82,0.0,27,0,9,4,0.817,0,Low,3,5.1177598e-05
MRC04001,Agri-Allied,96,627,2,0,1,4315747.48,280957.1,49,6,63.27,21907.35,55.5,44.32,0.0,1,4,58,2,0.061,1,High,0,0.9998809
MRC04002,Food & Beverages,6,684,1,1,0,759005.99,55352.13,62,18,12.9,3048.22,23.23,3.93,41.55,0,0,3,4,0.509,0,Low,2,0.0001421453
MRC04003,Food & Beverages,109,667,3,0,1,728796.36,31969.99,40,15,-12.5,4526.69,5.7,4.48,0.0,38,0,3,3,0.503,0,Low,2,0.00012087234
MRC04004,Retail Trader,85,621,4,1,1,1630947.98,240024.9,43,13,9.3,9427.44,16.91,10.16,35.17,39,1,4,4,0.568,0,Low,3,4.7725913e-05
MRC04005,Retail Trader,97,614,2,1,1,3150513.98,122688.17,38,13,-2.63,20591.59,21.25,-0.96,70.75,23,0,1,5,0.71,0,Low,3,6.33115e-05
MRC04006,Retail Trader,32,560,2,1,1,144479.61,15147.87,45,14,6.67,798.23,22.33,5.05,56.68,33,0,1,3,0.922,0,Low,3,0.00012995236
MRC04007,Textile & Apparel,52,729,2,0,1,190686.49,4137.71,49,7,57.14,967.95,46.75,28.84,0.0,8,0,67,2,0.189,1,High,6,0.99701595
MRC04008,Textile & Apparel,83,686,2,1,1,500862.19,36515.33,36,12,0.0,3454.22,14.2,0.54,32.52,27,0,12,4,0.613,0,Low,6,0.000112570124
MRC04009,Small Mfg,97,723,2,1,0,32304921.39,1944557.33,45,4,73.33,178480.23,64.21,47.99,98.44,0,1,37,1,0.014,1,High,4,0.9999249
MRC04010,Retail Trader,28,625,3,0,1,532979.23,37129.04,47,15,4.26,2820.0,20.8,9.68,0.0,29,0,2,3,0.748,0,Low,3,4.4755532e-05
MRC04011,Retail Trader,95,597,1,1,1,630242.83,53413.11,39,12,7.69,4014.29,7.49,-3.76,66.38,30,0,5,3,0.901,0,Low,3,0.000111831454
MRC04012,Textile & Apparel,85,563,1,1,1,1531904.54,150201.33,48,5,68.75,7937.33,64.07,21.74,80.67,6,5,73,1,0.039,1,High,6,0.9996742
MRC04013,Small Mfg,118,678,3,1,1,2355620.38,225801.47,42,5,64.29,13938.58,58.19,29.35,97.02,7,2,39,1,0.039,1,High,4,0.9999416
MRC04014,Retail Trader,98,566,2,0,0,894251.33,91207.18,38,12,5.26,5844.78,23.35,-0.74,0.0,0,0,13,5,0.928,0,Low,3,0.00012110182
MRC04015,Small Mfg,64,797,3,1,0,2949708.75,382846.23,44,6,59.09,16665.02,69.59,56.82,84.11,0,4,33,3,0.198,1,High,4,0.999785
MRC04016,Retail Trader,79,545,1,1,0,174073.79,23547.52,42,12,14.29,1030.02,9.48,13.25,65.55,0,0,7,4,0.831,0,Low,3,0.00017451588
MRC04017,Tech Services,78,671,1,1,0,290888.09,33697.21,40,12,10.0,1806.76,10.03,0.2,37.87,0,1,11,4,0.913,0,Low,5,9.4004965e-05
MRC04018,Tech Services,19,775,3,1,1,2943130.42,89066.46,40,14,-5.0,18280.31,18.7,13.84,41.81,27,0,10,3,0.387,0,Low,5,0.00014362109
MRC04019,Textile & Apparel,107,697,1,1,0,739058.04,107139.77,39,13,0.0,4707.38,19.52,-7.34,34.16,0,0,9,5,0.552,0,Low,6,0.0001754989
MRC04020,Retail Trader,15,664,3,0,1,160341.19,22954.73,49,15,8.16,813.91,9.33,-1.43,0.0,43,1,0,5,0.887,0,Low,3,0.00011313131
MRC04021,Textile & Apparel,6,572,3,1,0,149186.8,16786.72,22,3,59.09,1676.26,62.78,38.32,80.07,0,1,59,1,0.156,1,High,6,0.9992455
MRC04022,Retail Trader,116,539,2,1,1,275645.54,24054.78,46,15,2.17,1489.98,11.47,-6.85,35.68,40,2,4,4,0.607,0,Low,3,0.0008245139
MRC04023,Small Mfg,73,711,1,0,1,731279.23,38450.94,47,17,-8.51,3869.2,13.66,-0.32,0.0,29,1,6,4,0.938,0,Low,4,0.00010273546
MRC04024,Food & Beverages,101,770,2,0,1,1278062.07,151227.52,54,5,72.22,5889.69,34.74,51.09,0.0,3,0,30,1,0.045,1,High,2,0.99977607
MRC04025,Small Mfg,84,614,3,1,1,491456.15,65915.0,42,15,-7.14,2908.02,5.53,9.04,67.65,27,0,6,4,0.331,0,Low,4,6.7827474e-05
MRC04026,Food & Beverages,98,558,1,1,1,1157761.58,123271.96,44,16,-9.09,6541.03,17.76,-2.95,42.92,35,0,3,4,0.917,0,Low,2,0.00010316506
MRC04027,Textile & Apparel,38,453,1,0,0,431714.69,43939.68,38,2,84.21,2821.66,45.98,16.74,0.0,0,2,53,2,0.119,1,High,6,0.9987262
MRC04028,Retail Trader,26,571,1,0,1,3168295.3,142860.37,47,4,74.47,16763.47,40.6,44.31,0.0,3,4,23,1,0.031,1,High,3,0.9998803
MRC04029,Food & Beverages,82,640,1,1,1,15591058.17,1037016.6,39,14,-7.69,99306.1,9.33,8.28,38.52,25,0,2,3,0.353,0,Low,2,5.071499e-05
MRC04030,Textile & Apparel,92,777,3,1,0,455369.62,51915.65,47,14,10.64,2409.36,14.53,-6.2,39.18,0,1,5,4,0.868,0,Low,6,0.00020424793
MRC04031,Small Mfg,119,703,3,0,1,1297460.4,28799.52,47,5,68.09,6864.87,42.14,15.47,0.0,2,2,30,1,0.142,1,High,4,0.9991697
MRC04032,Retail Trader,51,674,4,1,0,1176545.3,121612.85,46,13,15.22,6359.7,7.31,-8.17,73.75,0,0,1,5,0.781,0,Low,3,0.0001582911
MRC04033,Retail Trader,73,617,2,0,1,861503.6,103093.67,37,11,10.81,5781.9,24.75,-0.05,0.0,30,0,7,5,0.934,0,Low,3,5.7227364e-05
MRC04034,Construction,96,603,2,0,0,1597421.2,101454.75,46,16,-4.35,8634.71,7.87,-5.23,0.0,0,1,4,5,0.919,0,Low,1,9.4798306e-05
MRC04035,Retail Trader,53,762,1,1,0,1295730.81,38744.7,46,17,-10.87,7003.95,7.85,-2.27,66.55,0,1,1,5,0.549,0,Low,3,0.00016035228
MRC04036,Construction,56,666,2,0,1,414461.64,52423.4,44,15,-2.27,2341.59,21.26,-1.71,0.0,28,1,13,4,0.62,0,Low,1,7.600116e-05
MRC04037,Construction,59,481,2,1,1,3540770.54,136102.93,39,14,-7.69,22552.68,21.57,9.25,49.56,30,0,7,4,0.729,0,Low,1,0.00011228484
MRC04038,Food & Beverages,70,596,3,0,1,929125.87,63370.23,45,14,6.67,5133.29,5.76,-3.37,0.0,21,0,0,5,0.924,0,Low,2,0.00012724308
MRC04039,Small Mfg,78,581,3,1,0,459658.68,51455.59,53,19,-7.55,2158.02,8.37,6.59,50.45,0,0,6,3,0.433,0,Low,4,8.40599e-05
MRC04040,Agri-Allied,92,606,3,0,1,13685439.68,1727214.41,38,12,5.26,89447.32,23.97,3.33,0.0,28,0,6,4,0.675,0,Low,0,6.0820934e-05
MRC04041,Tech Services,58,695,3,0,1,634469.15,83819.5,43,16,-11.63,3667.45,10.59,10.11,0.0,23,1,0,4,0.325,0,Low,5,0.00012436771
MRC04042,Textile & Apparel,88,641,3,1,1,990467.77,88106.3,35,3,74.29,7024.59,69.57,28.42,78.04,5,2,83,1,0.011,1,High,6,0.99969804
MRC04043,Agri-Allied,13,643,1,1,1,900340.6,73704.87,42,3,78.57,5327.46,55.7,50.43,85.07,3,3,62,2,0.104,1,High,0,0.9999392
MRC04044,Small Mfg,43,755,3,1,1,624137.81,81313.45,49,17,-4.08,3168.21,19.71,-2.61,58.74,32,0,5,5,0.393,0,Low,4,0.00012602386
MRC04045,Textile & Apparel,76,594,2,1,0,1249679.46,116470.15,35,11,5.71,8862.97,23.33,4.49,66.12,0,1,10,3,0.631,0,Low,6,0.00011079379
MRC04046,Textile & Apparel,51,799,1,1,1,264606.77,25197.07,41,12,12.2,1603.68,8.1,5.81,61.03,37,0,10,5,0.729,0,Low,6,5.916181e-05
MRC04047,Textile & Apparel,19,596,1,1,0,1492334.25,114039.02,47,17,-8.51,7895.95,9.49,3.45,64.82,0,1,7,4,0.303,0,Low,6,0.00010260163
MRC04048,Agri-Allied,21,657,2,1,1,88430.76,6054.48,42,14,0.0,523.26,13.83,11.47,30.86,29,0,5,4,0.698,0,Low,0,6.305085e-05
MRC04049,Tech Services,91,627,1,1,0,153632.14,12670.09,46,16,-4.35,830.44,19.97,-7.18,69.02,0,0,1,5,0.808,0,Low,5,5.7601806e-05
MRC04050,Retail Trader,83,659,2,1,1,6523159.85,439857.81,37,11,10.81,43779.6,18.17,4.93,69.87,29,1,3,4,0.686,0,Low,3,6.0001737e-05
MRC04051,Construction,24,685,2,1,0,161552.26,10446.14,41,2,85.37,979.1,32.29,52.34,75.82,0,3,49,1,0.165,1,High,1,0.99971145
MRC04052,Small Mfg,26,684,3,0,1,69428.27,10357.06,35,5,57.14,492.4,55.7,59.46,0.0,10,0,50,1,0.125,1,High,4,0.9983145
MRC04053,Food & Beverages,45,589,3,1,0,166425.09,10602.57,48,7,56.25,862.31,43.84,37.27,98.13,0,3,43,1,0.011,1,High,2,0.9998179
MRC04054,Agri-Allied,28,560,2,0,1,5885891.2,313893.91,54,15,16.67,27123.92,9.39,-6.18,0.0,27,0,4,3,0.971,0,Low,0,9.798964e-05
MRC04055,Food & Beverages,110,850,1,0,0,84945.56,5607.27,54,19,-5.56,391.45,5.42,6.25,0.0,0,1,9,5,0.726,0,Low,2,0.00028159452
MRC04056,Retail Trader,82,611,1,1,1,231659.29,22424.98,42,13,7.14,1370.77,24.5,-7.06,43.04,30,0,3,5,0.655,0,Low,3,6.6253066e-05
MRC04057,Food & Beverages,108,705,1,1,1,126774.98,17549.3,49,16,2.04,643.53,10.11,10.73,49.91,28,0,8,4,0.592,0,Low,2,0.00013486217
MRC04058,Retail Trader,100,521,1,1,1,524943.0,64264.76,45,7,53.33,2900.24,43.21,25.25,99.66,5,3,44,2,0.13,1,High,3,0.9998872
MRC04059,Tech Services,106,627,4,1,0,432256.71,55973.5,41,12,12.2,2619.74,14.7,5.14,69.18,0,0,2,4,0.531,0,Low,5,4.590421e-05
MRC04060,Construction,29,639,2,0,0,409663.84,53940.9,49,15,8.16,2079.51,24.45,-8.05,0.0,0,0,1,4,0.804,0,Low,1,3.7742582e-05
MRC04061,Textile & Apparel,17,687,1,1,1,6765593.59,944941.6,43,15,-4.65,39107.48,7.99,-7.67,64.69,30,0,7,3,0.696,0,Low,6,9.259969e-05
MRC04062,Retail Trader,68,432,1,1,0,173010.86,8747.3,40,5,62.5,1074.6,61.98,24.51,84.28,0,2,21,3,0.069,1,High,3,0.9987299
MRC04063,Food & Beverages,44,663,2,0,0,645238.09,51352.94,47,14,10.64,3413.96,5.05,9.49,0.0,0,0,4,5,0.603,0,Low,2,0.000117097865
MRC04064,Retail Trader,109,558,2,0,1,1095061.95,76737.23,44,7,52.27,6186.79,42.26,35.29,0.0,3,1,89,2,0.107,1,High,3,0.9997392
MRC04065,Tech Services,61,675,1,1,0,224975.97,15668.23,44,16,-9.09,1271.05,11.13,-2.23,67.89,0,0,0,4,0.418,0,Low,5,0.00021551622
MRC04066,Retail Trader,93,567,4,1,0,1307866.81,137060.35,42,6,57.14,7738.86,36.99,27.42,98.09,0,3,38,3,0.09,1,High,3,0.9997533
MRC04067,Retail Trader,68,581,1,1,1,451453.39,32610.46,50,18,-8.0,2246.04,17.68,-5.2,32.19,22,0,11,4,0.484,0,Low,3,6.274436e-05
MRC04068,Construction,74,628,1,1,1,1143004.5,114440.97,55,20,-9.09,5171.97,16.55,-3.51,70.45,28,0,12,3,0.688,0,Low,1,5.2456468e-05
MRC04069,Small Mfg,25,565,1,1,0,640754.01,44658.19,54,20,-11.11,2952.78,14.74,9.42,66.99,0,0,8,4,0.617,0,Low,4,0.00011672495
MRC04070,Food & Beverages,95,611,2,0,1,62277.94,3764.49,59,8,59.32,262.78,39.98,54.54,0.0,4,1,77,1,0.085,1,High,2,0.99966836
MRC04071,Textile & Apparel,67,554,1,1,1,3496658.85,230429.93,38,12,5.26,22853.98,6.29,-4.49,46.1,23,0,6,4,0.931,0,Low,6,9.2778224e-05
MRC04072,Small Mfg,111,503,1,0,1,8749875.05,1089258.1,33,9,18.18,65788.53,13.87,3.03,0.0,23,0,1,3,0.584,0,Low,4,9.852756e-05
MRC04073,Small Mfg,2,731,1,0,0,590010.13,57901.61,51,15,11.76,2878.1,6.98,12.88,0.0,0,0,6,5,0.887,0,Low,4,0.0001702465
MRC04074,Small Mfg,89,546,2,1,1,248316.03,36408.02,55,5,72.73,1123.6,44.43,31.44,83.08,8,4,37,2,0.021,1,High,4,0.9997371
MRC04075,Small Mfg,49,635,1,1,1,4444665.92,570007.56,59,16,18.64,18753.86,21.59,-4.67,51.35,26,0,4,4,0.737,0,Low,4,3.449913e-05
MRC04076,Agri-Allied,70,710,1,1,1,7049445.25,586171.8,53,15,15.09,33095.99,17.4,14.37,53.93,30,0,6,5,0.919,0,Low,0,9.9954144e-05
MRC04077,Textile & Apparel,26,600,1,1,0,595672.03,30682.42,55,17,7.27,2695.35,14.05,3.11,31.32,0,0,4,3,0.759,0,Low,6,9.539954e-05
MRC04078,Retail Trader,72,583,1,0,0,561060.07,60374.66,52,15,13.46,2684.5,14.08,-8.44,0.0,0,0,9,5,0.982,0,Low,3,0.000101063706
MRC04079,Food & Beverages,99,668,2,0,1,662719.22,75857.48,37,11,10.81,4447.78,14.29,-3.09,0.0,33,0,4,4,0.571,0,Low,2,0.00011313659
MRC04080,Retail Trader,27,739,1,0,1,97786.45,7856.45,37,10,18.92,656.28,19.91,3.34,0.0,29,0,5,3,0.559,0,Low,3,0.00015032153
MRC04081,Small Mfg,89,556,1,1,1,514344.7,25660.59,43,13,9.3,2973.09,7.52,-8.2,57.5,25,0,0,4,0.484,0,Low,4,0.0001037586
MRC04082,Retail Trader,18,637,2,1,1,5711146.02,527943.94,58,21,-8.62,24511.36,15.63,7.31,54.37,28,0,8,4,0.979,0,Low,3,4.5513825e-05
MRC04083,Small Mfg,54,511,1,1,1,595748.34,31573.35,44,16,-9.09,3365.81,21.25,3.06,45.66,26,1,9,4,0.984,0,Low,4,7.4152355e-05
MRC04084,Food & Beverages,1,618,1,0,1,209390.99,29775.35,41,5,63.41,1269.04,49.29,30.27,0.0,5,2,31,2,0.17,1,High,2,0.99932563
MRC04085,Retail Trader,61,652,1,1,0,1323807.67,134703.99,35,3,74.29,9388.71,54.58,16.31,84.34,0,3,47,3,0.149,1,High,3,0.999446
MRC04086,Retail Trader,112,581,3,1,1,327538.68,18981.2,45,13,13.33,1809.61,9.89,0.5,40.98,23,2,4,4,0.713,0,Low,3,0.00072723004
MRC04087,Retail Trader,103,613,2,1,1,673509.55,32358.76,43,15,-4.65,3893.12,18.37,13.2,59.36,24,2,10,4,0.726,0,Low,3,0.000585857
MRC04088,Small Mfg,3,537,3,1,1,159114.84,18007.67,46,16,-4.35,860.08,23.68,-4.73,54.18,33,0,9,3,0.53,0,Low,4,0.00014835913
MRC04089,Food & Beverages,119,656,3,1,1,210249.67,23550.72,37,6,51.35,1411.07,36.93,57.28,77.76,6,4,38,3,0.06,1,High,2,0.99990356
MRC04090,Retail Trader,68,734,4,0,1,1767702.26,172575.81,48,3,81.25,9159.08,44.42,38.07,0.0,3,2,68,1,0.099,1,High,3,0.9999559
MRC04091,Food & Beverages,41,562,2,0,1,838223.57,83704.28,48,13,18.75,4343.13,24.0,-9.81,0.0,22,1,5,5,0.605,0,Low,2,9.155378e-05
MRC04092,Textile & Apparel,37,600,2,0,0,287429.0,28312.61,42,4,71.43,1700.76,56.87,24.71,0.0,0,5,19,3,0.011,1,High,6,0.9977919
MRC04093,Agri-Allied,51,690,1,0,1,841921.58,56251.68,42,13,7.14,4981.78,5.25,10.65,0.0,29,0,5,4,0.324,0,Low,0,8.397706e-05
MRC04094,Tech Services,15,746,1,0,1,352013.2,49937.96,59,21,-6.78,1485.29,12.09,2.19,0.0,26,0,0,5,0.506,0,Low,5,0.00014755371
MRC04095,Textile & Apparel,8,530,2,0,0,284784.43,23439.52,47,13,17.02,1506.8,16.54,7.63,0.0,0,0,6,3,0.394,0,Low,6,0.00016827398
MRC04096,Agri-Allied,38,636,4,0,1,2948600.7,66764.07,49,14,14.29,14967.52,11.33,-7.37,0.0,29,0,2,4,0.349,0,Low,0,3.9761897e-05
MRC04097,Retail Trader,114,672,2,1,0,1866271.34,121843.21,30,10,0.0,15423.73,5.88,9.09,68.26,0,1,12,5,0.47,0,Low,3,0.00016928448
MRC04098,Retail Trader,83,641,2,1,1,711031.9,26263.2,38,14,-10.53,4647.27,15.14,9.59,65.63,38,0,4,5,0.617,0,Low,3,5.7569192e-05
MRC04099,Retail Trader,56,451,2,1,1,867356.02,58320.93,50,5,70.0,4315.2,60.08,21.53,75.52,5,4,77,1,0.17,1,High,3,0.9997799
MRC04100,Retail Trader,47,690,1,0,1,722102.5,71541.67,43,15,-4.65,4174.0,19.55,2.43,0.0,29,0,10,4,0.616,0,Low,3,7.771933e-05
MRC04101,Small Mfg,90,771,1,0,1,1308525.01,30025.91,47,14,10.64,6923.41,6.78,13.7,0.0,27,0,8,3,0.708,0,Low,4,0.0001359457
MRC04102,Textile & Apparel,103,659,2,0,1,279455.41,37202.8,39,11,15.38,1779.97,24.16,13.78,0.0,32,0,10,3,0.946,0,Low,6,3.6227302e-05
MRC04103,Agri-Allied,10,567,1,1,1,2053396.23,203984.76,43,13,9.3,11869.34,22.53,14.61,55.95,34,0,0,5,0.575,0,Low,0,0.000109230336
MRC04104,Retail Trader,102,608,2,1,0,1114904.16,65108.56,45,15,0.0,6159.69,22.48,6.42,54.83,0,1,0,4,0.534,0,Low,3,4.8747253e-05
MRC04105,Textile & Apparel,78,791,3,0,1,531964.69,32160.82,41,3,78.05,3224.03,56.94,25.86,0.0,5,2,39,1,0.027,1,High,6,0.9998615
MRC04106,Small Mfg,49,722,3,1,0,406226.58,32716.21,48,16,0.0,2104.8,17.67,0.32,68.83,0,0,13,4,0.789,0,Low,4,9.7672644e-05
MRC04107,Construction,41,701,1,0,0,2001399.27,104576.98,46,5,67.39,10818.37,65.61,22.12,0.0,0,2,44,3,0.184,1,High,1,0.9968135
MRC04108,Retail Trader,83,678,3,1,0,608904.32,12521.78,48,14,12.5,3154.94,18.25,-2.9,37.87,0,2,12,5,0.389,0,Low,3,0.001849298
MRC04109,Tech Services,30,597,1,0,0,315315.27,7394.92,43,4,72.09,1822.63,60.41,58.49,0.0,0,1,18,3,0.121,1,High,5,0.9976809
MRC04110,Agri-Allied,5,633,1,0,1,459785.92,30578.65,43,5,65.12,2657.72,50.27,43.68,0.0,3,3,81,2,0.074,1,High,0,0.9998024
MRC04111,Agri-Allied,119,643,2,1,1,1835900.36,66365.63,35,10,14.29,13020.57,17.32,9.09,66.75,43,1,11,4,0.572,0,Low,0,5.4056018e-05
MRC04112,Agri-Allied,95,693,1,1,0,105591.82,2418.82,46,13,15.22,570.77,14.58,-1.45,72.23,0,0,12,5,0.315,0,Low,0,0.00022625049
MRC04113,Retail Trader,71,770,1,1,1,476160.05,62712.66,48,5,68.75,2467.15,44.52,15.25,84.43,3,1,53,1,0.059,1,High,3,0.99836975
MRC04114,Retail Trader,83,739,1,1,0,2635805.02,146650.53,54,6,66.67,12146.57,59.31,27.71,96.76,0,2,72,2,0.073,1,High,3,0.9998809
MRC04115,Small Mfg,31,536,2,0,1,596085.79,50909.26,47,13,17.02,3153.89,19.79,-1.62,0.0,28,0,13,5,0.507,0,Low,4,0.00010742616
MRC04116,Textile & Apparel,52,667,1,1,1,1011940.24,43840.47,54,18,0.0,4663.32,23.5,9.14,39.61,30,0,3,4,0.328,0,Low,6,7.985891e-05
MRC04117,Tech Services,103,708,2,1,0,2687502.17,70074.59,32,9,15.62,20833.35,20.76,9.87,68.11,0,0,0,5,0.42,0,Low,5,0.00020206277
MRC04118,Textile & Apparel,88,699,2,1,1,2128218.03,248645.29,51,14,17.65,10381.55,12.38,-2.03,36.39,36,0,6,5,0.702,0,Low,6,0.000109737724
MRC04119,Retail Trader,98,599,2,1,1,430167.3,15591.15,42,3,78.57,2545.37,38.0,34.79,91.58,7,1,77,2,0.186,1,High,3,0.99977845
MRC04120,Small Mfg,23,883,3,1,1,623764.23,14560.65,41,13,4.88,3780.39,12.28,-3.17,68.12,32,0,4,4,0.665,0,Low,4,0.00016908831
MRC04121,Textile & Apparel,48,547,1,1,0,2160211.48,208114.65,51,5,70.59,10537.62,41.02,41.38,79.88,0,2,17,3,0.064,1,High,6,0.99949133
MRC04122,Agri-Allied,109,563,1,1,1,2252076.83,48984.44,49,5,69.39,11431.86,41.71,18.48,92.99,7,2,84,2,0.146,1,High,0,0.9996747
MRC04123,Small Mfg,40,668,1,1,1,656278.06,50347.8,34,5,55.88,4790.35,62.39,37.91,84.4,9,1,16,2,0.002,1,High,4,0.9991035
MRC04124,Tech Services,6,819,1,1,0,684021.9,39364.56,42,14,0.0,4047.47,20.22,0.31,61.47,0,0,9,4,0.451,0,Low,5,0.00024520038
MRC04125,Food & Beverages,38,583,2,1,0,1005726.21,61876.64,49,15,8.16,5105.21,6.55,-4.71,61.49,0,0,5,4,0.751,0,Low,2,8.5836626e-05
MRC04126,Small Mfg,41,628,1,1,1,3761321.17,77132.95,48,4,75.0,19488.71,43.04,20.14,80.75,3,3,67,1,0.119,1,High,4,0.99953985
MRC04127,Small Mfg,100,736,1,0,0,2626281.03,381769.32,55,18,1.82,11883.62,5.37,-6.03,0.0,0,0,10,5,0.835,0,Low,4,0.00016961587
MRC04128,Construction,27,648,2,0,0,1676240.5,146176.89,39,12,7.69,10676.69,20.53,1.08,0.0,0,0,9,5,0.794,0,Low,1,5.651043e-05
MRC04129,Textile & Apparel,75,623,2,1,1,199904.87,18876.33,52,8,53.85,956.48,51.66,49.18,96.5,4,2,36,1,0.177,1,High,6,0.99957925
MRC04130,Retail Trader,69,695,2,0,1,524499.58,55909.52,35,12,-2.86,3719.86,7.64,10.98,0.0,29,0,12,4,0.885,0,Low,3,0.00011821665
MRC04131,Retail Trader,57,671,3,1,0,558637.46,69091.07,38,11,13.16,3651.23,8.64,-4.57,66.71,0,0,11,4,0.915,0,Low,3,0.00020062122
MRC04132,Retail Trader,17,732,2,1,0,4001508.76,396262.15,62,9,56.45,16070.32,46.84,54.11,82.11,0,2,74,2,0.185,1,High,3,0.99976057
MRC04133,Small Mfg,116,753,2,1,1,547634.15,65215.43,53,17,3.77,2571.05,13.66,7.35,63.33,25,0,2,3,0.91,0,Low,4,0.00013139125
MRC04134,Small Mfg,71,674,1,1,0,3282550.89,257140.55,51,18,-5.88,16012.44,23.83,5.86,59.54,0,1,7,4,0.42,0,Low,4,0.00015206521
MRC04135,Small Mfg,91,673,4,1,1,367751.09,25104.81,33,11,0.0,2765.05,12.32,-1.52,68.07,30,1,10,4,0.392,0,Low,4,0.0001130583
MRC04136,Retail Trader,47,667,2,1,1,404715.35,51401.85,43,15,-4.65,2339.4,21.68,-2.05,34.14,27,0,13,3,0.679,0,Low,3,6.245364e-05
MRC04137,Small Mfg,79,689,1,0,1,1299831.15,172215.11,39,14,-7.69,8279.18,15.93,8.97,0.0,31,0,4,5,0.992,0,Low,4,0.00010268914
MRC04138,Textile & Apparel,110,654,1,1,0,4788731.19,181564.11,41,15,-9.76,29022.61,19.11,-3.14,41.02,0,0,10,3,0.901,0,Low,6,6.004496e-05
MRC04139,Small Mfg,13,649,2,1,1,565727.3,51224.25,38,13,-2.63,3697.56,8.37,-1.76,40.87,29,1,0,3,0.306,0,Low,4,5.0252627e-05
MRC04140,Agri-Allied,11,745,3,0,0,33680.64,3666.93,54,7,61.11,155.21,59.94,19.23,0.0,0,4,88,1,0.102,1,High,0,0.99973506
MRC04141,Textile & Apparel,109,771,1,1,1,111633.89,3445.9,41,11,19.51,676.57,6.71,14.96,70.27,25,0,11,4,0.507,0,Low,6,0.00018255223
MRC04142,Retail Trader,90,529,1,1,1,1042939.65,146895.53,47,15,4.26,5518.2,18.82,-9.96,53.22,44,1,9,5,0.884,0,Low,3,0.00010241259
MRC04143,Retail Trader,86,650,3,1,0,124274.08,10888.18,53,18,-1.89,583.45,14.31,7.17,50.95,0,0,13,3,0.964,0,Low,3,9.752727e-05
MRC04144,Food & Beverages,92,594,3,0,1,258157.36,26824.99,53,17,3.77,1212.01,9.57,3.39,0.0,30,0,6,4,0.965,0,Low,2,0.00016052101
MRC04145,Tech Services,24,625,1,1,1,740299.67,31959.89,49,15,8.16,3757.87,14.61,1.5,31.15,35,0,2,5,0.854,0,Low,5,3.9200833e-05
MRC04146,Small Mfg,93,682,1,0,0,38590.42,2098.41,58,19,1.72,165.62,22.11,-3.11,0.0,0,0,1,5,0.539,0,Low,4,0.00022372161
MRC04147,Retail Trader,73,703,2,1,0,462466.34,16524.0,40,6,55.0,2872.46,68.71,24.35,96.09,0,0,74,1,0.096,1,High,3,0.9994281
MRC04148,Textile & Apparel,106,641,1,1,0,180273.38,9792.42,42,12,14.29,1066.71,8.39,1.41,41.0,0,0,0,5,0.534,0,Low,6,8.2498496e-05
MRC04149,Small Mfg,4,496,3,1,1,120690.46,10139.4,60,19,5.0,500.79,15.68,0.03,60.02,28,0,10,4,0.517,0,Low,4,0.00013922671
MRC04150,Food & Beverages,113,572,1,1,1,278557.19,35758.9,44,3,79.55,1573.77,57.42,34.85,79.14,8,4,53,1,0.041,1,High,2,0.9995018
MRC04151,Retail Trader,46,721,1,0,1,202187.2,18072.31,40,12,10.0,1255.82,13.4,-3.23,0.0,33,1,5,4,0.438,0,Low,3,9.5934585e-05
MRC04152,Retail Trader,18,430,1,0,0,1281287.85,66345.43,52,5,71.15,6130.56,51.93,50.78,0.0,0,1,29,1,0.041,1,High,3,0.9997049
MRC04153,Small Mfg,43,744,1,0,0,3065839.98,79100.94,33,11,0.0,23051.43,6.34,11.61,0.0,0,0,7,4,0.953,0,Low,4,0.00015371651
MRC04154,Textile & Apparel,80,691,1,1,1,471035.05,47506.75,45,14,6.67,2602.4,6.0,14.48,49.17,25,2,7,5,0.872,0,Low,6,0.0008193147
MRC04155,Retail Trader,33,755,1,1,1,356699.53,26617.2,63,22,-4.76,1409.88,5.82,5.07,53.98,33,1,2,3,0.604,0,Low,3,0.00013049589
MRC04156,Retail Trader,93,634,2,0,1,443722.21,65655.8,50,4,76.0,2207.57,59.15,41.58,0.0,5,2,73,2,0.016,1,High,3,0.9999144
MRC04157,Agri-Allied,103,485,1,0,1,192947.9,23417.85,44,15,-2.27,1090.1,7.63,11.01,0.0,26,1,10,4,0.857,0,Low,0,0.00014376482
MRC04158,Tech Services,10,684,3,1,1,155361.47,19433.73,46,13,15.22,839.79,10.9,-5.29,30.74,30,1,1,4,0.551,0,Low,5,0.00011783029
MRC04159,Construction,73,751,1,1,0,101248.65,2186.01,44,14,4.55,572.03,24.72,5.75,67.72,0,0,4,5,0.306,0,Low,1,0.00028434113
MRC04160,Agri-Allied,59,723,2,0,1,147941.89,17917.74,48,4,75.0,766.54,64.28,48.64,0.0,4,0,40,1,0.041,1,High,0,0.9998022
MRC04161,Agri-Allied,31,596,1,0,1,5170030.82,234201.0,55,20,-9.09,23393.8,5.86,6.5,0.0,19,0,9,4,0.897,0,Low,0,9.2513095e-05
MRC04162,Retail Trader,28,656,1,0,0,318537.27,30628.46,54,19,-5.56,1467.91,16.03,9.9,0.0,0,1,10,5,0.582,0,Low,3,7.8988305e-05
MRC04163,Agri-Allied,60,607,2,0,1,21376.47,1670.89,54,4,77.78,98.51,52.52,30.39,0.0,2,0,67,1,0.159,1,High,0,0.9990471
MRC04164,Textile & Apparel,3,584,2,0,0,360602.55,34007.89,45,15,0.0,1992.28,6.08,11.21,0.0,0,0,5,4,0.966,0,Low,6,8.214978e-05
MRC04165,Small Mfg,118,726,2,0,1,108174.67,4040.07,44,15,-2.27,611.16,19.56,-6.92,0.0,43,0,6,3,0.528,0,Low,4,0.00016037996
MRC04166,Textile & Apparel,55,554,2,1,1,783386.86,62197.72,39,12,7.69,4989.73,24.76,-5.6,52.67,26,0,5,4,0.831,0,Low,6,8.492791e-05
MRC04167,Retail Trader,14,578,2,1,1,688296.93,17071.7,35,12,-2.86,4881.54,13.59,10.91,41.73,27,0,9,4,0.751,0,Low,3,0.000110880566
MRC04168,Retail Trader,58,561,1,0,1,780010.58,19757.6,40,11,17.5,4844.79,13.99,-6.88,0.0,42,0,0,4,0.718,0,Low,3,0.00010198554
MRC04169,Textile & Apparel,89,530,3,1,1,694625.9,73287.17,41,5,63.41,4209.85,38.92,37.92,98.24,5,1,17,1,0.128,1,High,6,0.99965906
MRC04170,Retail Trader,15,661,2,1,1,466376.08,67027.94,38,13,-2.63,3048.21,19.73,-2.63,45.56,33,0,13,3,0.855,0,Low,3,9.3769144e-05
MRC04171,Retail Trader,2,742,4,1,0,127124.81,15389.87,52,5,71.15,608.25,41.34,46.5,92.28,0,0,21,2,0.036,1,High,3,0.99967515
MRC04172,Construction,24,635,3,0,1,666913.15,54013.46,38,4,68.42,4358.91,40.07,37.66,0.0,6,0,49,2,0.03,1,High,1,0.9997032
MRC04173,Textile & Apparel,78,529,1,1,0,2477373.56,67541.12,42,13,7.14,14659.02,21.01,-7.33,41.59,0,0,9,5,0.516,0,Low,6,0.00010057465
MRC04174,Agri-Allied,64,717,1,1,1,6429502.37,166219.48,37,11,10.81,43151.02,22.28,4.37,58.45,28,2,1,4,0.539,0,Low,0,0.0008843788
MRC04175,Tech Services,112,784,2,0,0,548208.19,22216.68,38,3,76.32,3583.06,54.53,16.07,0.0,0,2,52,1,0.089,1,High,5,0.99980813
MRC04176,Construction,71,598,2,1,0,624351.05,91689.3,54,16,11.11,2877.19,5.78,11.29,40.97,0,1,5,4,0.691,0,Low,1,0.00010274477
MRC04177,Small Mfg,100,611,2,1,0,1329764.76,95511.6,37,10,18.92,8924.6,16.02,11.28,41.79,0,1,2,3,0.842,0,Low,4,5.0616134e-05
MRC04178,Food & Beverages,114,691,2,1,1,4377068.96,567456.12,41,11,19.51,26527.69,14.94,-2.43,51.51,33,0,5,4,0.925,0,Low,2,0.000114430884
MRC04179,Textile & Apparel,24,779,1,0,1,406949.37,45443.43,36,3,75.0,2806.55,34.97,25.82,0.0,4,1,29,2,0.003,1,High,6,0.9932853
MRC04180,Textile & Apparel,27,608,1,0,0,1674761.93,165308.59,39,11,15.38,10667.27,10.89,9.5,0.0,0,0,13,5,1.0,0,Low,6,4.437944e-05
MRC04181,Textile & Apparel,37,543,1,1,0,271744.31,38918.51,56,20,-7.14,1207.75,16.8,12.54,66.61,0,0,0,4,0.487,0,Low,6,0.00012063423
MRC04182,Small Mfg,102,700,2,0,1,1083621.02,54130.67,38,4,68.42,7082.49,48.65,41.1,0.0,4,3,73,3,0.061,1,High,4,0.9999542
MRC04183,Small Mfg,94,713,2,1,0,2337809.67,185004.1,51,7,58.82,11403.95,65.63,16.15,98.97,0,1,35,3,0.167,1,High,4,0.9977325
MRC04184,Textile & Apparel,91,650,1,0,1,154966.97,20519.79,44,15,-2.27,875.52,18.19,-4.19,0.0,29,1,1,5,0.443,0,Low,6,5.9990125e-05
MRC04185,Retail Trader,39,605,2,1,0,388413.72,35628.79,40,11,17.5,2412.51,15.75,-9.31,64.4,0,1,9,4,0.509,0,Low,3,7.4084855e-05
MRC04186,Small Mfg,63,729,1,1,1,2293844.33,119366.77,62,8,61.29,9212.23,67.07,41.44,81.9,8,0,63,2,0.185,1,High,4,0.999092
MRC04187,Retail Trader,79,692,1,0,0,1527882.7,72053.63,45,3,80.0,8441.34,48.98,57.89,0.0,0,4,47,1,0.151,1,High,3,0.99991
MRC04188,Agri-Allied,26,588,2,1,1,2528496.38,298045.32,41,11,19.51,15324.22,9.02,-4.64,51.39,32,0,10,4,0.57,0,Low,0,0.00010194742
MRC04189,Small Mfg,65,653,1,1,1,2019029.64,43737.34,46,14,8.7,10913.67,9.62,-8.79,71.77,23,1,4,4,0.719,0,Low,4,5.362801e-05
MRC04190,Small Mfg,4,541,2,0,0,484404.59,67257.14,43,15,-4.65,2800.03,17.96,-0.66,0.0,0,1,6,4,0.918,0,Low,4,0.00010835569
MRC04191,Food & Beverages,29,704,3,0,1,10211531.49,228680.49,45,13,13.33,56417.3,14.56,-4.93,0.0,21,0,11,4,0.374,0,Low,2,0.00011919713
MRC04192,Tech Services,1,629,3,0,1,859659.78,87709.86,38,4,68.42,5618.69,61.02,44.45,0.0,4,3,41,1,0.146,1,High,5,0.9998932
MRC04193,Agri-Allied,107,615,1,0,0,18641.57,1838.38,42,15,-7.14,110.31,14.95,13.02,0.0,0,0,8,4,0.615,0,Low,0,6.287925e-05
MRC04194,Food & Beverages,50,647,2,1,1,519792.18,49480.81,42,15,-7.14,3075.69,13.36,8.6,46.74,26,2,6,4,0.678,0,Low,2,0.00039692773
MRC04195,Small Mfg,110,653,2,1,1,415398.88,33923.38,55,16,12.73,1879.63,14.67,-0.68,30.67,35,1,9,4,0.548,0,Low,4,3.181872e-05
MRC04196,Retail Trader,86,721,2,0,1,1894184.58,247789.54,50,5,70.0,9423.8,55.61,35.98,0.0,4,3,17,1,0.115,1,High,3,0.9999058
MRC04197,Retail Trader,11,697,2,0,0,424461.94,44871.26,36,11,8.33,2927.32,24.39,13.03,0.0,0,1,13,4,0.445,0,Low,3,0.00017341693
MRC04198,Textile & Apparel,74,637,1,0,0,2727139.99,331735.03,47,13,17.02,14429.31,16.5,12.22,0.0,0,1,10,4,0.572,0,Low,6,5.722103e-05
MRC04199,Textile & Apparel,59,711,1,1,0,1425052.55,49902.25,38,14,-10.53,9314.07,10.74,5.1,51.73,0,0,3,4,0.982,0,Low,6,0.00015911751
MRC04200,Small Mfg,62,682,2,0,1,219672.14,5818.42,33,9,18.18,1651.67,19.26,-1.06,0.0,33,1,8,4,0.729,0,Low,4,7.0097005e-05
MRC04201,Food & Beverages,81,615,2,1,1,616338.74,14612.59,36,11,8.33,4250.61,22.6,9.81,54.14,18,3,4,3,0.495,0,Low,2,0.0008046432
MRC04202,Retail Trader,36,640,1,0,1,287609.77,11256.12,34,12,-5.88,2099.34,10.93,6.59,0.0,21,1,1,4,0.465,0,Low,3,2.2726927e-05
MRC04203,Retail Trader,56,638,1,1,1,910464.67,97156.62,57,16,15.79,3975.83,11.49,4.12,48.81,33,0,5,4,0.774,0,Low,3,4.362411e-05
MRC04204,Construction,111,690,2,0,0,285561.0,24050.76,55,18,1.82,1292.13,13.77,8.46,0.0,0,0,4,4,0.806,0,Low,1,0.00023694005
MRC04205,Retail Trader,90,620,1,1,1,797567.92,93947.75,41,15,-9.76,4833.74,9.35,-6.64,57.67,27,0,11,5,0.42,0,Low,3,4.9201208e-05
MRC04206,Agri-Allied,112,618,1,1,0,526092.9,23634.69,45,4,73.33,2906.59,64.2,46.3,82.15,0,0,48,2,0.109,1,High,0,0.99906856
MRC04207,Small Mfg,21,807,1,1,1,607636.48,41140.15,50,6,64.0,3023.07,35.48,56.68,84.07,5,2,44,3,0.082,1,High,4,0.9998982
MRC04208,Agri-Allied,13,725,1,1,1,8547320.98,1158202.01,43,12,16.28,49406.48,6.14,-1.14,55.76,31,1,3,3,0.868,0,Low,0,9.07431e-05
MRC04209,Retail Trader,9,589,2,1,1,473268.3,67035.09,35,12,-2.86,3356.51,24.93,13.67,64.88,36,0,9,5,0.525,0,Low,3,0.00015530309
MRC04210,Retail Trader,11,695,1,1,0,71587.82,10009.75,47,14,10.64,378.77,16.5,9.9,74.55,0,0,12,4,0.536,0,Low,3,0.0002791492
MRC04211,Retail Trader,75,659,1,1,1,2468179.45,311927.67,32,11,-3.12,19133.17,22.8,13.53,73.98,30,1,12,4,0.436,0,Low,3,6.3834865e-05
MRC04212,Small Mfg,70,681,1,1,1,2444978.98,267653.47,45,14,6.67,13508.17,15.03,12.94,35.57,34,0,2,4,0.343,0,Low,4,0.00010448936
MRC04213,Agri-Allied,1,660,1,1,1,67864.73,9418.14,41,12,12.2,411.3,16.65,-4.98,50.35,35,0,5,3,0.37,0,Low,0,0.000104531115
MRC04214,Retail Trader,118,745,2,1,1,314556.96,35495.74,43,14,2.33,1818.25,14.09,-3.5,49.01,27,2,2,4,0.977,0,Low,3,0.00079690997
MRC04215,Small Mfg,70,677,1,0,0,1230551.09,177213.77,43,12,16.28,7113.01,13.46,-3.49,0.0,0,0,10,5,0.312,0,Low,4,0.00015609975
MRC04216,Food & Beverages,77,645,2,1,1,1368251.1,31774.19,41,14,-2.44,8292.43,9.37,-7.64,63.47,19,0,1,4,0.975,0,Low,2,5.722545e-05
MRC04217,Retail Trader,86,733,1,1,1,725293.36,101405.78,45,16,-6.67,4007.15,24.24,-0.06,73.58,31,1,4,4,0.896,0,Low,3,0.00013334955
MRC04218,Agri-Allied,56,668,1,0,0,745186.99,68740.72,46,15,2.17,4028.04,8.64,-0.93,0.0,0,1,4,3,0.338,0,Low,0,0.00013830433
MRC04219,Small Mfg,31,659,1,1,0,236497.89,8167.15,51,7,58.82,1153.65,50.1,17.17,97.85,0,2,63,3,0.105,1,High,4,0.99972373
MRC04220,Retail Trader,86,675,1,0,1,40953.05,1963.23,46,17,-10.87,221.37,6.74,-1.28,0.0,28,0,6,4,0.654,0,Low,3,0.00012787044
MRC04221,Textile & Apparel,37,642,2,1,1,8532635.0,1115904.04,42,14,0.0,50488.96,24.87,-8.45,43.74,28,0,7,5,0.663,0,Low,6,3.5279154e-05
MRC04222,Small Mfg,47,650,2,1,0,228113.65,19571.06,44,13,11.36,1288.78,16.11,-5.35,49.86,0,0,6,3,0.394,0,Low,4,7.457792e-05
MRC04223,Tech Services,91,603,3,0,0,901492.34,133210.19,64,23,-7.81,3507.75,21.29,-2.6,0.0,0,0,6,5,0.566,0,Low,5,0.00012923218
MRC04224,Food & Beverages,114,589,1,1,0,602825.11,21267.09,31,10,3.23,4822.6,16.26,12.22,35.67,0,1,12,4,0.91,0,Low,2,0.00010228444
MRC04225,Small Mfg,116,570,1,0,1,2140686.36,157609.0,29,8,17.24,18296.46,21.1,13.16,0.0,35,0,0,5,0.411,0,Low,4,0.00012200101
MRC04226,Food & Beverages,78,538,1,0,1,837248.88,52866.97,49,6,63.27,4249.99,61.76,44.99,0.0,3,1,42,2,0.044,1,High,2,0.99974495
MRC04227,Textile & Apparel,47,579,2,0,1,876883.25,76374.43,37,13,-5.41,5885.12,13.9,7.35,0.0,25,1,13,5,0.343,0,Low,6,8.215095e-05
MRC04228,Small Mfg,69,636,1,1,0,30909.48,3163.49,37,11,10.81,207.45,14.12,11.27,40.66,0,1,11,4,0.807,0,Low,4,7.9913385e-05
MRC04229,Agri-Allied,58,658,1,1,1,268335.44,28446.73,42,14,0.0,1587.78,5.05,2.65,62.86,32,0,10,5,0.512,0,Low,0,3.0076551e-05
MRC04230,Retail Trader,36,628,1,0,0,1782557.44,35951.45,33,3,72.73,13402.69,41.14,22.98,0.0,0,3,53,1,0.104,1,High,3,0.9990182
MRC04231,Small Mfg,32,461,1,1,1,1600140.3,50508.2,47,15,4.26,8466.35,24.04,14.4,59.79,24,1,12,4,0.977,0,Low,4,0.00010664037
MRC04232,Agri-Allied,98,775,3,0,0,232819.0,5717.64,42,12,14.29,1377.63,18.51,-5.94,0.0,0,1,5,5,0.929,0,Low,0,0.0003236604
MRC04233,Textile & Apparel,64,736,2,1,1,109794.5,14536.56,54,4,77.78,505.97,49.36,40.73,88.51,5,1,82,1,0.085,1,High,6,0.99991465
MRC04234,Tech Services,71,685,2,0,1,849068.52,51562.23,49,17,-4.08,4309.99,9.01,6.0,0.0,32,0,6,5,0.33,0,Low,5,0.00011843498
MRC04235,Retail Trader,42,802,2,0,1,22289.5,1509.41,48,17,-6.25,115.49,14.82,2.71,0.0,27,0,0,4,0.489,0,Low,3,0.00013097796
MRC04236,Textile & Apparel,48,571,2,0,0,183797.69,14436.99,52,18,-3.85,879.41,5.69,-2.58,0.0,0,0,3,4,0.383,0,Low,6,0.00013951682
MRC04237,Retail Trader,74,801,1,1,1,6029612.41,786319.17,44,12,18.18,34065.61,18.54,12.91,66.2,15,0,8,5,0.678,0,Low,3,0.00015214311
MRC04238,Food & Beverages,114,572,2,1,1,4131209.56,90232.28,51,15,11.76,20152.24,20.68,11.15,61.3,29,0,12,3,0.537,0,Low,2,0.00012666623
MRC04239,Small Mfg,81,669,1,1,0,1308902.07,46361.8,49,15,8.16,6644.17,19.96,-3.39,44.36,0,0,10,4,0.506,0,Low,4,0.00014743487
MRC04240,Textile & Apparel,30,548,1,0,0,1054738.66,115041.62,45,15,0.0,5827.29,6.74,9.35,0.0,0,1,3,4,0.817,0,Low,6,9.258767e-05
MRC04241,Small Mfg,21,651,2,1,1,70248.56,10207.54,51,4,76.47,342.68,42.86,59.54,92.86,3,1,69,1,0.164,1,High,4,0.999577
MRC04242,Textile & Apparel,60,680,2,1,0,299898.49,31058.16,44,15,-2.27,1694.34,18.12,-1.87,46.75,0,0,8,3,0.609,0,Low,6,0.00010740485
MRC04243,Food & Beverages,13,637,2,0,1,511855.52,27612.58,27,9,0.0,4695.92,20.18,-7.52,0.0,35,0,9,5,0.827,0,Low,2,5.1177598e-05
MRC04244,Textile & Apparel,1,707,2,0,0,307645.52,26944.33,36,11,8.33,2121.69,10.48,11.26,0.0,0,1,9,4,0.607,0,Low,6,0.00010770382
MRC04245,Textile & Apparel,65,657,1,0,1,479120.78,70309.76,54,5,72.22,2207.93,45.25,34.26,0.0,3,1,31,3,0.049,1,High,6,0.9991524
MRC04246,Construction,111,608,1,1,1,3467933.04,307432.09,67,7,68.66,12891.94,49.82,53.76,96.23,5,0,58,2,0.024,1,High,1,0.9998766
MRC04247,Retail Trader,33,604,1,1,0,380717.28,26100.45,50,16,4.0,1894.12,5.09,-5.14,68.56,0,1,8,5,0.637,0,Low,3,6.279278e-05
MRC04248,Retail Trader,38,714,2,1,1,484500.13,33840.07,37,3,75.68,3251.68,50.09,26.62,88.66,9,3,53,3,0.015,1,High,3,0.99919814
MRC04249,Small Mfg,25,597,4,0,1,1771677.76,258158.88,42,14,0.0,10483.3,18.38,-7.32,0.0,34,0,2,3,0.598,0,Low,4,0.000110968256
MRC04250,Construction,26,723,1,0,0,132803.93,15067.82,47,4,74.47,702.67,56.63,28.73,0.0,0,2,22,1,0.186,1,High,1,0.9992779
MRC04251,Textile & Apparel,77,747,1,1,1,266133.81,29097.07,37,11,10.81,1786.13,18.76,7.54,38.96,31,0,7,5,0.489,0,Low,6,7.9383084e-05
MRC04252,Retail Trader,59,516,2,0,1,300960.08,15098.28,37,11,10.81,2019.87,9.85,-4.86,0.0,27,1,1,4,0.84,0,Low,3,6.888462e-05
MRC04253,Textile & Apparel,92,740,3,1,0,779735.92,72307.25,53,15,15.09,3660.73,19.31,-6.69,42.27,0,0,12,5,0.575,0,Low,6,0.00026082277
MRC04254,Agri-Allied,33,814,2,1,1,482166.86,32004.73,41,14,-2.44,2922.22,14.14,-5.8,58.92,25,0,10,4,0.978,0,Low,0,0.00013088157
MRC04255,Retail Trader,101,670,1,0,1,500814.43,25654.82,47,16,-2.13,2649.81,22.44,4.9,0.0,30,0,10,5,0.593,0,Low,3,9.2323266e-05
MRC04256,Small Mfg,41,697,4,1,0,328461.6,44809.32,49,16,2.04,1667.32,15.89,-4.43,35.72,0,0,10,4,0.947,0,Low,4,8.357849e-05
MRC04257,Construction,30,732,3,1,1,201794.21,14087.31,34,11,2.94,1472.95,8.69,-0.57,30.14,29,0,10,5,0.436,0,Low,1,0.00013482515
MRC04258,Textile & Apparel,57,627,1,1,1,1515068.95,85998.85,55,17,7.27,6855.52,21.44,11.24,74.72,41,0,13,4,0.861,0,Low,6,6.157211e-05
MRC04259,Textile & Apparel,49,664,3,1,1,486326.29,68632.14,41,14,-2.44,2947.43,20.55,-5.61,50.27,33,0,5,4,0.582,0,Low,6,7.762415e-05
MRC04260,Textile & Apparel,48,544,2,0,0,1533131.26,69995.16,40,15,-12.5,9522.55,6.68,10.66,0.0,0,1,3,5,0.453,0,Low,6,7.930787e-05
MRC04261,Retail Trader,72,661,1,1,1,192153.0,22465.69,40,4,70.0,1193.5,33.27,51.24,91.16,3,2,44,1,0.006,1,High,3,0.9999187
MRC04262,Tech Services,49,689,2,1,1,328308.64,34425.5,50,16,4.0,1633.38,7.73,10.78,63.89,22,1,0,3,0.331,0,Low,5,5.1444127e-05
MRC04263,Textile & Apparel,47,691,3,1,1,559377.8,78124.37,49,14,14.29,2839.48,21.91,-1.32,66.06,27,1,10,5,0.89,0,Low,6,8.794846e-05
MRC04264,Textile & Apparel,56,735,2,1,0,625658.24,80188.19,49,17,-4.08,3175.93,11.41,1.81,55.62,0,0,1,4,0.374,0,Low,6,0.00019864486
MRC04265,Small Mfg,65,588,1,1,0,1803504.85,201430.53,43,5,65.12,10424.88,43.95,37.82,96.14,0,1,25,2,0.059,1,High,4,0.9998535
MRC04266,Textile & Apparel,12,607,4,0,1,435125.1,26496.65,36,13,-8.33,3000.86,17.06,-9.06,0.0,28,1,1,4,0.775,0,Low,6,5.1662257e-05
MRC04267,Small Mfg,69,801,1,0,0,1787074.87,150871.96,39,13,0.0,11382.64,19.87,6.59,0.0,0,0,2,3,0.593,0,Low,4,0.00021248966
MRC04268,Retail Trader,88,637,2,0,1,1143875.72,163327.66,41,12,12.2,6932.58,21.6,-7.0,0.0,33,0,10,3,0.329,0,Low,3,5.8970243e-05
MRC04269,Food & Beverages,6,666,2,0,1,641636.27,14768.12,43,14,2.33,3708.88,15.32,-2.8,0.0,26,1,7,3,0.413,0,Low,2,9.831846e-05
MRC04270,Construction,89,644,1,0,1,232917.93,28710.19,40,15,-12.5,1446.7,13.32,10.24,0.0,35,2,9,4,0.837,0,Low,1,0.00053379993
MRC04271,Small Mfg,65,584,1,0,1,1808937.69,95394.95,38,5,60.53,11823.12,36.17,30.4,0.0,5,5,36,1,0.025,1,High,4,0.9999106
MRC04272,Construction,25,779,3,1,0,240000.2,10572.54,51,15,11.76,1170.73,17.15,5.55,45.55,0,1,8,3,0.709,0,Low,1,0.00026304813
MRC04273,Retail Trader,1,607,1,1,1,711025.48,35685.8,33,3,72.73,5346.06,69.07,38.35,81.52,6,3,73,2,0.19,1,High,3,0.99979705
MRC04274,Agri-Allied,32,559,2,1,1,683697.92,18984.67,51,15,11.76,3335.11,10.82,6.7,71.6,30,0,11,4,0.722,0,Low,0,0.000112822774
MRC04275,Small Mfg,106,613,2,1,1,568914.72,84744.04,48,17,-6.25,2947.74,13.92,-6.71,59.93,30,1,13,4,0.672,0,Low,4,5.7266236e-05
MRC04276,Small Mfg,106,489,2,0,0,457172.62,60841.9,58,19,1.72,1962.11,19.79,14.12,0.0,0,0,4,4,0.628,0,Low,4,9.378282e-05
MRC04277,Textile & Apparel,3,597,2,1,1,271986.57,23863.36,48,8,50.0,1409.26,35.78,33.69,89.85,2,0,37,1,0.082,1,High,6,0.99952614
MRC04278,Textile & Apparel,49,572,1,1,1,104786.09,11836.99,56,16,14.29,465.72,14.63,10.67,35.44,25,1,5,5,0.796,0,Low,6,9.652987e-05
MRC04279,Retail Trader,19,699,1,0,0,3931634.02,363115.49,44,16,-9.09,22212.62,10.45,13.0,0.0,0,0,8,4,0.681,0,Low,3,0.00015304289
MRC04280,Textile & Apparel,60,596,3,1,1,404307.84,50742.76,40,4,70.0,2511.23,55.59,44.34,86.19,6,1,48,1,0.063,1,High,6,0.999895
MRC04281,Retail Trader,107,721,2,0,1,625474.28,81198.74,55,17,7.27,2830.2,17.55,-9.76,0.0,44,1,0,3,0.73,0,Low,3,0.00011104775
MRC04282,Food & Beverages,29,761,1,0,1,620901.13,31208.2,37,4,67.57,4167.12,47.5,59.04,0.0,3,2,77,3,0.154,1,High,2,0.9999145
MRC04283,Retail Trader,50,712,3,0,1,2716147.85,216659.54,41,12,12.2,16461.5,9.77,9.1,0.0,36,0,10,5,0.806,0,Low,3,8.734976e-05
MRC04284,Retail Trader,2,632,2,1,1,7421064.48,760883.27,38,14,-10.53,48503.69,8.5,-6.14,73.63,29,1,6,3,0.884,0,Low,3,5.425019e-05
MRC04285,Agri-Allied,73,661,1,1,1,883650.5,130070.98,47,13,17.02,4675.4,11.79,10.76,55.13,36,1,2,4,0.956,0,Low,0,9.2746464e-05
MRC04286,Small Mfg,56,528,4,1,1,604161.48,65702.33,46,13,15.22,3265.74,23.17,10.26,44.97,28,0,4,5,0.537,0,Low,4,0.000118558026
MRC04287,Tech Services,17,639,2,1,0,189444.54,25895.66,38,14,-10.53,1238.2,20.08,1.53,48.82,0,1,4,5,0.641,0,Low,5,7.886533e-05
MRC04288,Agri-Allied,60,581,1,0,1,129016.28,16771.42,48,17,-6.25,668.48,22.82,13.67,0.0,27,1,1,4,0.604,0,Low,0,0.00015455234
MRC04289,Textile & Apparel,110,705,1,1,1,86788.56,8302.91,48,15,6.25,449.68,21.85,4.55,60.99,27,0,2,4,0.379,0,Low,6,0.00015291553
MRC04290,Food & Beverages,36,855,2,1,1,280684.36,38222.25,47,13,17.02,1485.1,14.18,1.07,38.25,27,1,13,5,0.545,0,Low,2,0.00015946715
MRC04291,Agri-Allied,61,689,2,0,1,59336.16,4098.04,54,19,-5.56,273.44,15.61,-9.67,0.0,24,0,8,4,0.855,0,Low,0,0.00015234458
MRC04292,Retail Trader,17,490,1,1,0,2662020.41,184496.27,42,13,7.14,15751.6,8.39,13.82,48.64,0,1,9,4,0.506,0,Low,3,0.000104535
MRC04293,Agri-Allied,49,621,1,0,1,1211918.86,147279.09,39,12,7.69,7719.23,19.42,-6.79,0.0,27,1,1,5,0.521,0,Low,0,2.9257892e-05
MRC04294,Tech Services,76,659,1,0,1,539302.21,20218.8,54,17,5.56,2485.26,13.44,-2.6,0.0,29,0,12,5,0.463,0,Low,5,4.235674e-05
MRC04295,Textile & Apparel,60,656,2,1,1,2761434.3,165015.8,48,16,0.0,14307.95,8.23,8.24,56.03,31,0,9,3,0.774,0,Low,6,4.9712115e-05
MRC04296,Textile & Apparel,20,591,1,1,0,201715.33,19992.9,47,5,68.09,1067.28,64.97,36.12,81.08,0,1,61,1,0.186,1,High,6,0.99901307
MRC04297,Retail Trader,50,669,1,1,1,272671.41,20343.61,41,14,-2.44,1652.55,18.92,3.56,58.49,48,0,1,4,0.441,0,Low,3,4.140211e-05
MRC04298,Retail Trader,3,550,2,1,0,71642.81,10194.35,39,7,46.15,456.32,47.17,54.15,93.03,0,2,64,1,0.001,1,High,3,0.99987674
MRC04299,Textile & Apparel,43,574,2,0,1,1847279.24,267127.27,46,16,-4.35,9985.29,5.18,-9.44,0.0,33,1,7,5,0.817,0,Low,6,7.264912e-05
MRC04300,Small Mfg,57,701,2,1,1,275843.91,23539.3,41,14,-2.44,1671.78,21.49,6.04,51.26,29,0,5,4,0.554,0,Low,4,6.734962e-05
MRC04301,Retail Trader,50,568,1,1,1,743284.93,66953.65,40,14,-5.0,4616.68,17.39,5.07,34.43,27,1,3,5,0.527,0,Low,3,7.3926e-05
MRC04302,Construction,68,693,1,1,0,2429246.49,277423.65,41,14,-2.44,14722.71,5.77,8.36,74.91,0,0,3,5,0.865,0,Low,1,0.00021041067
MRC04303,Food & Beverages,81,540,1,1,0,3779192.45,300235.83,39,14,-7.69,24071.29,11.09,5.46,59.25,0,0,9,4,0.469,0,Low,2,9.55002e-05
MRC04304,Small Mfg,50,791,4,1,1,704345.57,31493.26,51,17,0.0,3435.83,19.45,1.05,57.38,29,0,11,4,0.349,0,Low,4,0.00012879472
MRC04305,Food & Beverages,37,588,2,1,1,1156703.75,135456.94,32,10,6.25,8966.7,6.18,1.97,71.25,24,1,11,4,0.753,0,Low,2,7.998795e-05
MRC04306,Retail Trader,46,632,1,1,1,246564.7,28579.85,40,14,-5.0,1531.46,19.73,-4.5,54.38,42,0,8,5,0.498,0,Low,3,4.3399876e-05
MRC04307,Agri-Allied,42,676,1,1,1,5498841.61,285101.43,48,14,12.5,28491.41,15.1,-7.91,46.22,36,0,11,4,0.394,0,Low,0,6.3686806e-05
MRC04308,Small Mfg,15,604,2,1,1,597565.59,76655.2,54,19,-5.56,2753.76,20.66,11.52,37.86,27,1,10,5,0.906,0,Low,4,9.363877e-05
MRC04309,Food & Beverages,33,661,2,0,0,803186.28,80137.43,53,19,-7.55,3770.83,22.1,7.28,0.0,0,0,10,4,0.865,0,Low,2,0.00013508122
MRC04310,Food & Beverages,80,696,2,1,1,447654.19,22704.67,44,13,11.36,2529.12,20.36,-6.93,44.9,29,0,1,5,0.725,0,Low,2,0.00010204391
MRC04311,Retail Trader,11,726,3,1,1,3075871.39,322243.94,48,16,0.0,15937.16,6.56,-3.39,53.24,36,0,11,4,0.51,0,Low,3,0.000106485306
MRC04312,Construction,119,713,2,1,1,926818.2,46683.13,45,12,20.0,5120.54,14.21,11.58,52.9,34,2,12,4,0.56,0,Low,1,0.0009935455
MRC04313,Retail Trader,20,636,2,1,1,1817770.84,99032.67,55,19,-3.64,8225.21,11.37,14.0,63.32,27,1,10,4,0.35,0,Low,3,5.05141e-05
MRC04314,Tech Services,102,638,3,0,1,1115429.14,145274.84,52,17,1.92,5336.98,15.17,9.78,0.0,32,0,7,5,0.942,0,Low,5,5.6904384e-05
MRC04315,Construction,24,837,2,0,0,559897.35,78852.53,51,17,0.0,2731.21,24.32,4.25,0.0,0,0,1,4,0.54,0,Low,1,0.00021100816
MRC04316,Retail Trader,64,725,2,0,1,2225210.94,118814.57,51,15,11.76,10854.69,7.49,11.73,0.0,33,0,9,5,0.376,0,Low,3,0.000120540855
MRC04317,Small Mfg,118,576,4,0,0,1103921.54,155262.85,45,16,-6.67,6099.01,22.31,5.67,0.0,0,1,1,4,0.876,0,Low,4,0.00011594322
MRC04318,Retail Trader,80,657,1,1,1,230227.94,11751.72,45,4,73.33,1271.98,48.33,49.92,83.53,3,1,41,2,0.06,1,High,3,0.9997116
MRC04319,Textile & Apparel,94,623,1,0,1,222558.74,7844.03,50,7,58.0,1107.26,60.79,20.6,0.0,2,2,40,1,0.014,1,High,6,0.9991742
MRC04320,Agri-Allied,98,639,3,1,1,872041.31,24041.4,45,15,0.0,4817.91,20.93,-1.15,55.31,29,0,8,4,0.48,0,Low,0,6.112474e-05
MRC04321,Small Mfg,65,551,2,1,1,2167206.31,111556.34,48,7,56.25,11229.05,49.86,28.63,76.94,4,3,21,2,0.111,1,High,4,0.99976903
MRC04322,Construction,88,617,3,0,0,5216330.06,365571.11,41,11,19.51,31614.12,8.56,-4.83,0.0,0,0,0,5,0.644,0,Low,1,5.1573952e-05
MRC04323,Small Mfg,88,794,1,0,1,86451.93,12153.52,38,13,-2.63,565.05,17.16,-5.14,0.0,21,0,7,4,0.379,0,Low,4,0.00020797171
MRC04324,Agri-Allied,73,696,2,1,0,752225.8,38724.99,48,5,68.75,3897.54,59.41,45.81,79.33,0,2,36,1,0.052,1,High,0,0.99995315
MRC04325,Food & Beverages,86,450,1,0,0,1312674.47,88619.3,46,15,2.17,7095.54,11.33,4.09,0.0,0,0,12,4,0.635,0,Low,2,9.576056e-05
MRC04326,Construction,76,747,2,0,0,1040074.56,120066.48,42,13,7.14,6154.29,17.34,0.35,0.0,0,1,8,4,0.766,0,Low,1,0.00020186578
MRC04327,Retail Trader,17,737,1,1,0,2449005.36,145151.65,49,15,8.16,12431.5,7.33,3.09,73.1,0,0,13,4,0.5,0,Low,3,0.00022240341
MRC04328,Construction,89,621,1,1,1,1601803.55,174545.1,63,23,-9.52,6331.24,17.68,14.45,31.2,36,0,0,5,0.942,0,Low,1,4.435985e-05
MRC04329,Retail Trader,92,707,1,1,1,223552.1,17027.99,47,16,-2.13,1182.82,22.93,12.35,45.5,32,0,2,5,0.713,0,Low,3,0.0001394119
MRC04330,Food & Beverages,61,581,2,0,1,215830.78,9828.47,39,13,0.0,1374.72,14.44,2.69,0.0,33,0,4,5,0.742,0,Low,2,0.00015422067
MRC04331,Textile & Apparel,15,612,1,0,1,1061237.06,122496.11,43,16,-11.63,6134.32,20.29,3.68,0.0,36,0,11,4,0.894,0,Low,6,4.7316153e-05
MRC04332,Retail Trader,94,769,1,1,0,2394312.06,56302.36,45,14,6.67,13228.24,17.71,5.36,54.95,0,0,11,5,0.418,0,Low,3,0.00022049363
MRC04333,Textile & Apparel,51,628,1,1,0,866399.21,50254.21,49,16,2.04,4397.97,5.06,9.77,49.9,0,0,7,3,0.868,0,Low,6,5.0171515e-05
MRC04334,Small Mfg,27,500,1,1,1,109807.08,7280.6,31,10,3.23,878.46,7.44,11.85,46.35,28,0,12,3,0.956,0,Low,4,0.00012490145
MRC04335,Textile & Apparel,86,644,3,0,1,207605.37,16518.82,48,18,-12.5,1075.68,20.5,-6.34,0.0,34,2,7,4,0.6,0,Low,6,0.00061708834
MRC04336,Retail Trader,74,643,1,0,1,1672481.53,181268.57,50,5,70.0,8320.8,31.63,43.62,0.0,4,2,20,2,0.156,1,High,3,0.9997577
MRC04337,Small Mfg,61,745,1,0,0,480040.57,38270.11,55,17,7.27,2172.13,24.12,-4.32,0.0,0,0,2,4,0.698,0,Low,4,0.00013894463
MRC04338,Tech Services,58,651,3,1,1,840329.0,81732.19,45,13,13.33,4642.7,22.88,5.54,59.84,34,0,10,4,0.755,0,Low,5,5.9915634e-05
MRC04339,Textile & Apparel,31,616,2,0,0,2619519.98,255275.58,52,15,13.46,12533.59,12.25,-5.72,0.0,0,0,2,3,0.787,0,Low,6,4.7520003e-05
MRC04340,Retail Trader,91,733,2,1,0,172361.47,11811.12,36,12,0.0,1188.7,11.21,10.2,62.83,0,0,6,4,0.98,0,Low,3,0.00027995836
MRC04341,Textile & Apparel,12,659,2,0,0,443702.16,62746.7,46,13,15.22,2398.39,17.26,6.52,0.0,0,0,10,3,0.397,0,Low,6,6.289226e-05
MRC04342,Retail Trader,46,589,3,1,1,389474.09,56185.92,47,13,17.02,2060.71,17.24,11.65,37.62,39,0,1,4,0.841,0,Low,3,5.696585e-05
MRC04343,Food & Beverages,31,742,1,0,1,1117364.16,106865.4,40,15,-12.5,6940.15,6.78,13.61,0.0,40,0,4,5,0.501,0,Low,2,0.00011163659
MRC04344,Food & Beverages,32,665,4,1,1,1844033.43,54066.72,49,18,-10.2,9360.58,9.31,13.35,37.75,24,0,5,5,0.921,0,Low,2,8.6417116e-05
MRC04345,Small Mfg,32,650,3,0,1,123460.81,10351.77,44,13,11.36,697.52,17.73,-6.37,0.0,29,0,2,3,0.856,0,Low,4,5.720107e-05
MRC04346,Textile & Apparel,105,664,2,1,1,724586.46,31863.34,39,14,-7.69,4615.2,21.02,-0.58,65.48,32,1,13,4,0.512,0,Low,6,0.00010805296
MRC04347,Food & Beverages,109,564,2,1,1,2070281.04,171456.3,31,11,-6.45,16562.25,8.84,2.08,59.97,29,1,6,5,0.616,0,Low,2,0.00010986713
MRC04348,Agri-Allied,99,607,2,0,1,78767.54,3505.38,45,6,60.0,435.18,38.43,55.42,0.0,9,1,61,2,0.113,1,High,0,0.9988663
MRC04349,Food & Beverages,53,650,1,1,1,675176.27,75282.95,58,10,48.28,2897.75,42.04,44.74,98.4,5,3,80,2,0.093,1,High,2,0.999933
MRC04350,Small Mfg,61,634,1,1,1,169576.37,5164.58,44,13,11.36,958.06,7.36,13.14,53.85,28,0,0,4,0.949,0,Low,4,5.8079586e-05
MRC04351,Food & Beverages,46,751,4,1,1,337769.75,48615.04,62,6,70.97,1356.51,47.81,34.57,79.17,3,5,60,2,0.049,1,High,2,0.9999249
MRC04352,Small Mfg,85,667,2,1,1,36096.76,1638.75,48,17,-6.25,187.03,22.01,5.78,56.08,21,0,6,4,0.937,0,Low,4,0.00015172311
MRC04353,Textile & Apparel,74,718,1,1,1,3879748.7,410808.45,44,14,4.55,21919.48,12.41,14.52,47.51,31,0,2,4,0.339,0,Low,6,0.00010589042
MRC04354,Construction,80,650,2,0,0,475920.0,66250.49,35,12,-2.86,3375.32,10.39,12.07,0.0,0,0,11,4,0.88,0,Low,1,6.9745416e-05
MRC04355,Agri-Allied,7,734,2,0,1,276888.39,14460.56,45,15,0.0,1529.77,19.91,-0.95,0.0,35,1,6,4,0.981,0,Low,0,0.0001345834
MRC04356,Small Mfg,4,681,1,1,0,1081565.9,152996.79,36,11,8.33,7459.08,13.02,2.11,68.16,0,0,5,5,0.328,0,Low,4,0.00016729615
MRC04357,Retail Trader,91,651,2,1,1,208819.96,14727.59,55,16,12.73,944.89,19.13,9.25,56.03,25,0,4,5,0.996,0,Low,3,6.870526e-05
MRC04358,Small Mfg,52,648,2,0,0,186335.96,26994.31,41,6,56.1,1129.31,64.15,57.08,0.0,0,3,68,2,0.08,1,High,4,0.99986386
MRC04359,Agri-Allied,119,573,1,1,0,4467747.85,653530.1,43,15,-4.65,25825.13,16.07,7.62,48.93,0,0,13,5,0.431,0,Low,0,8.9062494e-05
MRC04360,Retail Trader,89,690,4,0,0,6390963.73,284080.82,43,15,-4.65,36941.99,12.59,-9.73,0.0,0,0,11,5,0.444,0,Low,3,0.0001842469
MRC04361,Retail Trader,31,646,1,1,1,358442.52,45895.47,45,3,80.0,1980.35,60.9,56.78,99.24,8,4,69,2,0.164,1,High,3,0.99935824
MRC04362,Small Mfg,75,609,2,1,0,2625614.84,118532.68,41,3,78.05,15912.82,42.84,46.51,77.17,0,2,81,3,0.132,1,High,4,0.9998641
MRC04363,Food & Beverages,112,738,1,1,0,1118219.82,55281.75,51,9,47.06,5454.73,35.92,52.21,92.36,0,4,37,1,0.075,1,High,2,0.9999206
MRC04364,Agri-Allied,84,549,2,0,0,133706.51,4136.4,46,14,8.7,722.74,7.62,-7.6,0.0,0,0,4,5,0.607,0,Low,0,0.0001659663
MRC04365,Retail Trader,36,616,1,1,1,239483.96,9663.13,40,13,2.5,1487.48,24.84,10.17,53.32,27,0,8,4,0.596,0,Low,3,5.6109897e-05
MRC04366,Small Mfg,54,732,1,1,1,4691766.67,479444.44,40,13,2.5,29141.41,6.03,-1.47,71.55,25,0,13,4,0.321,0,Low,4,9.556343e-05
MRC04367,Retail Trader,54,675,3,1,0,131642.6,10321.16,51,17,0.0,642.16,6.42,9.39,49.52,0,0,9,4,0.368,0,Low,3,0.00017517757
MRC04368,Textile & Apparel,119,646,1,0,0,11264865.65,1383581.79,43,12,16.28,65114.83,6.51,13.29,0.0,0,0,7,4,0.713,0,Low,6,5.7796206e-05
MRC04369,Retail Trader,17,670,2,1,1,367458.4,23208.52,41,15,-9.76,2227.02,22.41,-2.17,39.14,33,0,9,4,0.357,0,Low,3,6.251227e-05
MRC04370,Retail Trader,109,664,2,1,1,4862084.86,709481.23,33,9,18.18,36557.03,19.57,1.34,63.92,43,0,10,5,0.681,0,Low,3,0.000108455344
MRC04371,Retail Trader,75,528,4,1,0,505510.18,13387.64,36,10,16.67,3486.28,24.46,-7.81,43.69,0,1,10,4,0.419,0,Low,3,0.00014170358
MRC04372,Textile & Apparel,30,622,2,1,1,1904793.78,53680.28,45,13,13.33,10523.72,6.33,-2.63,74.57,28,1,6,5,0.855,0,Low,6,6.170848e-05
MRC04373,Retail Trader,99,779,1,1,1,3890467.03,432537.21,38,14,-10.53,25427.89,18.83,3.66,37.5,23,1,11,5,0.649,0,Low,3,0.00013070622
MRC04374,Textile & Apparel,105,597,1,0,1,3866826.03,523491.12,40,11,17.5,24017.55,15.67,-5.5,0.0,30,0,9,4,0.786,0,Low,6,9.671331e-05
MRC04375,Agri-Allied,102,624,3,1,1,361769.07,44647.74,47,17,-8.51,1914.12,17.78,3.43,54.27,25,2,2,4,0.826,0,Low,0,0.00042536462
MRC04376,Agri-Allied,22,606,3,1,0,260702.26,21814.58,52,15,13.46,1247.38,15.26,-2.18,33.09,0,0,1,5,0.434,0,Low,0,6.340877e-05
MRC04377,Textile & Apparel,117,643,1,0,0,661685.46,36428.02,49,14,14.29,3358.81,18.51,14.75,0.0,0,0,13,5,0.76,0,Low,6,6.60257e-05
MRC04378,Food & Beverages,43,603,2,1,1,153188.5,3331.65,38,13,-2.63,1001.23,23.14,-0.61,50.32,30,0,5,5,0.767,0,Low,2,0.00012048122
MRC04379,Retail Trader,112,688,2,0,1,972005.76,83814.78,44,4,72.73,5491.56,63.32,23.86,0.0,6,3,47,3,0.198,1,High,3,0.999405
MRC04380,Agri-Allied,115,665,4,0,0,272404.68,22291.61,43,15,-4.65,1574.59,22.93,1.82,0.0,0,1,6,3,0.628,0,Low,0,9.9938996e-05
MRC04381,Retail Trader,27,711,3,1,1,2674443.1,173175.45,44,13,11.36,15109.85,20.64,-1.65,45.52,36,0,1,5,0.79,0,Low,3,0.0001100778
MRC04382,Retail Trader,37,565,4,1,1,368009.89,35015.94,51,18,-5.88,1795.17,22.3,-0.75,36.51,24,0,10,5,0.433,0,Low,3,5.730884e-05
MRC04383,Agri-Allied,46,622,3,1,0,90155.32,10344.95,48,13,18.75,467.13,18.19,-0.74,31.68,0,0,12,4,0.666,0,Low,0,4.618871e-05
MRC04384,Agri-Allied,113,631,3,1,1,3918022.94,435352.96,46,14,8.7,21178.5,15.37,12.03,43.92,21,0,12,4,0.593,0,Low,0,5.6633384e-05
MRC04385,Tech Services,35,686,1,1,0,908946.58,49285.69,45,5,66.67,5021.8,69.81,47.93,82.72,0,2,30,1,0.005,1,High,5,0.999902
MRC04386,Agri-Allied,4,586,3,1,0,755369.16,72583.03,53,15,15.09,3546.33,21.7,-3.68,41.07,0,0,0,5,0.886,0,Low,0,0.00011691633
MRC04387,Construction,80,723,2,1,0,2712208.33,106700.13,45,15,0.0,14984.58,9.84,9.81,56.94,0,0,4,4,0.745,0,Low,1,0.00016494728
MRC04388,Retail Trader,80,744,4,1,1,2075871.87,74333.32,42,14,0.0,12283.27,5.73,1.09,74.51,36,0,1,3,0.943,0,Low,3,0.00021783522
MRC04389,Retail Trader,85,570,2,1,1,292370.1,35716.3,42,16,-14.29,1730.0,15.38,-6.37,45.46,34,0,0,5,0.625,0,Low,3,7.046643e-05
MRC04390,Retail Trader,26,610,1,0,1,425177.53,46849.02,48,16,0.0,2202.99,17.65,14.96,0.0,33,1,3,5,0.937,0,Low,3,2.6865313e-05
MRC04391,Retail Trader,100,607,2,1,1,191847.05,22989.18,42,13,7.14,1135.19,18.24,-9.32,56.98,27,0,5,3,0.632,0,Low,3,7.1583134e-05
MRC04392,Agri-Allied,19,860,2,1,1,125826.28,5010.41,50,18,-8.0,626.0,18.39,7.73,56.74,21,1,5,4,0.726,0,Low,0,0.00017260546
MRC04393,Small Mfg,81,615,1,1,1,1460531.61,202868.45,46,14,8.7,7894.77,18.07,11.19,72.9,24,1,8,4,0.391,0,Low,4,6.181013e-05
MRC04394,Retail Trader,45,784,1,1,1,1167787.13,43563.73,46,15,2.17,6312.36,21.16,-1.15,65.37,26,0,5,4,0.615,0,Low,3,0.00010743047
MRC04395,Construction,26,548,2,0,1,1817541.01,241923.44,49,6,63.27,9226.1,56.5,57.99,0.0,9,2,81,2,0.073,1,High,1,0.999703
MRC04396,Food & Beverages,22,570,1,1,1,3395380.98,223447.67,55,17,7.27,15363.71,21.26,0.91,31.26,31,0,5,4,0.556,0,Low,2,9.744101e-05
MRC04397,Textile & Apparel,119,595,1,0,1,1847547.71,62274.24,47,15,4.26,9775.38,14.21,2.06,0.0,27,0,7,3,0.899,0,Low,6,9.671331e-05
MRC04398,Retail Trader,58,582,1,0,1,2055750.14,117753.3,44,15,-2.27,11614.41,6.26,14.99,0.0,33,0,12,5,0.374,0,Low,3,0.00011375115
MRC04399,Retail Trader,63,628,3,1,0,60261.37,2626.69,53,15,15.09,282.92,17.79,-9.51,49.78,0,0,2,5,0.949,0,Low,3,9.399806e-05
MRC04400,Retail Trader,28,593,2,1,0,504648.64,42283.03,47,17,-8.51,2670.1,9.2,6.4,66.32,0,0,1,4,0.491,0,Low,3,0.000106771935
MRC04401,Retail Trader,65,584,1,1,1,2320960.79,332981.04,41,15,-9.76,14066.43,22.19,10.11,58.63,34,1,3,4,0.385,0,Low,3,0.000102540405
MRC04402,Agri-Allied,44,742,2,0,1,179539.32,11243.34,38,11,13.16,1173.46,19.43,5.45,0.0,36,0,13,3,0.854,0,Low,0,0.00013963421
MRC04403,Retail Trader,100,747,2,1,1,814236.11,81075.82,52,18,-3.85,3895.87,20.32,5.75,65.73,35,0,13,4,0.862,0,Low,3,0.000162484
MRC04404,Textile & Apparel,43,725,1,1,1,1360492.51,184923.19,40,12,10.0,8450.26,10.73,11.88,69.31,39,0,13,4,0.613,0,Low,6,8.0526814e-05
MRC04405,Construction,37,691,1,0,0,1240995.2,126469.34,49,16,2.04,6299.47,17.66,4.13,0.0,0,0,0,4,0.316,0,Low,1,0.000103725055
MRC04406,Small Mfg,66,657,2,0,1,1135468.13,76173.89,41,3,78.05,6881.63,43.7,48.9,0.0,6,0,19,2,0.028,1,High,4,0.99960846
MRC04407,Construction,17,610,2,0,1,1496583.29,222705.19,50,16,4.0,7445.69,10.37,-4.75,0.0,36,0,5,4,0.423,0,Low,1,5.1951767e-05
MRC04408,Retail Trader,40,573,2,1,1,906088.87,40197.52,27,7,22.22,8312.74,21.24,2.9,60.37,32,1,12,5,0.568,0,Medium,3,9.518827e-05
MRC04409,Textile & Apparel,38,679,1,1,1,126056.58,11095.91,55,18,1.82,570.39,16.0,-9.16,66.43,30,1,6,3,0.465,0,Low,6,8.1268234e-05
MRC04410,Agri-Allied,85,556,1,1,1,1340223.09,165613.67,44,16,-9.09,7571.88,8.82,10.09,43.51,34,0,4,3,0.947,0,Low,0,9.806742e-05
MRC04411,Retail Trader,61,570,4,1,1,1026531.16,20617.21,45,13,13.33,5671.44,11.1,9.43,37.52,22,0,12,4,0.489,0,Low,3,0.00012273355
MRC04412,Retail Trader,9,742,1,1,1,128066.11,14249.35,47,7,55.32,677.6,60.32,48.84,96.51,3,2,37,1,0.144,1,High,3,0.9998714
MRC04413,Small Mfg,77,802,2,1,1,3819699.27,208726.92,31,11,-6.45,30557.59,11.25,-0.1,66.49,37,1,4,5,0.539,0,Low,4,0.00015159108
MRC04414,Small Mfg,75,681,1,1,1,1384161.69,58224.03,49,15,8.16,7026.2,8.76,-0.75,54.62,25,0,0,4,0.525,0,Low,4,9.547289e-05
MRC04415,Textile & Apparel,61,738,1,1,1,139188.17,7745.16,56,17,8.93,618.61,12.42,-4.97,54.14,39,1,0,5,0.767,0,Low,6,0.0001532748
MRC04416,Agri-Allied,80,630,1,1,1,273574.65,39856.03,48,6,62.5,1417.49,46.72,59.55,84.26,6,1,83,3,0.177,1,High,0,0.99936014
MRC04417,Textile & Apparel,16,542,1,1,1,370695.98,50396.71,52,4,76.92,1773.66,56.58,51.24,78.22,4,5,65,3,0.089,1,High,6,0.99984837
MRC04418,Retail Trader,2,698,1,0,1,370379.66,17699.73,49,7,57.14,1880.1,59.72,16.79,0.0,4,1,71,1,0.124,1,High,3,0.9974189
MRC04419,Textile & Apparel,106,695,1,0,1,1036811.01,36509.72,44,14,4.55,5857.69,11.0,9.66,0.0,30,0,8,5,0.59,0,Low,6,0.00010561079
MRC04420,Retail Trader,108,655,2,1,0,226019.8,15220.14,40,12,10.0,1403.85,5.04,7.35,56.82,0,0,12,3,0.543,0,Low,3,9.798104e-05
MRC04421,Retail Trader,72,630,2,0,1,2824280.21,273965.75,47,15,4.26,14943.28,9.51,2.85,0.0,30,0,13,4,0.897,0,Low,3,4.990506e-05
MRC04422,Construction,43,726,1,1,0,2558582.98,339597.65,43,13,9.3,14789.5,13.37,13.72,50.49,0,0,0,5,0.885,0,Low,1,0.000109212735
MRC04423,Small Mfg,42,571,3,1,1,1533680.21,223291.13,47,16,-2.13,8114.71,14.23,-5.07,38.42,31,0,12,5,0.793,0,Low,4,7.625757e-05
MRC04424,Small Mfg,77,588,1,0,1,769187.57,90494.87,61,22,-8.2,3139.54,10.33,6.0,0.0,21,0,4,4,0.688,0,Low,4,0.00011110728
MRC04425,Textile & Apparel,57,569,1,1,0,2246619.09,219878.72,37,13,-5.41,15077.98,8.01,-7.8,61.71,0,0,7,4,0.947,0,Low,6,0.00010464601
MRC04426,Textile & Apparel,81,656,2,1,0,523798.7,20167.91,54,15,16.67,2413.82,16.26,6.83,35.63,0,0,7,4,0.461,0,Low,6,6.2185376e-05
MRC04427,Retail Trader,103,562,2,0,1,305777.61,9058.26,61,17,16.39,1248.07,13.18,8.13,0.0,32,1,10,3,0.714,0,Low,3,0.00015870914
MRC04428,Retail Trader,88,595,2,1,1,3042321.93,296576.17,53,17,3.77,14283.2,13.53,9.57,31.1,32,0,0,4,0.767,0,Low,3,0.00010834123
MRC04429,Retail Trader,67,593,1,1,1,1067736.25,96179.9,44,7,52.27,6032.41,55.91,37.03,82.74,4,2,62,2,0.138,1,High,3,0.9999373
MRC04430,Food & Beverages,30,629,3,0,1,320978.95,41724.52,53,16,9.43,1506.94,16.23,-6.93,0.0,35,2,3,4,0.359,0,Low,2,0.0005148413
MRC04431,Small Mfg,116,531,2,0,0,441842.68,27367.19,38,14,-10.53,2887.86,12.77,-8.89,0.0,0,0,8,3,0.964,0,Low,4,0.000118297394
MRC04432,Agri-Allied,13,656,1,0,0,301427.99,7583.87,46,13,15.22,1629.34,10.08,7.86,0.0,0,0,12,4,0.541,0,Low,0,3.7834478e-05
MRC04433,Agri-Allied,19,749,1,0,1,8257313.34,619976.22,44,12,18.18,46651.49,13.57,9.96,0.0,24,0,2,5,0.729,0,Low,0,0.000115919676
MRC04434,Tech Services,7,660,3,0,0,733012.57,107015.22,44,16,-9.09,4141.31,22.24,-9.18,0.0,0,0,10,4,0.58,0,Low,5,0.00015054703
MRC04435,Retail Trader,9,773,2,1,1,881451.78,108792.95,43,12,16.28,5095.1,24.3,-6.25,73.01,20,0,4,5,0.64,0,Low,3,0.00018104122
MRC04436,Textile & Apparel,83,756,1,0,1,1733170.34,42272.69,39,3,76.92,11039.3,40.46,46.47,0.0,1,1,70,1,0.042,1,High,6,0.9998234
MRC04437,Textile & Apparel,109,712,1,1,1,169662.56,22685.29,39,12,7.69,1080.65,9.18,14.2,35.85,31,0,1,4,0.725,0,Low,6,0.00013424069
MRC04438,Food & Beverages,54,655,1,0,0,2719222.96,221126.21,40,11,17.5,16889.58,23.29,3.01,0.0,0,0,1,5,0.474,0,Low,2,4.071387e-05
MRC04439,Construction,104,651,2,1,1,351717.88,23712.76,37,12,2.7,2360.52,7.89,-6.17,49.06,29,0,0,5,0.317,0,Low,1,4.4846533e-05
MRC04440,Retail Trader,86,711,3,1,1,6556841.35,426693.93,36,5,58.33,45219.6,38.66,15.36,95.65,3,0,20,2,0.024,1,High,3,0.99533844
MRC04441,Tech Services,82,618,1,1,1,501224.57,48803.61,43,15,-4.65,2897.25,9.08,9.54,59.25,34,0,9,4,0.804,0,Low,5,4.9137856e-05
MRC04442,Food & Beverages,61,499,1,1,1,2533641.15,225438.13,45,14,6.67,13998.02,16.32,3.58,35.07,27,0,2,4,0.721,0,Low,2,9.584799e-05
MRC04443,Retail Trader,87,689,3,0,1,36455.3,3840.99,43,7,51.16,210.72,67.24,46.09,0.0,3,1,40,1,0.09,1,High,3,0.99978596
MRC04444,Textile & Apparel,2,559,2,1,0,178053.67,16839.14,54,16,11.11,820.52,10.74,-2.29,40.12,0,0,8,4,0.849,0,Low,6,0.0001518706
MRC04445,Textile & Apparel,50,573,2,0,1,512815.5,19852.52,48,16,0.0,2657.08,20.36,8.82,0.0,28,0,11,3,0.577,0,Low,6,7.4336436e-05
MRC04446,Construction,114,650,1,0,1,63771.42,3407.99,48,15,6.25,330.42,18.28,-1.86,0.0,43,0,13,3,0.828,0,Low,1,6.4158434e-05
MRC04447,Retail Trader,75,642,2,1,1,1500128.51,194017.39,45,14,6.67,8288.0,24.91,0.81,33.61,29,0,13,5,0.318,0,Low,3,6.431139e-05
MRC04448,Food & Beverages,31,537,2,1,0,1061878.16,112796.53,50,17,-2.0,5282.98,11.24,12.63,62.02,0,0,2,5,0.48,0,Low,2,0.00011812481
MRC04449,Textile & Apparel,33,663,1,0,0,222127.5,17390.82,52,15,13.46,1062.81,21.91,14.62,0.0,0,0,13,5,0.973,0,Low,6,0.00016578582
MRC04450,Food & Beverages,78,727,4,1,1,715580.69,31298.2,41,13,4.88,4336.85,11.05,8.93,63.3,24,1,13,4,0.626,0,Low,2,0.00013112153
MRC04451,Textile & Apparel,80,559,3,1,0,1919878.91,40317.14,45,5,66.67,10607.07,47.64,54.51,90.22,0,2,15,2,0.146,1,High,6,0.9996879
MRC04452,Agri-Allied,11,751,2,1,0,58474.18,3540.34,58,17,12.07,250.96,8.02,-3.92,56.31,0,2,8,3,0.951,0,Low,0,0.0014562537
MRC04453,Food & Beverages,33,525,2,0,1,158231.3,4292.83,43,13,9.3,914.63,15.17,-2.39,0.0,38,1,0,4,0.669,0,Low,2,0.00012490526
MRC04454,Food & Beverages,7,819,2,0,1,487913.81,40348.98,35,12,-2.86,3460.38,21.2,-5.99,0.0,35,0,9,3,0.482,0,Low,2,0.00015343711
MRC04455,Tech Services,31,617,1,1,0,750480.05,95186.53,54,4,77.78,3458.43,34.01,23.43,88.44,0,1,31,2,0.055,1,High,5,0.99234927
MRC04456,Retail Trader,48,661,1,0,1,679876.4,38822.18,51,6,64.71,3316.47,53.48,38.44,0.0,5,1,23,3,0.189,1,High,3,0.9985262
MRC04457,Small Mfg,110,498,2,1,1,2120481.5,276103.74,39,12,7.69,13506.25,19.32,6.5,73.85,40,0,1,5,0.618,0,Low,4,0.00013364844
MRC04458,Retail Trader,47,645,2,1,1,1293229.96,144315.89,53,18,-1.89,6071.5,5.69,5.31,65.06,28,0,3,3,0.802,0,Low,3,3.962517e-05
MRC04459,Textile & Apparel,78,668,3,1,1,1682786.84,61058.41,45,14,6.67,9297.16,7.13,-1.48,61.07,36,0,0,3,0.375,0,Low,6,0.00012245707
MRC04460,Agri-Allied,92,643,1,1,0,137605.91,14282.54,46,16,-4.35,743.82,6.51,-5.08,74.49,0,1,7,5,0.746,0,Low,0,9.730952e-05
MRC04461,Textile & Apparel,53,604,2,1,1,867862.55,34470.09,46,8,47.83,4691.15,58.87,59.13,78.17,6,7,79,1,0.059,1,High,6,0.99990916
MRC04462,Agri-Allied,107,574,2,1,0,504553.41,53040.08,41,13,4.88,3057.9,16.22,-6.73,34.68,0,0,13,5,0.495,0,Low,0,0.00011073549
MRC04463,Construction,80,740,2,1,1,4216374.77,162553.4,49,17,-4.08,21402.92,12.18,-6.34,44.52,34,0,7,3,0.346,0,Low,1,0.0001537794
MRC04464,Retail Trader,19,652,3,0,1,899212.59,63867.9,57,6,68.42,3926.69,36.57,21.42,0.0,7,1,38,3,0.094,1,High,3,0.992653
MRC04465,Small Mfg,81,773,4,1,0,326810.34,30608.16,57,10,47.37,1427.12,50.03,31.52,78.78,0,1,79,2,0.107,1,High,4,0.9998254
MRC04466,Textile & Apparel,90,607,1,1,1,2028894.32,53864.39,36,6,50.0,13992.37,33.09,39.88,85.99,2,2,88,3,0.173,1,High,6,0.99961156
MRC04467,Retail Trader,6,615,1,1,0,1433969.97,57258.54,38,11,13.16,9372.35,6.87,7.17,41.7,0,1,12,3,0.513,0,Low,3,4.391751e-05
MRC04468,Retail Trader,107,715,1,1,0,272141.65,16778.39,57,16,15.79,1188.39,22.13,-0.54,63.13,0,0,4,4,0.63,0,Low,3,0.0002411245
MRC04469,Construction,49,520,2,1,1,480130.09,38459.19,51,14,17.65,2342.1,6.26,6.37,59.68,37,0,4,4,0.585,0,Low,1,7.1588045e-05
MRC04470,Tech Services,73,552,1,1,1,490050.76,64492.32,58,16,17.24,2103.22,17.16,-4.72,70.39,35,2,13,5,0.398,0,Low,5,0.00062466704
MRC04471,Tech Services,50,737,2,1,0,3181786.25,141097.91,42,15,-7.14,18827.14,8.78,2.34,73.21,0,2,2,4,0.703,0,Low,5,0.0013791582
MRC04472,Construction,81,556,1,1,1,930884.28,60666.87,58,20,-3.45,3995.21,6.83,5.38,69.13,22,1,0,4,0.568,0,Low,1,0.00011520758
MRC04473,Retail Trader,95,504,2,0,0,1744779.9,142811.82,59,22,-11.86,7361.94,12.1,8.61,0.0,0,0,12,3,0.617,0,Low,3,0.00011054938
MRC04474,Textile & Apparel,12,799,2,0,0,403557.37,23588.42,32,9,15.62,3128.35,18.34,-8.01,0.0,0,0,11,3,0.469,0,Low,6,0.00024298715
MRC04475,Small Mfg,23,538,2,1,0,1090078.59,110476.42,55,18,1.82,4932.48,7.42,-7.47,46.63,0,1,11,4,0.6,0,Low,4,0.00011579826
MRC04476,Agri-Allied,54,664,2,1,0,3485189.87,185963.86,47,13,17.02,18440.16,14.51,-8.15,70.45,0,1,5,4,0.524,0,Low,0,0.00011189311
MRC04477,Textile & Apparel,118,655,1,1,0,472932.47,56943.7,49,14,14.29,2400.67,13.12,3.66,67.38,0,2,11,4,0.315,0,Low,6,0.0009034429
MRC04478,Textile & Apparel,69,425,1,0,1,837507.72,71749.31,41,5,63.41,5075.8,61.21,45.62,0.0,6,2,42,3,0.012,1,High,6,0.9998683
MRC04479,Small Mfg,107,628,2,0,1,142063.94,4435.18,51,17,0.0,692.99,23.87,-9.72,0.0,29,0,7,4,0.582,0,Low,4,7.562234e-05
MRC04480,Agri-Allied,100,685,2,0,1,291073.27,29546.81,42,12,14.29,1722.33,11.98,6.42,0.0,31,0,0,4,0.688,0,Low,0,7.183087e-05
MRC04481,Retail Trader,59,678,3,1,1,488291.84,45900.24,57,18,5.26,2132.28,24.83,9.08,71.35,29,0,2,5,0.308,0,Low,3,8.241232e-05
MRC04482,Agri-Allied,36,722,3,0,1,204228.11,13074.2,49,14,14.29,1036.69,15.77,-7.08,0.0,37,0,5,4,0.82,0,Low,0,0.000125262
MRC04483,Agri-Allied,3,619,3,0,0,3563908.57,76447.34,53,8,54.72,16731.97,52.86,30.64,0.0,0,0,62,1,0.078,1,High,0,0.9991518
MRC04484,Agri-Allied,58,707,1,1,0,266836.55,12298.82,44,3,79.55,1507.55,46.44,16.21,98.53,0,1,42,3,0.014,1,High,0,0.9991487
MRC04485,Retail Trader,88,594,2,1,0,1875073.3,136397.03,40,4,70.0,11646.42,49.06,36.01,83.82,0,3,80,2,0.068,1,High,3,0.99991786
MRC04486,Food & Beverages,55,537,1,0,1,912737.39,41975.72,48,16,0.0,4729.21,6.69,-2.38,0.0,37,1,4,5,0.915,0,Low,2,7.060021e-05
MRC04487,Retail Trader,57,546,1,1,0,756927.18,71963.98,45,15,0.0,4181.92,16.48,8.56,54.09,0,1,6,3,0.876,0,Low,3,0.00010746397
MRC04488,Textile & Apparel,17,533,1,1,1,4340049.77,488699.31,46,14,8.7,23459.73,23.6,12.18,67.09,26,1,8,4,0.766,0,Low,6,0.00010554172
MRC04489,Food & Beverages,39,730,1,1,1,48401.19,6354.22,41,13,4.88,293.34,6.42,-2.27,41.97,30,0,10,5,0.755,0,Low,2,8.7885324e-05
MRC04490,Agri-Allied,90,528,1,1,1,576398.26,60007.52,54,17,5.56,2656.21,18.78,7.11,46.34,31,0,0,3,0.827,0,Low,0,8.907159e-05
MRC04491,Retail Trader,68,671,2,1,1,199494.83,21858.89,33,10,9.09,1499.96,16.27,-7.66,55.07,36,0,5,5,0.9,0,Low,3,0.0001319769
MRC04492,Small Mfg,55,628,4,0,0,69306.61,6868.11,55,19,-3.64,313.6,18.05,-8.53,0.0,0,1,7,3,0.782,0,Low,4,7.028845e-05
MRC04493,Agri-Allied,45,641,1,0,0,173914.99,25759.1,48,14,12.5,901.11,9.31,4.66,0.0,0,1,6,4,0.901,0,Low,0,5.738765e-05
MRC04494,Food & Beverages,76,759,3,1,1,744661.51,40159.65,48,7,56.25,3858.35,53.06,47.76,75.44,1,2,66,1,0.064,1,High,2,0.999946
MRC04495,Food & Beverages,1,614,1,1,0,305462.85,16682.43,40,12,10.0,1897.28,6.49,10.25,60.33,0,0,10,4,0.815,0,Low,2,2.8895258e-05
MRC04496,Small Mfg,21,698,1,1,0,2139186.79,77916.4,44,15,-2.27,12085.8,9.93,9.51,57.73,0,1,10,4,0.703,0,Low,4,0.0001451039
MRC04497,Agri-Allied,83,653,2,0,1,564324.65,46917.37,54,20,-11.11,2600.57,9.27,-2.83,0.0,29,0,1,3,0.75,0,Low,0,4.8724294e-05
MRC04498,Retail Trader,21,637,2,1,1,494011.45,16055.88,49,18,-10.2,2507.67,7.53,2.81,68.47,41,0,10,4,0.891,0,Low,3,4.1969455e-05
MRC04499,Retail Trader,52,833,1,0,1,496660.94,27375.48,45,14,6.67,2743.98,10.29,8.89,0.0,30,2,5,4,0.366,0,Low,3,0.0007349117
MRC04500,Textile & Apparel,82,534,1,1,1,648104.17,53629.66,48,14,12.5,3358.05,15.68,-3.23,32.04,24,0,1,4,0.765,0,Low,6,0.000104835075
MRC04501,Small Mfg,43,753,2,0,1,441452.52,63784.34,45,15,0.0,2438.96,23.99,-0.95,0.0,23,1,11,5,0.478,0,Low,4,8.956704e-05
MRC04502,Agri-Allied,52,702,1,1,1,262628.45,38158.78,44,3,79.55,1483.78,54.15,18.16,79.92,7,1,58,1,0.189,1,High,0,0.99499583
MRC04503,Textile & Apparel,67,611,2,0,0,2390520.93,278940.88,46,16,-4.35,12921.73,10.43,-6.74,0.0,0,0,11,4,0.931,0,Low,6,4.8693637e-05
MRC04504,Retail Trader,113,780,2,0,1,344926.26,24352.66,40,14,-5.0,2142.4,6.32,5.26,0.0,29,0,0,4,0.844,0,Low,3,9.50853e-05
MRC04505,Agri-Allied,44,502,1,0,1,460361.84,60984.58,36,13,-8.33,3174.91,24.91,2.42,0.0,33,1,0,5,0.525,0,Low,0,9.248214e-05
MRC04506,Textile & Apparel,32,608,3,1,1,1221128.63,163398.31,53,17,3.77,5733.0,14.53,-5.79,62.54,22,0,3,4,0.7,0,Low,6,5.3637417e-05
MRC04507,Food & Beverages,10,553,1,0,1,1069272.96,147907.89,49,6,63.27,5427.78,66.44,17.75,0.0,5,2,79,2,0.137,1,High,2,0.9995863
MRC04508,Retail Trader,64,682,2,1,1,249664.76,25766.22,40,4,70.0,1550.71,50.88,23.48,80.08,8,2,21,1,0.049,1,High,3,0.99761546
MRC04509,Small Mfg,104,560,2,1,1,1804832.47,83442.93,49,17,-4.08,9161.59,22.73,8.74,44.61,24,0,8,4,0.455,0,Low,4,0.00011787457
MRC04510,Construction,79,684,4,1,0,1390542.35,44275.56,55,9,50.91,6292.05,67.39,21.89,99.56,0,2,62,2,0.004,1,High,1,0.99986625
MRC04511,Retail Trader,69,635,2,0,1,903083.05,125457.03,40,13,2.5,5609.21,17.44,0.06,0.0,32,0,11,5,0.833,0,Low,3,5.2287756e-05
MRC04512,Agri-Allied,68,611,2,1,1,434703.64,11833.07,32,11,-3.12,3369.8,15.71,-4.03,33.45,28,1,3,4,0.786,0,Low,0,5.2591302e-05
MRC04513,Retail Trader,28,681,1,1,0,447719.94,26176.26,54,4,77.78,2063.23,51.59,21.16,81.73,0,1,55,2,0.026,1,High,3,0.9969618
MRC04514,Small Mfg,53,628,2,1,0,572543.2,47695.73,44,14,4.55,3234.71,20.28,2.79,44.35,0,1,0,4,0.973,0,Low,4,5.11296e-05
MRC04515,Agri-Allied,116,562,2,1,1,166342.08,3802.08,40,12,10.0,1033.18,6.1,14.57,44.94,38,0,2,3,0.683,0,Low,0,0.00016339007
MRC04516,Textile & Apparel,51,874,1,1,1,695841.97,95955.63,46,15,2.17,3761.31,12.25,9.32,41.93,26,0,0,5,0.728,0,Low,6,0.00010428371
MRC04517,Agri-Allied,53,611,3,1,1,2127636.82,121968.33,57,18,5.26,9290.99,22.4,13.46,74.04,26,2,11,5,0.472,0,Low,0,0.0005511325
MRC04518,Tech Services,4,472,1,1,1,2087850.09,49493.79,45,6,60.0,11535.08,56.14,41.34,91.8,9,2,25,2,0.032,1,High,5,0.9996295
MRC04519,Retail Trader,79,582,3,1,1,461841.89,68891.43,49,7,57.14,2344.38,35.63,42.16,97.21,3,2,28,3,0.179,1,High,3,0.9997812
MRC04520,Retail Trader,17,548,3,0,1,2615327.61,158177.93,46,7,54.35,14136.91,61.7,23.05,0.0,8,4,76,2,0.144,1,High,3,0.99834585
MRC04521,Tech Services,108,716,2,0,0,7181978.54,962237.45,48,18,-12.5,37212.32,7.19,-8.97,0.0,0,0,9,4,0.853,0,Low,5,0.00017380794
MRC04522,Agri-Allied,67,675,2,0,0,499094.61,39404.36,55,3,83.64,2258.35,40.22,40.17,0.0,0,3,15,1,0.185,1,High,0,0.9993679
MRC04523,Tech Services,74,681,1,0,1,1672479.22,177627.94,50,19,-14.0,8320.79,8.31,-4.71,0.0,26,0,7,4,0.881,0,Low,5,9.4154784e-05
MRC04524,Small Mfg,47,620,4,1,1,48273.02,2478.42,56,16,14.29,214.55,19.24,7.63,57.75,33,0,7,3,0.491,0,Low,4,4.454557e-05
MRC04525,Food & Beverages,106,627,1,1,1,161171.44,13759.82,56,19,-1.79,716.32,18.19,9.33,38.49,33,1,11,4,0.422,0,Low,2,5.40933e-05
MRC04526,Textile & Apparel,56,620,2,0,1,813698.54,43528.52,44,16,-9.09,4597.17,7.7,-7.27,0.0,32,0,12,4,0.407,0,Low,6,4.6159254e-05
MRC04527,Food & Beverages,23,643,2,1,1,217928.07,31303.38,34,11,2.94,1590.72,13.9,13.83,58.02,35,0,5,4,0.824,0,Low,2,2.8451415e-05
MRC04528,Tech Services,18,716,3,0,0,8427767.39,235327.74,55,18,1.82,38134.69,10.92,13.16,0.0,0,0,3,4,0.636,0,Low,5,0.00017417574
MRC04529,Agri-Allied,1,676,2,1,0,1494729.22,83267.79,42,14,0.0,8844.55,11.74,6.36,36.75,0,0,7,3,0.304,0,Low,0,0.00013819635
MRC04530,Retail Trader,35,690,2,1,1,2324459.22,316368.56,43,15,-4.65,13436.18,16.52,-6.12,40.79,35,0,2,4,0.78,0,Low,3,8.669147e-05
MRC04531,Retail Trader,64,689,1,0,0,704446.95,58049.72,45,16,-6.67,3891.97,22.97,4.15,0.0,0,0,8,4,0.327,0,Low,3,0.00018399797
MRC04532,Retail Trader,117,720,1,1,1,218851.87,21449.88,40,13,2.5,1359.33,22.95,-1.4,41.73,25,0,0,3,0.368,0,Low,3,0.00015046106
MRC04533,Retail Trader,58,673,1,0,1,391377.43,40985.1,61,21,-3.28,1597.46,13.26,13.27,0.0,30,1,13,4,0.528,0,Low,3,5.504716e-05
MRC04534,Textile & Apparel,95,678,3,1,1,989798.41,28922.48,49,18,-10.2,5024.36,12.86,0.17,62.2,29,1,9,3,0.351,0,Low,6,0.00012946704
MRC04535,Agri-Allied,59,745,2,1,1,339253.06,7567.39,54,9,50.0,1563.38,40.92,41.46,75.84,6,4,74,2,0.017,1,High,0,0.9999292
MRC04536,Small Mfg,108,596,2,0,1,1632185.37,231638.66,57,18,5.26,7127.45,14.48,5.93,0.0,31,0,7,4,0.735,0,Low,4,0.00010958003
MRC04537,Textile & Apparel,1,581,2,1,1,1712899.25,94715.4,49,4,75.51,8694.92,45.5,50.61,90.56,5,1,85,3,0.03,1,High,6,0.9998714
MRC04538,Small Mfg,3,555,2,0,0,733789.56,50954.86,37,11,10.81,4924.76,16.57,3.39,0.0,0,0,11,4,0.873,0,Low,4,0.00012468285
MRC04539,Retail Trader,67,664,1,0,1,81571.72,8864.57,32,11,-3.12,632.34,16.69,0.25,0.0,42,3,6,4,0.665,0,Low,3,0.0011212673
MRC04540,Retail Trader,37,501,1,1,1,5710070.45,289611.94,48,16,0.0,29585.86,14.01,-0.63,64.65,29,0,13,3,0.618,0,Low,3,7.261636e-05
MRC04541,Retail Trader,83,686,1,1,1,565119.55,65157.88,45,13,13.33,3122.21,13.28,11.6,47.9,31,0,2,5,0.721,0,Low,3,0.00010638372
MRC04542,Agri-Allied,29,641,2,1,1,18833202.83,1498585.89,46,16,-4.35,101801.1,23.78,-6.51,53.07,23,1,1,5,0.402,0,Low,0,4.7552236e-05
MRC04543,Retail Trader,89,740,1,1,0,1596050.72,209656.06,46,14,8.7,8627.3,17.02,0.26,60.45,0,0,7,4,0.991,0,Low,3,0.00022109468
MRC04544,Textile & Apparel,33,596,2,1,1,566965.6,31869.3,41,4,70.73,3436.16,63.91,21.55,88.75,12,1,64,2,0.097,1,High,6,0.99760026
MRC04545,Textile & Apparel,100,633,2,0,0,1248416.18,58047.51,37,4,67.57,8378.63,57.74,39.03,0.0,0,4,79,1,0.105,1,High,6,0.99989223
MRC04546,Food & Beverages,61,739,2,1,1,64657.37,8283.87,58,6,68.97,277.5,57.29,19.91,77.59,7,1,72,1,0.186,1,High,2,0.9989502
MRC04547,Retail Trader,93,760,1,1,1,2498924.22,155988.82,41,12,12.2,15145.0,23.86,-7.81,32.57,24,0,12,4,0.435,0,Low,3,0.0001471078
MRC04548,Small Mfg,90,595,1,1,1,15876164.99,1167579.59,47,15,4.26,84000.87,20.19,-3.22,62.75,26,1,7,4,0.97,0,Low,4,0.00010294543
MRC04549,Small Mfg,4,664,1,0,0,59451.72,7323.38,41,3,78.05,360.31,39.12,55.74,0.0,0,1,72,1,0.119,1,High,4,0.9997383
MRC04550,Food & Beverages,113,673,2,1,0,516643.93,53020.56,39,4,69.23,3290.73,31.2,31.46,95.37,0,1,81,2,0.185,1,High,2,0.999666
MRC04551,Construction,14,679,1,1,1,642803.43,49768.65,54,4,77.78,2962.23,57.12,56.21,93.6,6,6,57,1,0.1,1,High,1,0.9999635
MRC04552,Retail Trader,114,628,3,1,1,2084989.45,109432.27,36,3,75.0,14379.24,36.89,48.78,89.35,5,1,48,2,0.199,1,High,3,0.99967504
MRC04553,Retail Trader,91,752,2,1,1,9130863.34,1089733.17,43,13,9.3,52779.56,12.1,13.63,41.45,34,0,4,4,0.893,0,Low,3,0.00014248633
MRC04554,Tech Services,33,498,1,0,1,1154824.04,50184.07,41,11,19.51,6998.93,21.22,-6.46,0.0,33,1,8,4,0.641,0,Low,5,8.8742294e-05
MRC04555,Textile & Apparel,22,616,2,1,1,9531857.71,1340906.93,48,17,-6.25,49387.86,12.22,13.05,44.53,28,0,8,4,0.995,0,Low,6,4.65665e-05
MRC04556,Agri-Allied,48,685,2,1,1,894946.28,35387.15,56,5,73.21,3977.54,60.79,51.66,91.02,6,3,70,3,0.159,1,High,0,0.999899
MRC04557,Small Mfg,3,686,2,1,1,1253823.93,156278.34,37,12,2.7,8414.93,23.08,13.23,57.58,31,0,9,3,0.789,0,Low,4,0.00010046069
MRC04558,Small Mfg,87,758,1,0,1,1081525.04,81279.15,38,13,-2.63,7068.79,7.29,14.2,0.0,29,0,5,4,0.999,0,Low,4,0.0001359457
MRC04559,Construction,85,745,1,1,1,3154560.49,139371.04,33,9,18.18,23718.5,5.01,7.34,61.25,31,1,3,4,0.733,0,Low,1,0.00014004398
MRC04560,Construction,105,627,1,1,1,439421.66,31774.26,44,4,72.73,2482.61,35.31,59.85,80.98,6,4,72,1,0.072,1,High,1,0.99992526
MRC04561,Small Mfg,23,753,1,0,1,1947280.05,95030.65,41,4,70.73,11801.7,66.54,57.17,0.0,2,2,58,2,0.137,1,High,4,0.99992144
MRC04562,Textile & Apparel,68,592,2,0,1,166548.87,6275.42,51,19,-11.76,812.43,8.07,4.34,0.0,22,0,8,4,0.867,0,Low,6,0.00015510242
MRC04563,Tech Services,21,724,2,1,1,518448.03,26487.61,45,16,-6.67,2864.35,10.9,-1.46,50.49,33,0,2,5,0.784,0,Low,5,9.603719e-05
MRC04564,Retail Trader,101,794,3,1,0,339730.4,45103.22,39,12,7.69,2163.89,8.72,1.5,63.33,0,0,3,4,0.552,0,Low,3,0.00017059066
MRC04565,Retail Trader,43,747,1,0,0,810619.36,27376.65,44,13,11.36,4579.77,20.87,0.16,0.0,0,0,8,4,0.731,0,Low,3,0.00017560118
MRC04566,Tech Services,95,658,1,0,1,499171.15,73093.7,49,17,-4.08,2533.86,17.69,13.38,0.0,29,0,6,5,0.645,0,Low,5,4.394713e-05
MRC04567,Retail Trader,85,623,2,0,1,2837858.94,58601.22,28,2,78.57,25113.8,32.15,32.19,0.0,4,2,49,3,0.023,1,High,3,0.9998223
MRC04568,Retail Trader,26,527,1,0,1,254129.25,26828.67,50,15,10.0,1264.32,16.67,-9.22,0.0,31,0,4,4,0.727,0,Low,3,0.00012517173
MRC04569,Retail Trader,41,674,1,1,1,91347.01,11998.12,48,13,18.75,473.3,9.16,-9.75,52.18,28,1,4,5,0.828,0,Low,3,7.61138e-05
MRC04570,Tech Services,99,560,2,0,0,143094.34,20235.61,48,4,75.0,741.42,43.91,19.65,0.0,0,1,70,1,0.063,1,High,5,0.9989617
MRC04571,Agri-Allied,38,586,1,0,0,2404858.58,93111.62,35,13,-11.43,17055.73,16.91,5.26,0.0,0,1,4,5,0.346,0,Low,0,6.4689106e-05
MRC04572,Small Mfg,88,554,2,1,1,227870.14,25240.52,39,11,15.38,1451.4,18.29,10.36,72.45,21,0,11,5,0.591,0,Low,4,0.00017577255
MRC04573,Retail Trader,11,613,1,0,1,1175745.88,39922.92,44,12,18.18,6642.63,11.92,2.87,0.0,36,1,3,5,0.63,0,Low,3,4.5449156e-05
MRC04574,Food & Beverages,105,647,2,1,1,512089.65,33715.72,48,6,62.5,2653.31,50.73,54.1,86.68,2,3,80,1,0.184,1,High,2,0.99972075
MRC04575,Food & Beverages,29,671,3,1,0,1961250.55,225838.84,48,15,6.25,10161.92,21.74,-3.99,52.4,0,0,4,5,0.451,0,Low,2,0.00013474366
MRC04576,Textile & Apparel,111,601,1,1,1,552982.23,35930.86,55,17,7.27,2502.18,23.33,1.48,51.44,27,0,0,5,0.695,0,Low,6,9.2232716e-05
MRC04577,Textile & Apparel,119,735,3,1,1,20119865.52,1222054.77,46,13,15.22,108756.03,17.52,-3.58,42.55,30,1,5,3,0.637,0,Low,6,0.000119211574
MRC04578,Retail Trader,60,633,2,1,0,7115175.24,249650.87,52,3,82.69,34043.9,50.24,36.02,96.49,0,2,60,1,0.167,1,High,3,0.99984825
MRC04579,Construction,67,586,3,0,1,499692.3,14309.66,42,3,78.57,2956.76,34.53,40.16,0.0,6,1,62,1,0.025,1,High,1,0.9998704
MRC04580,Small Mfg,65,668,1,1,1,423978.7,14833.38,48,13,18.75,2196.78,7.16,-8.81,37.19,32,0,4,4,0.575,0,Low,4,5.595323e-05
MRC04581,Construction,116,807,2,1,0,31289445.09,4186894.49,40,13,2.5,194344.38,8.62,13.87,34.96,0,0,2,3,0.325,0,Low,1,0.00021928623
MRC04582,Textile & Apparel,61,676,1,0,1,199861.29,4288.19,54,18,0.0,921.02,21.66,12.86,0.0,38,1,10,5,0.483,0,Low,6,0.000121602636
MRC04583,Food & Beverages,118,620,2,1,0,682809.88,75158.63,46,16,-4.35,3690.86,23.22,9.91,51.29,0,1,9,5,0.991,0,Low,2,4.401772e-05
MRC04584,Food & Beverages,19,527,2,1,0,749332.96,89860.87,40,5,62.5,4654.24,41.51,26.16,94.54,0,5,17,1,0.062,1,High,2,0.9995721
MRC04585,Small Mfg,46,632,2,0,0,727372.88,68246.11,60,17,15.0,3018.14,11.24,10.33,0.0,0,0,12,3,0.859,0,Low,4,5.6266465e-05
MRC04586,Construction,49,668,3,1,1,90539.9,10412.16,38,12,5.26,591.76,17.58,14.35,69.16,26,0,8,4,0.603,0,Low,1,9.8189346e-05
MRC04587,Textile & Apparel,22,618,1,1,1,1323675.5,138714.65,40,2,85.0,8221.59,50.95,20.06,85.15,4,0,56,1,0.131,1,High,6,0.9958431
MRC04588,Retail Trader,78,516,1,1,1,227653.47,18035.3,49,4,75.51,1155.6,44.9,52.36,99.83,9,5,41,1,0.056,1,High,3,0.9996964
MRC04589,Small Mfg,113,581,2,1,1,4086449.05,285039.45,32,9,15.62,31677.9,21.42,8.23,36.79,28,0,0,4,0.524,0,Low,4,0.000114326176
MRC04590,Small Mfg,57,766,2,1,1,127114.3,18097.66,47,6,61.7,672.56,34.99,17.87,84.93,2,5,28,1,0.099,1,High,4,0.99983156
MRC04591,Agri-Allied,14,764,1,0,1,783368.99,114647.57,43,16,-11.63,4528.14,15.38,10.62,0.0,21,1,1,4,0.482,0,Low,0,0.00012882556
MRC04592,Retail Trader,44,579,2,0,1,51054.82,5343.67,49,18,-10.2,259.16,19.81,-1.33,0.0,24,0,12,4,0.786,0,Low,3,0.00011869128
MRC04593,Agri-Allied,16,703,4,0,1,54980.81,2509.81,49,17,-4.08,279.09,18.25,-2.24,0.0,38,0,13,4,0.614,0,Low,0,0.00013634126
MRC04594,Textile & Apparel,97,555,2,1,0,266406.24,20840.13,49,14,14.29,1352.32,18.43,4.64,59.58,0,1,10,5,0.448,0,Low,6,0.00016445464
MRC04595,Textile & Apparel,77,762,1,1,1,315573.82,26681.73,41,14,-2.44,1912.57,15.34,-6.35,59.45,27,1,10,5,0.385,0,Low,6,8.62083e-05
MRC04596,Small Mfg,102,669,1,1,1,4234906.02,501989.27,54,18,0.0,19515.7,17.46,-9.01,60.85,22,1,12,5,0.914,0,Low,4,0.000101799385
MRC04597,Food & Beverages,113,725,4,1,1,694737.81,74205.66,39,13,0.0,4425.08,16.09,-3.9,55.75,25,0,10,3,0.707,0,Low,2,0.00012963553
MRC04598,Retail Trader,12,512,2,1,0,3439677.52,298996.98,38,14,-10.53,22481.55,17.75,-6.04,41.54,0,1,11,3,0.869,0,Low,3,0.0001013657
MRC04599,Textile & Apparel,55,704,3,1,1,462432.6,50149.61,38,11,13.16,3022.44,15.1,-9.83,33.64,29,1,10,4,0.7,0,Low,6,8.0360274e-05
MRC04600,Retail Trader,51,649,1,0,1,1509519.91,34911.26,55,7,61.82,6830.41,46.65,57.59,0.0,4,2,77,2,0.17,1,High,3,0.9997259
MRC04601,Retail Trader,102,718,2,1,1,305415.87,36943.89,42,4,71.43,1807.19,54.11,50.64,77.2,3,0,63,3,0.085,1,High,3,0.99980074
MRC04602,Food & Beverages,39,723,2,1,0,281484.4,13373.94,40,13,2.5,1748.35,12.68,6.72,35.4,0,1,1,4,0.899,0,Low,2,7.349036e-05
MRC04603,Tech Services,33,655,1,1,0,82041.45,8641.69,47,16,-2.13,434.08,7.55,-5.92,31.72,0,0,6,3,0.574,0,Low,5,7.387357e-05
MRC04604,Textile & Apparel,33,601,2,0,1,1091326.83,37996.21,56,5,73.21,4850.34,62.3,46.03,0.0,7,2,35,3,0.063,1,High,6,0.9998765
MRC04605,Food & Beverages,29,712,2,1,1,998990.05,34844.68,38,13,-2.63,6529.35,8.63,-8.5,32.19,30,0,8,4,0.646,0,Low,2,0.00010031001
MRC04606,Tech Services,69,645,2,1,1,1853850.65,45670.53,54,5,72.22,8543.09,51.32,32.71,92.82,4,1,69,3,0.12,1,High,5,0.9999193
MRC04607,Food & Beverages,70,580,3,0,1,944019.35,130586.45,46,14,8.7,5102.81,19.42,-7.42,0.0,25,1,7,4,0.383,0,Low,2,0.00012717576
MRC04608,Retail Trader,31,576,3,0,0,8297253.98,818048.16,48,15,6.25,42990.95,17.95,-7.74,0.0,0,2,5,5,0.764,0,Low,3,0.00086978957
MRC04609,Construction,80,531,3,0,1,900975.34,60414.95,40,13,2.5,5596.12,8.22,5.35,0.0,24,1,1,3,0.424,0,Low,1,0.00012118244
MRC04610,Textile & Apparel,31,609,3,1,1,2398111.37,293555.47,43,16,-11.63,13861.92,8.88,-1.7,70.55,31,1,4,4,0.565,0,Low,6,5.2535015e-05
MRC04611,Textile & Apparel,89,738,2,0,1,494384.63,50126.0,36,10,16.67,3409.55,7.98,12.19,0.0,27,0,3,3,0.324,0,Low,6,0.00016224339
MRC04612,Retail Trader,112,664,1,1,1,245201.59,24669.85,32,5,53.12,1900.79,51.64,39.99,79.71,3,2,39,2,0.024,1,High,3,0.9998417
MRC04613,Agri-Allied,46,607,3,1,1,1725856.84,143790.73,37,5,59.46,11582.93,63.28,31.04,88.93,6,1,46,1,0.2,1,High,0,0.99953353
MRC04614,Retail Trader,97,714,2,1,1,655414.03,13783.67,57,16,15.79,2862.07,15.48,8.38,40.7,37,0,7,4,0.835,0,Low,3,0.00011365985
MRC04615,Retail Trader,77,583,1,1,1,1979691.64,106111.72,35,4,65.71,14040.37,32.62,37.7,75.85,6,2,73,3,0.189,1,High,3,0.9998128
MRC04616,Textile & Apparel,52,657,2,0,1,1114062.55,38078.62,63,8,61.9,4403.41,55.34,48.02,0.0,4,2,69,1,0.077,1,High,6,0.9998567
MRC04617,Food & Beverages,10,635,1,1,1,281639.74,29885.72,46,17,-10.87,1522.38,18.98,-8.38,56.98,31,0,3,4,0.603,0,Low,2,5.3273197e-05
MRC04618,Tech Services,88,712,2,0,0,2647709.42,138530.03,41,15,-9.76,16046.72,16.67,10.04,0.0,0,0,4,4,0.876,0,Low,5,0.00017380794
MRC04619,Textile & Apparel,74,523,1,1,1,256420.01,20134.53,35,12,-2.86,1818.58,18.63,6.43,37.27,32,1,4,5,0.622,0,Low,6,5.8856313e-05
MRC04620,Tech Services,41,581,1,0,1,1544779.15,101871.91,42,12,14.29,9140.71,13.72,14.52,0.0,33,0,0,4,0.769,0,Low,5,6.9275055e-05
MRC04621,Tech Services,95,518,4,1,1,3395404.08,131116.37,50,16,4.0,16892.56,14.4,6.09,72.89,30,1,13,3,0.618,0,Low,5,0.00012762196
MRC04622,Food & Beverages,77,629,2,1,1,459772.09,66477.59,45,13,13.33,2540.18,22.77,-3.77,62.7,20,1,1,3,0.96,0,Low,2,5.1161398e-05
MRC04623,Retail Trader,3,746,2,1,1,2920289.59,412766.9,48,17,-6.25,15131.03,19.44,-7.76,33.12,39,0,3,4,0.95,0,Low,3,0.00012746544
MRC04624,Small Mfg,59,609,2,1,1,1175424.83,36437.07,40,14,-5.0,7300.78,16.76,-0.86,44.39,32,0,11,4,0.525,0,Low,4,5.0694536e-05
MRC04625,Construction,114,609,3,0,0,2027537.45,258627.6,48,14,12.5,10505.38,24.0,-5.01,0.0,0,0,4,5,0.441,0,Low,1,4.898477e-05
MRC04626,Small Mfg,52,719,2,0,1,267237.53,22311.28,46,14,8.7,1444.53,18.25,5.71,0.0,39,0,5,5,0.482,0,Low,4,0.000113155795
MRC04627,Textile & Apparel,34,735,2,1,0,943319.46,113750.8,40,11,17.5,5859.13,12.97,-7.6,54.24,0,1,9,5,0.459,0,Low,6,0.00015154787
MRC04628,Agri-Allied,49,642,4,1,1,134632.27,5338.23,57,6,68.42,587.91,63.29,37.05,99.43,5,1,77,1,0.052,1,High,0,0.99989986
MRC04629,Small Mfg,28,704,1,1,1,5686244.77,211503.5,52,16,7.69,27206.91,12.81,7.41,33.98,31,0,3,5,0.79,0,Low,4,8.934584e-05
MRC04630,Agri-Allied,83,563,3,0,0,65068.9,8836.26,56,8,57.14,289.2,49.11,25.53,0.0,0,2,72,3,0.2,1,High,0,0.9986939
MRC04631,Retail Trader,87,760,1,1,1,476535.65,65150.3,41,3,78.05,2888.09,49.47,40.49,88.47,1,2,43,3,0.046,1,High,3,0.9999367
MRC04632,Textile & Apparel,109,821,2,1,1,238458.29,19212.25,46,4,73.91,1288.96,61.08,40.37,98.97,3,2,70,1,0.059,1,High,6,0.9999436
MRC04633,Food & Beverages,96,691,1,1,1,1639071.53,218194.04,53,16,9.43,7695.17,21.17,9.71,71.2,33,0,7,4,0.674,0,Low,2,0.00012358675
MRC04634,Tech Services,13,483,2,1,1,7339161.34,783599.79,39,3,76.92,46746.25,41.99,32.15,88.28,7,4,67,1,0.145,1,High,5,0.999928
MRC04635,Retail Trader,97,605,2,1,1,1600614.41,70509.09,47,17,-8.51,8468.86,8.72,13.58,63.83,29,1,6,4,0.793,0,Low,3,0.00011776301
MRC04636,Construction,98,699,4,0,1,25483466.73,1599445.69,42,13,7.14,150789.74,21.31,-4.54,0.0,33,1,8,3,0.502,0,Low,1,0.000121912395
MRC04637,Textile & Apparel,97,616,4,0,0,139590.97,5260.89,47,16,-2.13,738.58,16.17,2.33,0.0,0,0,5,3,0.67,0,Low,6,7.652624e-05
MRC04638,Small Mfg,69,751,4,1,1,153059.05,18460.96,48,16,0.0,793.05,15.97,13.93,37.11,29,1,1,3,0.751,0,Low,4,0.00017741953
MRC04639,Food & Beverages,67,697,1,1,0,249761.79,36985.37,39,13,0.0,1590.84,10.88,-5.52,35.37,0,1,0,3,0.519,0,Low,2,9.008329e-05
MRC04640,Food & Beverages,61,593,4,1,0,843650.54,76796.82,38,11,13.16,5514.06,18.5,-9.11,72.91,0,2,13,3,0.483,0,Low,2,0.0010075297
MRC04641,Construction,60,652,2,1,1,212711.73,22390.54,55,16,12.73,962.5,22.24,-2.57,54.61,24,0,12,4,0.829,0,Low,1,6.845309e-05
MRC04642,Textile & Apparel,71,578,3,1,1,295967.43,34625.83,72,11,54.17,1024.11,38.24,36.62,94.92,4,2,63,2,0.121,1,High,6,0.9999064
MRC04643,Tech Services,24,635,1,1,1,1535828.03,75491.6,49,14,14.29,7796.08,17.25,6.7,57.53,30,0,11,4,0.434,0,Low,5,4.2530093e-05
MRC04644,Retail Trader,63,605,2,1,1,164883.38,10499.8,58,19,1.72,707.65,12.01,-3.04,55.42,40,3,3,3,0.422,0,Low,3,0.0011038402
MRC04645,Small Mfg,86,743,4,0,1,187243.42,13781.45,45,13,13.33,1034.49,22.1,-8.43,0.0,32,1,5,5,0.461,0,Low,4,0.00020804114
MRC04646,Food & Beverages,109,819,3,1,0,452142.87,43991.91,52,16,7.69,2163.36,16.32,12.33,51.29,0,0,10,3,0.302,0,Low,2,0.00015993556
MRC04647,Small Mfg,61,535,2,1,1,506190.48,66090.27,47,13,17.02,2678.26,22.79,-8.76,69.8,28,2,1,5,0.837,0,Low,4,0.00094578805
MRC04648,Retail Trader,23,496,2,0,0,2451029.9,130018.46,53,6,66.04,11507.18,43.59,47.66,0.0,0,0,36,1,0.085,1,High,3,0.9996941
MRC04649,Tech Services,30,630,1,1,1,247516.44,20102.18,54,4,77.78,1140.63,63.99,29.58,79.35,8,7,73,1,0.0,1,High,5,0.9996457
MRC04650,Retail Trader,60,528,2,1,1,307325.9,36172.08,44,12,18.18,1736.3,23.7,-9.41,60.63,36,0,5,5,0.333,0,Low,3,8.373253e-05
MRC04651,Retail Trader,18,653,2,1,1,1465935.47,45971.81,50,8,52.0,7293.21,56.68,46.02,82.31,1,1,80,3,0.159,1,High,3,0.9993777
MRC04652,Small Mfg,96,709,1,0,1,1908204.28,165395.8,48,15,6.25,9887.07,24.03,10.37,0.0,31,0,5,4,0.982,0,Low,4,0.000107708955
MRC04653,Agri-Allied,56,769,1,0,1,4050979.9,157053.9,36,11,8.33,27937.79,12.85,-9.06,0.0,31,0,5,5,0.871,0,Low,0,0.000119169395
MRC04654,Food & Beverages,53,666,1,0,0,1280734.66,115380.56,52,14,19.23,6127.92,13.75,-9.42,0.0,0,0,6,3,0.753,0,Low,2,9.615357e-05
MRC04655,Textile & Apparel,7,634,2,0,1,852933.51,102195.9,46,7,54.35,4610.45,44.67,19.21,0.0,6,1,81,1,0.182,1,High,6,0.9865096
MRC04656,Retail Trader,97,491,1,1,1,1454315.77,73883.84,54,20,-11.11,6701.92,10.22,-7.78,33.77,33,1,10,4,0.851,0,Low,3,9.788943e-05
MRC04657,Food & Beverages,69,652,2,0,1,529190.96,69023.54,53,18,-1.89,2484.46,19.12,-0.71,0.0,32,2,6,4,0.849,0,Low,2,0.00059317367
MRC04658,Agri-Allied,113,655,1,1,0,524541.01,33321.22,44,16,-9.09,2963.51,10.97,-9.95,70.09,0,1,11,3,0.946,0,Low,0,6.4563996e-05
MRC04659,Retail Trader,92,701,2,0,1,86774.46,3887.67,49,16,2.04,440.48,16.88,-0.94,0.0,30,0,5,4,0.968,0,Low,3,0.00016037996
MRC04660,Small Mfg,72,593,2,0,0,2130994.11,171528.07,46,17,-10.87,11518.89,20.52,-2.05,0.0,0,1,11,4,0.891,0,Low,4,0.00010511346
MRC04661,Agri-Allied,79,615,2,1,0,940108.65,125870.92,52,18,-3.85,4498.13,5.52,5.32,51.53,0,0,0,3,0.972,0,Low,0,5.4184682e-05
MRC04662,Small Mfg,52,531,2,1,1,1853242.04,53672.3,38,14,-10.53,12112.69,6.77,2.48,44.5,25,2,10,3,0.329,0,Low,4,0.0005903865
MRC04663,Agri-Allied,4,466,2,1,1,24860.3,1555.86,49,8,51.02,126.19,61.53,35.55,76.67,8,6,79,1,0.016,1,High,0,0.999645
MRC04664,Food & Beverages,34,561,1,1,0,689331.76,72318.63,41,14,-2.44,4177.77,21.32,13.4,54.03,0,0,1,4,0.545,0,Low,2,9.638353e-05
MRC04665,Food & Beverages,69,524,3,1,1,261174.02,17364.29,36,12,0.0,1801.2,22.54,9.88,74.32,31,1,4,5,0.489,0,Low,2,0.00010296427
MRC04666,Small Mfg,33,676,1,1,1,4419932.6,129093.5,44,14,4.55,24971.37,13.78,13.34,45.5,35,0,1,5,0.918,0,Low,4,7.6410004e-05
MRC04667,Retail Trader,69,608,1,1,1,1524322.03,96275.98,58,5,74.14,6542.15,46.29,44.85,98.15,3,5,71,2,0.046,1,High,3,0.99993694
MRC04668,Food & Beverages,38,606,2,0,1,966157.84,122436.08,51,18,-5.88,4712.97,24.97,14.76,0.0,34,1,8,4,0.687,0,Low,2,4.5716926e-05
MRC04669,Small Mfg,98,571,1,1,0,434382.36,63352.44,39,14,-7.69,2766.77,13.65,-1.95,58.19,0,0,3,4,0.862,0,Low,4,9.9325625e-05
MRC04670,Small Mfg,26,391,3,0,0,1174848.75,29572.47,49,17,-4.08,5963.7,21.94,-3.08,0.0,0,0,0,5,0.356,0,Low,4,0.00013137722
MRC04671,Textile & Apparel,1,770,1,1,1,239468.52,22511.69,46,17,-10.87,1294.42,6.59,0.09,65.26,31,1,9,4,0.855,0,Low,6,0.00014435481
MRC04672,Tech Services,4,569,2,0,0,647147.54,21802.04,32,10,6.25,5016.65,15.88,9.58,0.0,0,0,9,5,0.336,0,Low,5,0.00012427477
MRC04673,Small Mfg,39,617,1,1,0,364384.15,39518.02,51,3,82.35,1777.48,61.74,56.71,75.41,0,2,69,2,0.06,1,High,4,0.9997693
MRC04674,Retail Trader,54,533,1,1,1,11070423.78,232766.61,45,14,6.67,61162.56,15.46,3.86,73.96,32,1,5,4,0.391,0,Low,3,9.267609e-05
MRC04675,Textile & Apparel,90,727,1,0,0,4256412.84,93285.29,37,11,10.81,28566.53,7.28,-6.14,0.0,0,1,2,5,0.982,0,Low,6,0.00015256206
MRC04676,Tech Services,33,661,3,1,1,2612078.91,316046.86,49,6,63.27,13259.28,66.83,58.75,82.85,1,2,86,1,0.133,1,High,5,0.9998852
MRC04677,Retail Trader,33,583,4,0,1,121981.76,3620.0,35,13,-11.43,865.12,6.53,0.13,0.0,40,0,11,3,0.749,0,Low,3,0.00013154207
MRC04678,Construction,72,618,2,0,1,2057471.86,122776.79,46,16,-4.35,11121.47,14.06,-0.86,0.0,25,0,4,4,0.438,0,Low,1,5.3681524e-05
MRC04679,Small Mfg,20,784,3,1,1,913647.41,132063.4,50,18,-8.0,4545.51,13.84,-4.04,36.42,31,0,13,3,0.661,0,Low,4,0.00015130904
MRC04680,Small Mfg,16,644,2,1,0,3166546.65,468908.96,56,17,8.93,14073.54,11.59,11.26,72.71,0,0,11,4,0.654,0,Low,4,7.3914234e-05
MRC04681,Retail Trader,21,635,4,1,1,1073971.6,44013.9,44,6,59.09,6067.64,40.52,43.89,76.43,7,1,44,2,0.193,1,High,3,0.9989833
MRC04682,Retail Trader,45,574,3,1,1,723560.04,67231.21,47,7,55.32,3828.36,33.56,24.52,83.57,6,2,37,2,0.143,1,High,3,0.99951005
MRC04683,Construction,119,498,1,1,1,965634.96,89504.07,29,9,6.9,8253.29,21.5,1.98,59.44,38,0,7,4,0.33,0,Low,1,0.00012057143
MRC04684,Textile & Apparel,90,637,2,1,0,83553.3,6584.79,60,17,15.0,346.69,12.1,13.09,69.58,0,1,8,5,0.81,0,Low,6,9.233436e-05
MRC04685,Food & Beverages,87,676,2,1,1,290429.48,40721.41,46,7,54.35,1569.89,52.74,23.1,86.81,3,1,63,1,0.13,1,High,2,0.9989078
MRC04686,Textile & Apparel,82,737,1,0,1,1141669.98,134744.92,51,16,5.88,5569.12,10.45,-1.7,0.0,37,0,10,4,0.629,0,Low,6,0.00012503896
MRC04687,Retail Trader,62,470,1,0,0,2862672.05,341770.13,52,15,13.46,13697.0,23.04,5.97,0.0,0,0,12,5,0.78,0,Low,3,0.00010719479
MRC04688,Retail Trader,31,559,3,0,0,376776.8,20739.31,49,15,8.16,1912.57,21.5,-2.03,0.0,0,0,3,5,0.759,0,Low,3,8.479341e-05
MRC04689,Agri-Allied,116,603,3,1,0,694558.55,53107.04,34,12,-5.88,5069.77,5.32,-7.73,38.05,0,1,2,5,0.961,0,Low,0,0.00011439292
MRC04690,Construction,42,649,2,0,1,106810.24,8904.24,52,19,-9.62,511.05,7.95,2.13,0.0,30,1,7,5,0.566,0,Low,1,4.3666772e-05
MRC04691,Textile & Apparel,12,638,4,0,0,4202427.85,247348.87,41,13,4.88,25469.26,18.5,11.5,0.0,0,1,1,5,0.818,0,Low,6,6.1190935e-05
MRC04692,Textile & Apparel,65,640,3,1,1,2775912.5,89735.01,53,18,-1.89,13032.45,11.35,12.73,71.96,22,0,13,4,0.474,0,Low,6,6.313804e-05
MRC04693,Textile & Apparel,106,682,1,0,1,1595221.48,58108.65,48,14,12.5,8265.4,23.38,3.59,0.0,28,0,4,4,0.914,0,Low,6,0.00010308648
MRC04694,Agri-Allied,73,577,1,1,1,1188458.24,51682.78,44,15,-2.27,6714.45,20.73,7.49,73.44,38,2,8,5,0.898,0,Low,0,0.00081229885
MRC04695,Textile & Apparel,3,724,1,0,1,4699933.31,218429.09,39,12,7.69,29935.88,22.5,5.27,0.0,35,0,12,3,0.584,0,Low,6,9.326797e-05
MRC04696,Tech Services,115,684,1,0,1,277613.96,14295.46,39,13,0.0,1768.24,8.86,10.27,0.0,38,0,0,5,0.523,0,Low,5,6.183772e-05
MRC04697,Agri-Allied,90,624,1,0,1,243825.02,12973.88,40,13,2.5,1514.44,8.01,-7.42,0.0,34,0,8,4,0.71,0,Low,0,5.516792e-05
MRC04698,Agri-Allied,9,778,2,1,1,2607294.74,206610.18,53,16,9.43,12240.82,23.64,0.03,56.25,28,1,1,4,0.708,0,Low,0,0.00012805543
MRC04699,Retail Trader,106,774,3,1,1,2405278.03,207442.04,58,6,68.97,10323.08,53.35,15.02,82.2,6,3,29,1,0.133,1,High,3,0.9976374
MRC04700,Construction,51,724,3,0,0,174173.17,10477.26,34,11,2.94,1271.34,13.31,-9.84,0.0,0,0,9,5,0.333,0,Low,1,0.00019871174
MRC04701,Retail Trader,16,408,2,0,0,385527.63,53182.97,53,19,-7.55,1809.99,18.69,10.75,0.0,0,0,11,3,0.327,0,Low,3,8.862027e-05
MRC04702,Retail Trader,88,776,3,1,0,5536714.08,508869.23,39,11,15.38,35265.69,12.95,-6.65,31.09,0,3,1,4,0.996,0,Low,3,0.0026982143
MRC04703,Small Mfg,114,713,2,1,1,1195411.21,146284.86,46,15,2.17,6461.68,22.5,-1.92,60.01,44,0,5,4,0.957,0,Low,4,0.0001299355
MRC04704,Small Mfg,78,810,3,1,0,1875890.09,262907.72,42,13,7.14,11099.94,24.18,11.67,54.98,0,0,10,3,0.735,0,Low,4,0.00025540547
MRC04705,Textile & Apparel,3,748,2,1,1,181524.18,7480.17,48,17,-6.25,940.54,11.65,8.03,34.55,25,0,2,4,0.789,0,Low,6,0.00015635106
MRC04706,Textile & Apparel,98,776,1,1,1,1603939.63,121295.82,50,18,-8.0,7979.8,9.16,4.19,67.12,20,0,7,5,0.317,0,Low,6,0.00016248817
MRC04707,Food & Beverages,97,720,3,1,0,132793.44,10134.44,42,12,14.29,785.76,6.51,-2.24,67.02,0,1,10,3,0.784,0,Low,2,0.00024123327
MRC04708,Retail Trader,114,757,1,1,1,67793.01,4479.86,31,11,-6.45,542.34,9.29,2.88,35.34,25,0,10,4,0.75,0,Low,3,0.00017843251
MRC04709,Food & Beverages,24,809,2,1,1,1744866.75,36917.48,52,15,13.46,8348.64,7.79,-8.59,39.18,30,0,4,4,0.795,0,Low,2,0.0001300436
MRC04710,Small Mfg,73,667,1,0,1,4078884.91,514251.02,45,3,80.0,22535.28,31.38,37.54,0.0,7,3,88,2,0.013,1,High,4,0.99990344
MRC04711,Textile & Apparel,13,524,2,0,1,537915.47,18559.54,50,14,16.0,2676.2,5.93,-4.07,0.0,30,2,11,5,0.708,0,Low,6,0.0007388878
MRC04712,Textile & Apparel,2,625,4,0,1,378563.53,56562.11,32,5,53.12,2934.6,34.32,47.07,0.0,4,2,31,3,0.023,1,High,6,0.99972814
MRC04713,Retail Trader,71,681,1,0,0,5683162.35,684733.56,36,2,83.33,39194.22,65.54,33.29,0.0,0,2,49,2,0.143,1,High,3,0.9998888
MRC04714,Food & Beverages,112,655,3,0,0,577382.34,55083.03,56,19,-1.79,2566.14,24.67,7.77,0.0,0,0,2,4,0.52,0,Low,2,6.5358785e-05
MRC04715,Agri-Allied,21,550,1,0,1,674062.11,27029.1,45,5,66.67,3724.1,60.39,57.75,0.0,3,3,55,2,0.123,1,High,0,0.9998981
MRC04716,Textile & Apparel,19,519,1,1,1,5569125.91,484520.0,48,16,0.0,28855.57,18.96,1.4,58.09,29,1,5,4,0.424,0,Low,6,9.014095e-05
MRC04717,Small Mfg,89,590,1,1,0,477203.46,25742.33,45,15,0.0,2636.48,16.08,-7.92,39.51,0,0,0,5,0.949,0,Low,4,9.707615e-05
MRC04718,Construction,47,714,2,1,0,332756.7,17570.2,37,6,51.35,2233.27,64.91,38.52,76.97,0,1,37,2,0.095,1,High,1,0.9991966
MRC04719,Textile & Apparel,22,776,1,1,1,1940798.16,248109.31,33,11,0.0,14592.47,19.44,1.18,40.57,28,0,8,4,0.899,0,Low,6,0.00011716958
MRC04720,Tech Services,75,723,2,0,1,310448.29,21571.12,49,14,14.29,1575.88,9.77,-7.99,0.0,34,0,5,3,0.851,0,Low,5,6.9423e-05
MRC04721,Textile & Apparel,33,734,1,1,1,613219.46,48195.43,46,17,-10.87,3314.7,11.23,-5.29,53.57,32,0,8,3,0.798,0,Low,6,9.211213e-05
MRC04722,Retail Trader,32,643,1,1,1,149793.01,19410.99,36,10,16.67,1033.06,12.69,-7.0,43.41,30,0,8,4,0.351,0,Low,3,5.1746723e-05
MRC04723,Retail Trader,64,510,2,0,0,911162.47,28622.15,54,20,-11.11,4198.91,8.65,-5.06,0.0,0,0,2,5,0.386,0,Low,3,0.00013117981
MRC04724,Textile & Apparel,85,613,1,0,1,791525.19,77015.66,55,18,1.82,3581.56,14.57,-6.11,0.0,28,1,9,5,0.456,0,Low,6,4.955526e-05
MRC04725,Retail Trader,39,629,1,0,0,2330572.09,221795.98,48,16,0.0,12075.5,7.64,13.07,0.0,0,0,8,5,0.658,0,Low,3,4.1694002e-05
MRC04726,Retail Trader,84,610,1,0,1,2040504.92,153604.91,43,13,9.3,11794.83,11.36,-4.77,0.0,34,0,5,3,0.627,0,Low,3,4.8506212e-05
MRC04727,Tech Services,72,654,2,0,1,1413842.33,180789.01,48,14,12.5,7325.61,7.26,1.05,0.0,27,1,10,5,0.349,0,Low,5,5.129305e-05
MRC04728,Food & Beverages,42,685,2,0,1,1170693.46,166912.45,48,7,56.25,6065.77,62.94,24.21,0.0,4,4,35,2,0.196,1,High,2,0.9988632
MRC04729,Food & Beverages,101,718,1,0,1,668034.48,53772.54,41,12,12.2,4048.69,12.1,6.92,0.0,36,2,8,4,0.32,0,Low,2,0.0009506525
MRC04730,Retail Trader,9,627,1,0,0,1515820.09,120203.19,39,12,7.69,9654.91,17.35,13.91,0.0,0,0,3,5,0.335,0,Low,3,3.960904e-05
MRC04731,Retail Trader,25,497,1,1,1,191990.54,16370.7,42,13,7.14,1136.04,8.04,14.15,51.72,33,1,1,5,0.768,0,Low,3,0.00012429467
MRC04732,Retail Trader,89,611,1,0,1,43531.53,4962.86,38,11,13.16,284.52,24.87,4.27,0.0,43,0,7,4,0.625,0,Low,3,7.174051e-05
MRC04733,Small Mfg,97,653,3,0,1,2941120.55,314252.37,44,13,11.36,16616.5,10.49,8.81,0.0,36,1,12,4,0.384,0,Low,4,5.936283e-05
MRC04734,Tech Services,2,747,2,1,0,1638009.85,80210.96,45,17,-13.33,9049.78,5.45,-0.35,46.67,0,0,9,5,0.393,0,Low,5,0.00020859866
MRC04735,Textile & Apparel,19,604,2,1,0,626319.74,17728.85,43,14,2.33,3620.35,5.56,0.73,74.03,0,0,11,5,0.586,0,Low,6,0.00014584088
MRC04736,Retail Trader,110,691,1,0,1,2648410.83,379790.16,48,17,-6.25,13722.34,18.33,-7.39,0.0,30,0,0,4,0.378,0,Low,3,0.000113134105
MRC04737,Agri-Allied,20,673,2,1,1,303216.73,16355.23,44,12,18.18,1713.09,18.4,6.84,48.65,23,0,6,4,0.372,0,Low,0,6.240244e-05
MRC04738,Textile & Apparel,106,653,3,0,0,312828.05,32226.79,41,6,56.1,1895.93,56.82,51.36,0.0,0,5,85,2,0.083,1,High,6,0.9998235
MRC04739,Textile & Apparel,105,724,2,0,1,264880.68,33824.45,45,15,0.0,1463.43,6.82,-8.0,0.0,29,2,3,4,0.756,0,Low,6,0.0009853912
MRC04740,Small Mfg,106,597,2,0,0,1441430.2,85096.24,57,20,-5.26,6294.46,12.53,-7.54,0.0,0,0,7,5,0.953,0,Low,4,0.00011392569
MRC04741,Small Mfg,93,603,2,1,0,109146.94,11199.17,46,3,80.43,589.98,59.58,36.28,94.78,0,1,52,3,0.012,1,High,4,0.99985766
MRC04742,Retail Trader,70,649,2,0,0,290583.45,9887.69,56,19,-1.79,1291.48,20.95,-4.28,0.0,0,0,3,4,0.422,0,Low,3,9.9766454e-05
MRC04743,Retail Trader,17,598,1,1,0,1032669.78,150863.85,53,15,15.09,4848.21,9.67,9.25,57.76,0,1,10,4,0.612,0,Low,3,0.00011067596
MRC04744,Construction,89,690,2,0,1,171960.26,4739.32,47,8,48.94,909.84,53.39,54.35,0.0,10,3,26,3,0.121,1,High,1,0.99948275
MRC04745,Retail Trader,102,592,1,1,1,330257.36,25417.5,43,14,2.33,1909.0,18.62,-1.48,33.21,18,0,3,5,0.452,0,Low,3,6.857605e-05
MRC04746,Retail Trader,68,668,2,0,0,51334.53,4609.15,46,13,15.22,277.48,10.29,9.85,0.0,0,0,8,3,0.604,0,Low,3,0.00024233262
MRC04747,Retail Trader,94,641,3,1,1,1509015.45,185250.71,50,16,4.0,7507.54,5.9,0.72,45.87,20,1,13,4,0.673,0,Low,3,5.3947355e-05
MRC04748,Retail Trader,84,667,3,1,1,319527.23,11422.05,47,13,17.02,1690.62,14.95,9.31,61.15,26,1,12,4,0.989,0,Low,3,7.044661e-05
MRC04749,Textile & Apparel,3,613,2,1,1,195021.0,15076.11,61,8,60.66,796.0,34.49,19.64,80.9,0,2,19,1,0.138,1,High,6,0.9965745
MRC04750,Food & Beverages,87,622,1,0,1,154194.91,9091.72,46,16,-4.35,833.49,10.37,13.29,0.0,28,0,9,4,0.373,0,Low,2,6.213772e-05
MRC04751,Textile & Apparel,51,657,1,1,1,441592.94,26743.48,41,12,12.2,2676.32,8.37,14.68,34.28,23,0,12,5,0.522,0,Low,6,3.088603e-05
MRC04752,Textile & Apparel,82,666,2,1,1,109514.62,13277.82,50,15,10.0,544.85,6.51,-0.35,54.0,31,1,8,4,0.81,0,Low,6,0.00011971211
MRC04753,Small Mfg,26,649,3,0,1,7503315.99,155393.1,43,14,2.33,43371.77,21.84,-5.03,0.0,30,0,3,4,0.311,0,Low,4,5.6801e-05
MRC04754,Agri-Allied,56,786,2,1,0,41702.09,4895.03,39,4,69.23,265.62,69.51,16.45,99.74,0,0,84,1,0.026,1,High,0,0.99951935
MRC04755,Tech Services,100,570,1,1,1,424750.42,53243.23,46,6,60.87,2295.95,36.39,35.24,91.72,4,1,62,1,0.015,1,High,5,0.9998802
MRC04756,Tech Services,64,644,3,1,1,829259.42,113755.4,48,16,0.0,4296.68,20.26,14.79,37.63,29,0,9,4,0.808,0,Low,5,5.5353154e-05
MRC04757,Retail Trader,8,524,4,0,1,287663.07,29196.26,39,11,15.38,1832.25,20.61,10.29,0.0,38,0,11,5,0.562,0,Low,3,7.854328e-05
MRC04758,Food & Beverages,81,679,1,1,1,940867.96,59603.23,28,9,3.57,8326.27,18.07,10.88,34.2,34,1,9,4,0.507,0,Low,2,9.7677395e-05
MRC04759,Agri-Allied,95,560,2,0,1,279421.9,21107.67,52,19,-9.62,1336.95,18.06,8.16,0.0,28,0,7,5,0.535,0,Low,0,0.00016333912
MRC04760,Construction,37,627,2,1,1,4574982.16,668247.93,29,10,-3.45,39102.41,14.48,-1.23,34.73,36,0,10,4,0.967,0,Low,1,2.9925888e-05
MRC04761,Agri-Allied,109,620,2,1,1,190488.59,25631.06,43,13,9.3,1101.09,13.33,13.4,69.49,30,0,13,4,0.462,0,Low,0,6.383559e-05
MRC04762,Construction,97,672,4,1,1,43413.74,3484.32,38,13,-2.63,283.75,7.75,1.64,31.73,32,0,2,4,0.301,0,Low,1,0.00018196918
MRC04763,Food & Beverages,27,605,1,0,1,153552.86,21896.36,58,18,6.9,659.03,15.71,-0.01,0.0,33,0,8,4,0.469,0,Low,2,0.00011696016
MRC04764,Retail Trader,45,602,2,1,0,1159841.28,147281.44,51,15,11.76,5657.76,6.42,-5.14,68.37,0,1,0,4,0.47,0,Low,3,9.250454e-05
MRC04765,Agri-Allied,4,764,2,0,0,633167.79,86833.7,41,14,-2.44,3837.38,14.36,-2.4,0.0,0,0,9,5,0.932,0,Low,0,0.00022837774
MRC04766,Construction,86,672,3,1,1,1798672.57,195672.27,41,12,12.2,10901.05,19.62,-9.94,52.22,36,0,0,5,0.82,0,Low,1,0.00011201577
MRC04767,Tech Services,90,605,3,1,0,1331868.68,175134.11,48,17,-6.25,6900.87,13.86,6.5,35.73,0,0,0,5,0.551,0,Low,5,0.00011026471
MRC04768,Retail Trader,96,629,4,1,1,339919.32,46205.1,43,13,9.3,1964.85,15.17,5.14,59.67,22,1,5,4,0.966,0,Low,3,3.491657e-05
MRC04769,Small Mfg,88,781,2,0,1,405590.7,12963.55,51,18,-5.88,1978.49,21.84,0.08,0.0,27,0,7,5,0.425,0,Low,4,0.000105195984
MRC04770,Textile & Apparel,110,631,3,0,1,459367.34,66827.94,49,15,8.16,2331.81,17.93,14.18,0.0,25,0,4,4,0.636,0,Low,6,4.621669e-05
MRC04771,Retail Trader,99,594,1,0,1,6998562.3,443496.81,49,17,-4.08,35525.7,7.55,7.33,0.0,25,0,6,3,0.674,0,Low,3,9.852756e-05
MRC04772,Textile & Apparel,37,595,1,1,1,1671090.19,128986.33,51,8,52.94,8151.66,41.7,42.7,81.85,6,3,74,1,0.181,1,High,6,0.99977785
MRC04773,Retail Trader,96,606,1,0,1,7060484.82,868068.88,54,15,16.67,32536.8,12.29,-0.53,0.0,30,0,0,5,0.38,0,Low,3,5.2351075e-05
MRC04774,Food & Beverages,71,602,3,1,1,2000555.09,212932.12,51,18,-5.88,9758.81,9.14,2.89,73.43,35,0,2,5,0.66,0,Low,2,0.0001348155
MRC04775,Textile & Apparel,33,547,4,1,1,675832.08,91979.25,34,12,-5.88,4933.08,17.96,3.63,72.16,26,0,13,4,0.322,0,Low,6,0.00012719455
MRC04776,Food & Beverages,31,560,1,0,1,214650.46,15470.84,31,4,61.29,1717.2,42.57,38.29,0.0,5,1,46,2,0.006,1,High,2,0.99887794
MRC04777,Retail Trader,55,583,1,0,1,928962.46,63659.44,49,14,14.29,4715.55,20.35,-3.76,0.0,39,0,11,4,0.646,0,Low,3,7.820971e-05
MRC04778,Textile & Apparel,12,697,3,0,1,678036.9,16353.95,51,18,-5.88,3307.5,16.73,-2.51,0.0,35,1,7,4,0.969,0,Low,6,0.00010547301
MRC04779,Retail Trader,11,619,2,0,1,651884.88,52251.38,25,1,88.0,6454.31,58.63,47.35,0.0,3,3,24,2,0.178,1,High,3,0.9996662
MRC04780,Retail Trader,88,633,4,1,0,567548.28,64773.83,55,17,7.27,2568.09,12.01,-1.01,37.84,0,0,10,5,0.673,0,Low,3,6.624681e-05
MRC04781,Retail Trader,72,751,1,1,0,62133.76,3675.41,48,7,56.25,321.94,33.01,49.83,86.52,0,4,32,3,0.155,1,High,3,0.99986374
MRC04782,Retail Trader,32,753,1,1,1,3311817.8,265456.92,44,2,86.36,18710.84,32.37,28.16,83.54,3,3,72,2,0.038,1,High,3,0.9997873
MRC04783,Agri-Allied,57,627,2,0,1,686564.75,33313.3,41,13,4.88,4161.0,21.0,-5.93,0.0,39,0,0,3,0.892,0,Low,0,4.7512844e-05
MRC04784,Textile & Apparel,38,599,1,1,1,133638.85,16098.46,45,16,-6.67,738.34,12.57,6.08,30.45,35,2,8,3,0.769,0,Low,6,0.0005062852
MRC04785,Textile & Apparel,60,580,1,0,0,1300312.59,36235.16,49,15,8.16,6600.57,17.27,6.65,0.0,0,0,13,4,0.729,0,Low,6,9.73901e-05
MRC04786,Textile & Apparel,86,705,1,0,1,261188.23,29174.67,37,11,10.81,1752.94,22.64,-8.39,0.0,32,0,2,5,0.772,0,Low,6,6.692457e-05
MRC04787,Tech Services,98,633,1,1,1,1431980.13,99182.1,36,10,16.67,9875.73,15.86,-5.25,49.68,30,0,7,4,0.548,0,Low,5,4.548523e-05
MRC04788,Tech Services,19,619,1,1,1,2101133.99,53384.54,41,14,-2.44,12734.15,10.16,1.66,59.05,30,0,13,3,0.577,0,Low,5,3.8893853e-05
MRC04789,Agri-Allied,116,584,4,0,1,2479490.84,324691.92,31,9,12.9,19835.93,20.81,10.89,0.0,26,0,8,5,0.45,0,Low,0,0.0001285725
MRC04790,Textile & Apparel,84,588,1,1,1,601330.47,50153.27,41,11,19.51,3644.43,13.72,8.31,54.88,21,1,6,4,0.653,0,Low,6,0.000110646935
MRC04791,Retail Trader,56,675,1,1,0,443949.78,43467.77,43,15,-4.65,2566.18,16.28,11.84,55.34,0,0,10,4,0.89,0,Low,3,0.00012932465
MRC04792,Construction,14,544,3,1,1,344329.38,39654.34,39,13,0.0,2193.18,23.04,11.28,53.59,29,1,2,5,0.63,0,Low,1,7.409532e-05
MRC04793,Retail Trader,33,729,2,0,1,306487.64,32230.14,51,15,11.76,1495.06,14.79,2.79,0.0,26,0,5,3,0.735,0,Low,3,0.0001248637
MRC04794,Textile & Apparel,10,607,2,1,1,714489.74,82174.46,39,14,-7.69,4550.89,11.69,5.56,58.6,32,0,12,4,0.734,0,Low,6,5.023816e-05
MRC04795,Textile & Apparel,80,638,2,1,1,567382.14,67573.29,40,14,-5.0,3524.11,19.55,13.02,62.54,24,1,10,4,0.958,0,Low,6,5.361783e-05
MRC04796,Textile & Apparel,64,543,3,1,1,270935.33,26169.56,35,12,-2.86,1921.53,7.67,8.53,30.01,23,0,6,4,0.509,0,Low,6,7.047658e-05
MRC04797,Retail Trader,64,649,3,1,0,184879.27,12485.44,44,15,-2.27,1044.52,23.27,-1.05,33.75,0,1,13,4,0.469,0,Low,3,9.079937e-05
MRC04798,Food & Beverages,62,623,2,1,0,640172.33,33038.32,40,12,10.0,3976.23,23.31,-1.24,54.38,0,0,8,4,0.346,0,Low,2,4.799899e-05
MRC04799,Retail Trader,68,645,3,1,1,433203.49,59512.38,51,7,58.82,2113.19,35.8,29.89,75.54,5,3,87,3,0.14,1,High,3,0.99989736
MRC04800,Small Mfg,91,767,2,0,1,185416.45,27087.53,40,14,-5.0,1151.65,8.09,2.38,0.0,28,0,3,4,0.744,0,Low,4,0.00020924967
MRC04801,Retail Trader,92,664,1,1,0,1976197.73,131409.56,49,6,63.27,10031.46,51.22,40.13,95.84,0,2,53,2,0.174,1,High,3,0.99975294
MRC04802,Retail Trader,43,586,3,0,1,6116565.48,211635.58,43,15,-4.65,35355.87,13.47,-5.31,0.0,33,1,2,4,0.903,0,Low,3,8.103577e-05
MRC04803,Tech Services,80,593,2,0,1,2315429.73,113293.64,45,14,6.67,12792.43,10.97,4.87,0.0,25,0,8,4,0.334,0,Low,5,0.00011327574
MRC04804,Retail Trader,59,697,3,1,0,307359.82,32944.9,52,17,1.92,1470.62,8.5,11.73,36.22,0,0,5,5,0.852,0,Low,3,0.00025101105
MRC04805,Food & Beverages,52,753,1,0,0,686749.16,29174.02,46,14,8.7,3712.16,10.27,2.31,0.0,0,0,12,4,0.324,0,Low,2,0.00016811938
MRC04806,Agri-Allied,97,672,1,1,1,4632071.54,562407.11,36,3,75.0,31945.32,59.2,36.54,84.16,9,2,69,2,0.171,1,High,0,0.9997235
MRC04807,Retail Trader,112,705,3,1,1,178360.21,24969.35,41,14,-2.44,1080.97,18.71,10.33,36.08,30,2,3,4,0.359,0,Low,3,0.0010228495
MRC04808,Construction,19,698,1,1,0,1865638.95,271030.13,42,12,14.29,11039.28,24.59,8.89,69.24,0,0,2,4,0.635,0,Low,1,0.00015712793
MRC04809,Retail Trader,21,763,3,1,0,128322.27,2722.01,50,16,4.0,638.42,9.32,7.51,39.46,0,0,4,3,0.581,0,Low,3,0.00030674625
MRC04810,Tech Services,22,494,4,0,1,5503226.71,795546.68,49,16,2.04,27935.16,9.08,6.87,0.0,28,0,8,5,0.754,0,Low,5,0.00010412045
MRC04811,Retail Trader,9,703,3,1,0,435226.81,50584.36,36,13,-8.33,3001.56,7.34,9.56,47.85,0,1,5,5,0.686,0,Low,3,0.0001900743
MRC04812,Tech Services,9,728,2,1,1,10583983.96,327325.9,38,6,52.63,69176.37,40.09,55.1,83.54,7,2,50,1,0.103,1,High,5,0.99990106
MRC04813,Retail Trader,73,542,2,0,1,5801787.16,429223.53,39,4,69.23,36954.06,38.35,45.98,0.0,2,3,29,1,0.041,1,High,3,0.99990904
MRC04814,Agri-Allied,27,579,3,0,1,641961.36,71261.51,40,13,2.5,3987.34,23.48,5.25,0.0,28,1,0,5,0.81,0,Low,0,0.00012269728
MRC04815,Food & Beverages,17,581,2,0,1,307648.62,44414.96,36,11,8.33,2121.71,22.79,-0.16,0.0,30,1,8,4,0.52,0,Low,2,7.095354e-05
MRC04816,Construction,44,591,2,1,1,921474.67,38092.27,43,6,58.14,5326.44,64.0,26.47,84.89,6,1,41,3,0.148,1,High,1,0.9990159
MRC04817,Tech Services,45,611,4,1,0,587604.42,21509.45,45,14,6.67,3246.43,10.6,8.06,31.68,0,0,7,5,0.345,0,Low,5,4.8166814e-05
MRC04818,Food & Beverages,8,669,2,0,1,450502.83,36673.24,49,14,14.29,2286.82,11.05,-6.47,0.0,36,0,3,4,0.754,0,Low,2,5.844322e-05
MRC04819,Tech Services,80,719,4,1,1,99734.22,14546.52,33,11,0.0,749.88,10.55,11.71,32.94,26,1,9,4,0.829,0,Low,5,0.00013980754
MRC04820,Retail Trader,18,736,1,0,1,393381.71,57543.6,43,5,65.12,2273.88,54.09,26.92,0.0,8,1,53,1,0.018,0,High,3,0.58915275
MRC04821,Textile & Apparel,33,582,1,1,1,192417.94,9549.49,53,19,-7.55,903.37,14.99,11.9,74.17,33,0,7,4,0.617,0,Low,6,0.0001335706
MRC04822,Textile & Apparel,1,582,2,1,1,1414062.39,86986.23,35,10,14.29,10028.81,20.16,2.96,31.02,23,0,0,5,0.392,0,Low,6,0.000106155305
MRC04823,Textile & Apparel,76,755,1,0,0,2395938.52,330745.32,44,14,4.55,13536.38,10.35,1.34,0.0,0,0,12,3,0.497,0,Low,6,0.0002085774
MRC04824,Textile & Apparel,6,701,2,1,1,1774130.15,204964.18,36,10,16.67,12235.38,10.97,-0.91,36.25,23,0,2,4,0.463,0,Low,6,9.680752e-05
MRC04825,Agri-Allied,41,656,1,1,1,1100032.31,161045.98,38,6,52.63,7189.75,45.4,25.55,75.7,4,3,56,1,0.004,1,High,0,0.99974626
MRC04826,Retail Trader,55,687,4,1,1,262107.9,35675.32,43,15,-4.65,1515.07,8.59,-9.71,56.18,25,1,6,5,0.329,0,Low,3,0.000100915306
MRC04827,Small Mfg,5,647,1,0,1,933299.03,44763.34,42,15,-7.14,5522.48,14.46,2.72,0.0,20,1,0,5,0.751,0,Low,4,4.5087487e-05
MRC04828,Retail Trader,59,691,1,0,1,1888546.74,224292.29,44,16,-9.09,10669.76,10.02,12.53,0.0,28,1,4,4,0.737,0,Low,3,9.427921e-05
MRC04829,Textile & Apparel,80,623,1,0,0,360958.15,9498.07,46,15,2.17,1951.13,8.96,4.65,0.0,0,0,2,4,0.709,0,Low,6,2.9405528e-05
MRC04830,Agri-Allied,18,671,2,1,0,841367.4,106280.07,52,18,-3.85,4025.68,20.91,11.56,67.74,0,1,11,5,0.41,0,Low,0,0.0001621854
MRC04831,Food & Beverages,49,529,1,1,0,612586.9,60157.49,55,18,1.82,2771.89,19.14,14.99,30.31,0,0,0,4,0.933,0,Low,2,7.912869e-05
MRC04832,Food & Beverages,82,594,1,0,1,5361959.28,773693.86,35,11,5.71,38028.08,10.0,-5.53,0.0,35,2,11,3,0.343,0,Low,2,0.0007545653
MRC04833,Small Mfg,65,595,2,1,1,2026575.06,293456.62,38,14,-10.53,13245.59,13.3,6.49,42.26,30,0,11,4,0.301,0,Low,4,0.00013451566
MRC04834,Retail Trader,83,620,1,0,1,1515099.29,40310.68,39,5,61.54,9650.31,69.01,20.86,0.0,9,2,43,1,0.131,1,High,3,0.99800307
MRC04835,Agri-Allied,54,575,1,0,1,92963.99,3799.23,46,15,2.17,502.51,6.06,-4.78,0.0,29,1,12,4,0.797,0,Low,0,9.363387e-05
MRC04836,Retail Trader,61,607,2,1,1,897532.66,74447.57,51,17,0.0,4378.21,16.7,-3.98,48.3,26,1,11,4,0.333,0,Low,3,5.5972716e-05
MRC04837,Textile & Apparel,8,528,1,0,1,605605.39,81353.49,53,19,-7.55,2843.22,12.27,-3.88,0.0,29,1,10,5,0.363,0,Low,6,9.287665e-05
MRC04838,Textile & Apparel,3,693,1,0,1,599356.27,75445.69,44,15,-2.27,3386.19,9.15,8.24,0.0,26,0,13,4,0.997,0,Low,6,9.5497744e-05
MRC04839,Retail Trader,25,643,1,0,1,111737.07,16243.01,55,16,12.73,505.6,7.29,-1.12,0.0,27,0,1,5,0.367,0,Low,3,5.8745285e-05
MRC04840,Retail Trader,69,513,1,1,1,197733.94,19842.79,50,15,10.0,983.75,18.6,-3.61,65.94,31,1,4,4,0.916,0,Low,3,0.0001305636
MRC04841,Construction,55,583,2,1,1,672245.59,35866.49,52,19,-9.62,3216.49,10.43,12.15,40.31,30,1,7,4,0.347,0,Low,1,8.5989086e-05
MRC04842,Construction,40,676,1,1,0,2777958.7,64626.05,44,6,59.09,15694.68,34.08,59.28,96.7,0,3,35,2,0.041,1,High,1,0.99985087
MRC04843,Textile & Apparel,83,606,3,1,1,359105.15,17589.13,42,4,71.43,2124.88,59.79,57.89,87.83,7,4,36,2,0.069,1,High,6,0.9998267
MRC04844,Retail Trader,82,594,3,1,1,451383.92,48652.65,56,16,14.29,2006.15,9.88,14.01,68.93,28,1,13,5,0.322,0,Low,3,9.07226e-05
MRC04845,Retail Trader,50,644,1,0,1,6182976.79,868187.18,55,20,-9.09,27977.27,22.03,5.64,0.0,29,2,10,5,0.592,0,Low,3,0.00040508906
MRC04846,Textile & Apparel,117,677,4,1,1,510840.73,31527.8,54,16,11.11,2354.1,16.45,3.7,53.61,35,1,8,5,0.476,0,Low,6,8.6586544e-05
MRC04847,Construction,95,535,1,1,1,624966.03,83646.43,52,17,1.92,2990.27,7.17,-8.46,69.41,34,1,4,4,0.5,0,Low,1,0.00010809253
MRC04848,Retail Trader,33,694,1,1,1,635207.03,45313.62,65,8,63.08,2433.74,36.59,32.59,89.21,7,3,79,3,0.039,1,High,3,0.9999218
MRC04849,Food & Beverages,111,585,1,1,1,145131.26,8718.8,49,17,-4.08,736.71,11.16,-0.96,62.46,24,0,6,4,0.624,0,Low,2,0.0001393117
MRC04850,Retail Trader,18,648,1,1,1,1448671.88,124802.72,42,13,7.14,8572.02,19.74,9.45,40.07,33,0,7,4,0.705,0,Low,3,4.264625e-05
MRC04851,Construction,57,647,2,0,1,333216.82,25822.82,53,6,66.04,1564.4,39.31,17.34,0.0,6,2,55,2,0.11,1,High,1,0.99935645
MRC04852,Textile & Apparel,103,607,1,1,1,703564.8,97650.56,43,3,79.07,4066.85,57.04,51.94,82.56,5,0,38,1,0.077,1,High,6,0.99968517
MRC04853,Food & Beverages,16,568,3,0,1,1243260.05,100546.67,25,8,4.0,12309.51,14.56,3.06,0.0,36,2,9,5,0.396,0,Low,2,0.00077689614
MRC04854,Textile & Apparel,80,627,2,1,0,7504918.07,420677.68,44,12,18.18,42400.67,19.69,11.5,57.15,0,0,7,4,0.977,0,Low,6,4.270909e-05
MRC04855,Small Mfg,111,780,1,0,1,150042.81,19435.57,49,8,51.02,761.64,36.93,49.16,0.0,6,4,36,1,0.179,1,High,4,0.99975985
MRC04856,Retail Trader,38,541,2,0,0,2059509.95,308591.69,39,12,7.69,13117.9,8.57,2.02,0.0,0,0,2,4,0.78,0,Low,3,8.062439e-05
MRC04857,Retail Trader,41,785,3,1,1,2068776.46,215695.36,43,7,51.16,11958.25,65.67,43.85,82.61,4,2,56,2,0.08,1,High,3,0.9999291
MRC04858,Construction,7,629,1,0,0,339131.18,17824.73,41,13,4.88,2055.34,9.65,14.16,0.0,0,1,1,5,0.488,0,Low,1,3.3336746e-05
MRC04859,Tech Services,78,652,1,1,1,1497645.28,76448.74,46,14,8.7,8095.38,8.81,-4.12,54.25,31,0,11,5,0.739,0,Low,5,4.548523e-05
MRC04860,Tech Services,107,563,2,1,1,5241526.77,144151.79,47,17,-8.51,27732.95,15.41,-5.43,60.73,32,0,13,4,0.66,0,Low,5,0.00011047119
MRC04861,Small Mfg,53,588,2,1,1,291278.33,8752.36,45,14,6.67,1609.27,24.69,11.62,72.56,37,1,5,4,0.774,0,Low,4,5.8909878e-05
MRC04862,Food & Beverages,63,609,2,0,1,974581.82,135416.0,46,8,47.83,5268.01,51.0,28.21,0.0,7,2,43,3,0.145,1,High,2,0.99932814
MRC04863,Retail Trader,112,566,1,0,1,1185602.49,38583.45,40,13,2.5,7363.99,24.29,11.2,0.0,37,1,11,5,0.405,0,Low,3,0.000116309304
MRC04864,Textile & Apparel,89,633,2,0,1,1384728.47,114883.58,31,2,80.65,11077.83,56.67,39.28,0.0,4,2,72,2,0.046,1,High,6,0.99991965
MRC04865,Textile & Apparel,32,617,2,1,0,1836092.28,203357.93,43,15,-4.65,10613.25,21.69,-9.52,39.81,0,1,3,4,0.688,0,Low,6,4.2102783e-05
MRC04866,Small Mfg,38,798,2,1,1,890524.41,116254.51,50,15,10.0,4430.47,15.6,0.55,53.38,33,0,1,4,0.977,0,Low,4,0.000103169186
MRC04867,Textile & Apparel,22,556,1,1,0,1350686.34,57087.06,49,17,-4.08,6856.28,9.11,-8.99,36.45,0,1,9,4,0.702,0,Low,6,9.261496e-05
MRC04868,Retail Trader,16,658,2,1,1,244319.39,18790.9,40,13,2.5,1517.51,22.6,-4.8,30.69,31,0,8,3,0.853,0,Low,3,6.6534056e-05
MRC04869,Small Mfg,52,669,1,1,0,888068.53,46794.48,40,11,17.5,5515.95,6.44,1.98,37.3,0,0,10,5,0.694,0,Low,4,0.00011836645
MRC04870,Food & Beverages,29,564,2,1,1,411840.11,21933.37,52,14,19.23,1970.53,18.66,-9.04,45.1,32,1,8,4,0.599,0,Low,2,6.556516e-05
MRC04871,Textile & Apparel,16,704,3,0,1,166742.39,9921.02,41,12,12.2,1010.56,21.62,-9.17,0.0,24,1,13,4,0.418,0,Low,6,0.0001387844
MRC04872,Retail Trader,76,618,2,0,1,395943.4,38139.29,52,5,71.15,1894.47,42.66,24.56,0.0,3,2,75,3,0.021,1,High,3,0.99886465
MRC04873,Retail Trader,17,450,1,0,1,1007867.9,22329.39,48,15,6.25,5222.11,18.11,1.57,0.0,24,1,13,5,0.871,0,Low,3,9.872648e-05
MRC04874,Retail Trader,101,702,1,0,1,1230531.48,90000.6,46,16,-4.35,6651.52,10.02,14.35,0.0,32,0,5,5,0.368,0,Low,3,0.00011245222
MRC04875,Textile & Apparel,64,560,3,1,1,159189.25,7050.16,39,13,0.0,1013.94,15.63,-7.66,40.29,30,0,2,5,0.501,0,Low,6,0.00013917402
MRC04876,Small Mfg,91,566,2,1,1,236756.61,34501.45,40,11,17.5,1470.54,17.59,5.55,59.89,30,0,0,4,0.852,0,Low,4,0.00015559628
MRC04877,Small Mfg,89,705,2,1,1,1740333.88,166645.31,32,4,62.5,13490.96,41.66,59.56,95.22,10,0,49,1,0.064,1,High,4,0.9995408
MRC04878,Small Mfg,13,622,1,1,1,1342142.41,178306.86,37,13,-5.41,9007.67,8.19,-8.5,46.96,25,0,2,4,0.556,0,Low,4,3.8269565e-05
MRC04879,Textile & Apparel,72,723,2,1,1,2114910.8,96100.91,58,4,79.31,9076.87,47.86,51.89,95.24,9,2,21,1,0.09,1,High,6,0.99959284
MRC04880,Food & Beverages,56,746,2,1,0,3765519.96,471827.34,43,13,9.3,21766.01,11.66,-4.45,47.62,0,0,11,5,0.795,0,Low,2,0.0001905252
MRC04881,Retail Trader,5,598,4,0,1,1390904.11,102818.02,46,16,-4.35,7518.4,13.55,7.12,0.0,31,0,2,4,0.814,0,Low,3,0.000108706845
MRC04882,Agri-Allied,12,713,2,0,1,443401.45,19110.74,59,7,64.41,1870.89,41.8,46.56,0.0,1,2,83,1,0.17,1,High,0,0.99961436
MRC04883,Food & Beverages,41,589,2,0,1,837200.9,99594.99,42,5,64.29,4953.85,41.11,57.19,0.0,2,1,34,1,0.101,1,High,2,0.9995223
MRC04884,Retail Trader,3,828,2,0,1,5346092.73,636513.51,46,13,15.22,28897.8,20.4,-8.86,0.0,30,0,3,4,0.532,0,Low,3,0.00014287094
MRC04885,Retail Trader,99,594,1,1,0,20122291.68,3007586.94,39,13,0.0,128167.46,14.57,-3.55,44.18,0,0,8,5,0.661,0,Low,3,9.893485e-05
MRC04886,Tech Services,33,732,3,1,0,1271509.89,154516.23,33,11,0.0,9560.22,15.28,13.56,57.48,0,0,7,4,0.492,0,Low,5,0.0001621911
MRC04887,Textile & Apparel,86,717,2,0,0,1387015.63,53933.75,39,13,0.0,8834.49,22.95,-9.69,0.0,0,0,5,5,0.693,0,Low,6,0.00018000277
MRC04888,Small Mfg,50,675,4,1,1,1742532.44,107916.46,45,15,0.0,9627.25,9.8,5.06,57.69,30,0,11,3,0.305,0,Low,4,8.3557214e-05
MRC04889,Retail Trader,56,596,2,1,1,750542.39,59086.07,47,14,10.64,3971.12,11.59,-5.53,31.21,25,0,11,3,0.53,0,Low,3,0.00010199498
MRC04890,Small Mfg,108,637,1,0,1,2947962.12,107497.04,48,16,0.0,15274.42,11.17,-8.34,0.0,33,0,12,3,0.439,0,Low,4,4.8284317e-05
MRC04891,Textile & Apparel,9,477,2,0,1,2445241.26,299407.73,39,13,0.0,15574.79,18.18,-3.64,0.0,27,0,2,3,0.878,0,Low,6,0.00010280181
MRC04892,Retail Trader,105,667,1,1,1,1115989.19,98732.47,43,14,2.33,6450.8,16.25,13.42,33.16,33,0,8,4,0.419,0,Low,3,0.000106332394
MRC04893,Small Mfg,82,677,1,1,1,498010.34,71105.14,36,3,75.0,3434.55,52.55,53.28,94.92,8,2,50,2,0.009,1,High,4,0.99975306
MRC04894,Retail Trader,50,660,1,0,1,117614.12,11362.71,42,12,14.29,695.94,18.36,-5.72,0.0,34,0,8,5,0.302,0,Low,3,9.2661154e-05
MRC04895,Textile & Apparel,29,412,2,0,1,1756609.8,154541.05,50,16,4.0,8739.35,14.68,-8.36,0.0,31,0,13,3,0.584,0,Low,6,9.698557e-05
MRC04896,Retail Trader,39,548,2,0,1,941688.65,27577.61,50,14,16.0,4685.02,21.32,2.33,0.0,26,1,11,4,0.439,0,Low,3,8.76244e-05
MRC04897,Retail Trader,91,590,1,0,1,300943.77,11861.69,41,3,78.05,1823.9,48.2,52.03,0.0,6,1,48,2,0.07,1,High,3,0.9995627
MRC04898,Textile & Apparel,100,673,2,1,0,187980.91,24519.93,40,14,-5.0,1167.58,22.81,0.1,54.66,0,2,2,3,0.579,0,Low,6,0.0015910525
MRC04899,Retail Trader,45,673,1,0,0,1613182.38,240021.98,45,4,73.33,8912.61,41.48,32.1,0.0,0,0,32,1,0.155,1,High,3,0.99963963
MRC04900,Tech Services,17,636,3,0,1,106778.98,7898.79,47,16,-2.13,564.97,6.88,2.52,0.0,29,0,6,4,0.889,0,Low,5,5.963387e-05
MRC04901,Retail Trader,56,700,2,0,1,1045043.87,130955.69,50,18,-8.0,5199.22,18.11,12.42,0.0,28,2,11,4,0.738,0,Low,3,0.00092074956
MRC04902,Agri-Allied,98,567,2,1,0,2007218.5,203905.6,43,13,9.3,11602.42,12.79,9.78,67.22,0,0,10,3,0.731,0,Low,0,0.00010474665
MRC04903,Retail Trader,46,698,1,0,1,1411087.81,204152.95,49,15,8.16,7162.88,14.11,3.88,0.0,40,0,0,5,0.618,0,Low,3,7.193075e-05
MRC04904,Textile & Apparel,67,687,2,0,1,456394.24,23256.86,39,12,7.69,2906.97,18.92,9.76,0.0,34,0,4,4,0.665,0,Low,6,0.000104931394
MRC04905,Tech Services,69,680,2,1,1,162877.0,14793.9,47,15,4.26,861.78,9.29,-7.63,48.79,21,1,9,5,0.432,0,Low,5,0.0001377782
MRC04906,Retail Trader,14,635,3,1,1,1475375.49,107914.06,41,13,4.88,8941.67,5.88,-4.97,35.03,38,1,11,5,0.894,0,Low,3,4.6971374e-05
MRC04907,Construction,67,796,1,0,1,3080577.72,278555.32,49,8,51.02,15637.45,44.34,34.55,0.0,8,4,73,3,0.004,1,High,1,0.9996588
MRC04908,Retail Trader,23,689,1,0,0,366854.27,20159.21,44,13,11.36,2072.62,22.89,-9.86,0.0,0,1,3,4,0.978,0,Low,3,9.542974e-05
MRC04909,Food & Beverages,103,572,2,1,0,1340146.96,113519.83,53,17,3.77,6291.77,14.01,-9.88,67.85,0,0,12,3,0.38,0,Low,2,0.0001156977
MRC04910,Agri-Allied,94,669,1,1,0,4866171.97,492576.01,42,14,0.0,28793.92,16.44,-0.49,59.47,0,0,1,5,0.751,0,Low,0,0.0001383497
MRC04911,Tech Services,114,710,1,0,1,1095385.06,33472.85,56,16,14.29,4868.38,9.17,11.68,0.0,34,0,11,5,0.63,0,Low,5,0.00010983938
MRC04912,Agri-Allied,109,602,3,0,1,453043.68,52819.61,37,13,-5.41,3040.56,14.28,14.52,0.0,29,0,6,5,0.972,0,Low,0,0.0001346734
MRC04913,Agri-Allied,61,737,1,0,1,2543430.32,284477.56,41,11,19.51,15414.73,14.61,6.25,0.0,19,0,13,4,0.855,0,Low,0,0.00012644443
MRC04914,Retail Trader,23,680,4,1,1,301018.45,40474.79,43,14,2.33,1739.99,9.7,13.76,41.75,25,0,10,5,0.62,0,Low,3,6.3582556e-05
MRC04915,Retail Trader,27,462,1,1,1,153609.6,11576.23,51,6,64.71,749.32,64.3,29.26,82.92,6,2,75,1,0.028,1,High,3,0.9999087
MRC04916,Tech Services,54,673,2,1,1,1933389.87,54167.76,50,14,16.0,9618.86,12.01,-4.96,55.51,33,0,4,3,0.534,0,Low,5,6.690377e-05
MRC04917,Textile & Apparel,10,617,2,1,0,448025.43,35837.53,49,15,8.16,2274.24,5.78,0.1,30.97,0,0,8,3,0.977,0,Low,6,3.2590964e-05
MRC04918,Textile & Apparel,89,692,2,1,1,498906.9,18903.18,46,15,2.17,2696.79,8.33,5.59,69.71,27,0,2,4,0.627,0,Low,6,0.000100762416
MRC04919,Food & Beverages,77,725,4,1,1,343750.45,35807.83,40,14,-5.0,2135.1,19.63,-6.22,54.02,31,1,13,5,0.462,0,Low,2,6.965622e-05
MRC04920,Textile & Apparel,16,665,1,1,1,413585.33,10805.78,54,17,5.56,1905.92,17.98,-2.17,56.3,31,1,13,5,0.832,0,Low,6,4.6380803e-05
MRC04921,Construction,41,783,3,1,1,3927996.72,269537.3,54,20,-11.11,18101.37,11.26,8.91,36.81,30,0,3,4,0.587,0,Low,1,9.9965015e-05
MRC04922,Food & Beverages,98,635,2,0,1,5362809.3,165011.37,36,13,-8.33,36984.89,16.02,-1.38,0.0,27,0,2,5,0.539,0,Low,2,5.1778858e-05
MRC04923,Small Mfg,55,699,1,1,1,6286872.98,128488.82,53,9,49.06,29515.84,42.72,51.21,96.06,2,2,40,1,0.141,1,High,4,0.9999081
MRC04924,Tech Services,101,714,3,1,0,2698333.03,390914.09,37,3,75.68,18109.62,48.97,17.83,78.51,0,0,38,2,0.062,1,High,5,0.9961876
MRC04925,Retail Trader,61,642,1,1,1,1276363.42,190811.93,49,15,8.16,6479.0,18.09,-4.51,61.54,24,0,12,3,0.333,0,Low,3,5.4741184e-05
MRC04926,Retail Trader,86,712,3,0,1,130778.1,12059.75,29,9,6.9,1117.76,7.48,-4.75,0.0,26,0,4,5,0.479,0,Low,3,0.00016089153
MRC04927,Agri-Allied,81,602,1,1,0,582433.54,29741.54,42,14,0.0,3446.35,8.26,7.18,45.06,0,0,6,3,0.574,0,Low,0,0.00010537007
MRC04928,Retail Trader,87,616,3,1,0,9704549.81,1343525.77,42,12,14.29,57423.37,10.83,-0.8,71.47,0,0,6,5,0.411,0,Low,3,6.830923e-05
MRC04929,Food & Beverages,118,545,2,1,1,432463.89,60542.68,45,15,0.0,2389.3,18.41,-4.07,66.96,25,0,1,5,0.303,0,Low,2,0.00010853977
MRC04930,Tech Services,100,669,1,0,1,4488249.74,588347.4,40,13,2.5,27877.33,10.16,7.35,0.0,22,0,2,4,0.324,0,Low,5,0.00010536434
MRC04931,Textile & Apparel,49,676,2,1,1,779215.55,70727.91,39,13,0.0,4963.16,14.29,0.53,61.44,34,1,2,4,0.834,0,Low,6,7.377389e-05
MRC04932,Textile & Apparel,73,744,1,0,1,29325.98,871.31,40,13,2.5,182.15,21.51,11.15,0.0,42,0,8,5,0.318,0,Low,6,0.00018723296
MRC04933,Construction,52,713,1,1,1,1573137.63,49549.21,47,17,-8.51,8323.48,22.84,3.72,30.75,22,0,2,4,0.862,0,Low,1,8.053818e-05
MRC04934,Textile & Apparel,2,627,1,1,1,3333407.58,455212.05,40,13,2.5,20704.39,21.77,14.3,39.84,27,0,11,4,0.421,0,Low,6,4.0994146e-05
MRC04935,Agri-Allied,96,555,1,0,1,687766.62,92062.71,47,17,-8.51,3638.98,7.33,-0.64,0.0,25,0,1,3,0.92,0,Low,0,0.000105814615
MRC04936,Textile & Apparel,50,684,1,0,1,3203201.08,244954.05,38,13,-2.63,20935.95,23.22,-2.95,0.0,28,1,8,4,0.815,0,Low,6,6.92818e-05
MRC04937,Tech Services,117,738,2,1,1,98578.35,6176.93,30,3,70.0,814.7,33.31,21.93,96.31,6,2,69,2,0.099,1,High,5,0.9998287
MRC04938,Agri-Allied,86,710,2,0,1,138319.69,14348.75,38,11,13.16,904.05,17.38,7.71,0.0,36,0,10,5,0.313,0,Low,0,0.00017309067
MRC04939,Food & Beverages,43,736,2,1,0,932698.4,116501.9,37,10,18.92,6259.72,9.95,-9.58,39.42,0,0,0,3,0.807,0,Low,2,0.00013099032
MRC04940,Food & Beverages,77,633,1,1,1,1293080.19,148858.15,43,12,16.28,7474.45,23.56,6.73,36.03,24,0,3,4,0.353,0,Low,2,5.351674e-05
MRC04941,Textile & Apparel,8,612,2,0,1,3715020.08,371607.45,52,15,13.46,17775.22,5.35,-5.47,0.0,22,1,4,4,0.937,0,Low,6,5.083672e-05
MRC04942,Textile & Apparel,59,591,2,1,1,1570193.41,78661.09,40,12,10.0,9752.75,6.64,13.97,52.02,34,0,9,5,0.378,0,Low,6,0.00011573203
MRC04943,Food & Beverages,65,645,1,0,0,174145.27,9425.72,42,15,-7.14,1030.45,8.07,4.4,0.0,0,0,12,3,0.913,0,Low,2,7.8767174e-05
MRC04944,Textile & Apparel,81,643,3,1,0,941900.34,107497.93,49,15,8.16,4781.22,18.88,-6.83,46.63,0,0,9,5,0.679,0,Low,6,7.729861e-05
MRC04945,Food & Beverages,12,666,2,0,0,1499845.91,186491.71,53,16,9.43,7041.53,17.46,-8.68,0.0,0,0,13,4,0.629,0,Low,2,0.00012870437
MRC04946,Construction,4,639,2,1,1,76950.62,2700.78,38,10,21.05,502.95,23.89,11.99,56.05,25,0,13,5,0.819,0,Medium,1,6.977422e-05
MRC04947,Small Mfg,117,639,1,1,1,692206.66,30698.41,38,12,5.26,4524.23,11.98,11.27,51.32,39,2,7,4,0.719,0,Low,4,0.00050097867
MRC04948,Food & Beverages,77,587,1,1,1,487624.51,52888.31,42,5,64.29,2885.35,41.01,37.21,85.83,4,3,64,3,0.129,1,High,2,0.9999237
MRC04949,Food & Beverages,95,725,3,0,1,332491.08,23463.32,38,5,60.53,2173.14,47.28,16.97,0.0,12,3,76,2,0.19,1,High,2,0.9972842
MRC04950,Food & Beverages,41,656,3,0,0,1327134.23,123726.17,41,4,70.73,8043.24,54.61,20.14,0.0,0,3,65,1,0.093,1,High,2,0.99967444
MRC04951,Textile & Apparel,7,636,1,1,0,183575.66,18343.97,49,13,20.41,931.86,14.28,9.01,51.88,0,0,6,3,0.33,0,Medium,6,7.9053265e-05
MRC04952,Retail Trader,87,590,1,1,0,1202911.49,145439.76,50,14,16.0,5984.63,5.31,6.54,58.47,0,0,4,5,0.651,0,Low,3,0.000103658305
MRC04953,Textile & Apparel,88,543,2,0,1,1427434.53,178062.76,42,13,7.14,8446.36,16.84,11.63,0.0,32,0,6,5,0.872,0,Low,6,0.00010923211
MRC04954,Small Mfg,69,754,2,0,1,2677826.38,151062.91,49,14,14.29,13593.03,20.68,8.78,0.0,32,0,3,4,0.833,0,Low,4,0.00015064007
MRC04955,Textile & Apparel,69,694,3,0,1,189453.12,17120.61,47,8,48.94,1002.4,48.43,51.14,0.0,8,0,50,2,0.084,1,High,6,0.99808794
MRC04956,Food & Beverages,81,520,1,1,1,119816.77,4320.37,45,13,13.33,661.97,11.14,-1.47,71.12,43,0,10,5,0.639,0,Low,2,0.0001393117
MRC04957,Textile & Apparel,30,711,1,0,0,1019358.77,131968.2,42,12,14.29,6031.71,7.64,6.19,0.0,0,0,0,3,0.783,0,Low,6,0.00015158141
MRC04958,Small Mfg,73,723,1,0,0,517349.8,67208.0,41,14,-2.44,3135.45,17.31,-2.25,0.0,0,1,7,5,0.812,0,Low,4,0.00017722661
MRC04959,Retail Trader,6,659,1,0,1,23752071.72,1399846.01,43,13,9.3,137295.21,16.28,11.69,0.0,22,0,8,5,0.349,0,Low,3,5.0738934e-05
MRC04960,Food & Beverages,89,777,1,1,1,1264513.69,51694.11,38,5,60.53,8264.8,59.05,48.2,76.25,7,1,26,2,0.056,1,High,2,0.9998759
MRC04961,Agri-Allied,19,667,3,0,0,782143.93,22769.72,43,15,-4.65,4521.06,24.41,2.22,0.0,0,1,3,5,0.463,0,Low,0,0.00015616034
MRC04962,Retail Trader,80,536,2,1,0,592796.5,56165.65,54,19,-5.56,2731.78,24.67,-8.92,73.07,0,1,12,3,0.431,0,Low,3,0.00012387475
MRC04963,Textile & Apparel,85,679,3,0,1,169113.57,5392.3,43,4,72.09,977.54,53.63,30.99,0.0,2,0,20,2,0.014,1,High,6,0.99941707
MRC04964,Food & Beverages,66,669,1,1,1,1434974.83,155662.24,37,10,18.92,9630.7,16.06,-6.7,58.71,28,0,4,3,0.685,0,Low,2,9.337911e-05
MRC04965,Agri-Allied,10,601,1,1,0,663328.73,71743.27,43,4,72.09,3834.27,42.82,53.2,79.92,0,3,16,2,0.057,1,High,0,0.99979085
MRC04966,Retail Trader,16,695,1,0,1,663990.8,66278.48,50,16,4.0,3303.44,18.18,-7.08,0.0,25,0,10,3,0.948,0,Low,3,9.9313314e-05
MRC04967,Construction,37,516,1,0,0,816949.03,109432.66,48,14,12.5,4232.9,22.94,1.43,0.0,0,1,5,4,0.365,0,Low,1,7.726538e-05
MRC04968,Small Mfg,79,729,3,1,1,951176.61,65799.06,47,13,17.02,5032.68,13.83,-3.27,42.65,26,0,8,4,0.927,0,Low,4,0.00012963553
MRC04969,Construction,77,579,1,1,0,90480.82,12422.57,44,15,-2.27,511.19,13.54,-3.19,32.55,0,0,4,4,0.667,0,Low,1,0.00014152277
MRC04970,Textile & Apparel,77,571,1,1,0,1991557.61,49391.22,41,12,12.2,12070.05,5.52,1.14,60.67,0,1,6,5,0.655,0,Low,6,0.00010342569
MRC04971,Agri-Allied,32,640,1,0,1,264148.51,9154.97,49,17,-4.08,1340.86,5.31,11.35,0.0,24,0,0,4,0.605,0,Low,0,5.0007387e-05
MRC04972,Tech Services,109,684,1,1,0,618072.7,45481.94,24,8,0.0,6371.88,18.85,9.04,58.22,0,1,11,4,0.974,0,Low,5,0.00014413254
MRC04973,Agri-Allied,47,663,2,1,1,3412944.29,331803.35,46,17,-10.87,18448.35,14.43,12.09,45.76,46,0,12,5,0.928,0,Low,0,6.794218e-05
MRC04974,Small Mfg,110,590,1,1,1,6170795.46,149387.76,29,10,-3.45,52741.84,18.2,14.75,35.27,30,1,8,5,0.98,0,Low,4,0.000105137515
MRC04975,Retail Trader,72,609,2,1,1,94788.81,8888.01,53,15,15.09,445.02,9.76,-9.72,64.6,27,1,6,5,0.883,0,Low,3,6.9408634e-05
MRC04976,Textile & Apparel,43,559,2,1,1,756375.93,45353.65,33,3,72.73,5687.04,44.85,29.24,81.31,2,2,21,1,0.177,1,High,6,0.9993469
MRC04977,Retail Trader,82,632,1,0,1,1012057.38,136960.8,45,15,0.0,5591.48,23.06,-7.0,0.0,31,0,12,5,0.727,0,Low,3,5.147367e-05
MRC04978,Retail Trader,36,736,1,0,0,119487.13,10673.43,50,18,-8.0,594.46,18.25,13.42,0.0,0,0,8,4,0.591,0,Low,3,0.00020902613
MRC04979,Retail Trader,26,649,2,1,1,1910947.28,184265.4,49,17,-4.08,9700.24,10.56,-4.33,74.86,28,0,7,4,0.619,0,Low,3,7.362882e-05
MRC04980,Retail Trader,10,718,2,1,1,838621.89,119864.93,42,12,14.29,4962.26,9.32,-1.25,47.83,46,0,11,4,0.672,0,Low,3,0.00010704158
MRC04981,Construction,31,766,1,0,0,920793.9,109889.6,38,11,13.16,6018.26,17.51,14.48,0.0,0,0,12,4,0.642,0,Low,1,0.00018137744
MRC04982,Retail Trader,97,602,1,1,1,242543.53,18669.92,46,15,2.17,1311.05,23.82,11.68,34.25,31,0,6,4,0.71,0,Low,3,0.00015666908
MRC04983,Small Mfg,29,635,1,1,1,1197161.59,98160.49,43,16,-11.63,6920.01,16.56,-8.82,52.12,30,0,12,5,0.379,0,Low,4,4.342244e-05
MRC04984,Food & Beverages,5,823,1,0,0,1994429.79,207879.62,48,17,-6.25,10333.83,21.79,-8.83,0.0,0,1,13,5,0.989,0,Low,2,0.00017742798
MRC04985,Agri-Allied,77,765,1,0,1,849800.98,39112.85,46,14,8.7,4593.52,16.31,10.47,0.0,43,1,13,4,0.916,0,Low,0,0.00013907584
MRC04986,Retail Trader,1,516,1,1,1,393673.4,12410.4,51,18,-5.88,1920.36,18.49,-8.24,37.57,24,0,12,4,0.754,0,Low,3,6.0641916e-05
MRC04987,Small Mfg,87,680,1,0,0,432231.59,26133.05,45,7,53.33,2388.02,47.28,27.75,0.0,0,2,53,2,0.125,1,High,4,0.9996835
MRC04988,Small Mfg,104,650,1,0,0,950244.74,115159.94,51,16,5.88,4635.34,16.51,13.12,0.0,0,0,0,4,0.541,0,Low,4,6.7264315e-05
MRC04989,Food & Beverages,3,716,1,0,1,773404.02,41340.06,46,14,8.7,4180.56,19.79,-9.4,0.0,31,2,13,3,0.726,0,Low,2,0.0007272464
MRC04990,Food & Beverages,67,590,3,0,1,2160362.4,79930.59,52,6,65.38,10336.66,65.19,21.22,0.0,4,3,48,1,0.042,1,High,2,0.9996891
MRC04991,Construction,71,582,2,1,0,409908.83,19869.49,51,17,0.0,1999.56,23.08,-9.42,47.41,0,1,1,5,0.746,0,Low,1,7.015934e-05
MRC04992,Agri-Allied,100,595,3,1,1,169048.9,18302.33,43,5,65.12,977.16,61.54,25.45,81.67,6,1,87,2,0.029,1,High,0,0.99846315
MRC04993,Textile & Apparel,35,604,1,1,1,1122718.23,112062.15,36,12,0.0,7742.88,19.51,3.35,35.08,26,0,4,4,0.612,0,Low,6,8.16561e-05
MRC04994,Small Mfg,15,715,2,1,0,411253.12,45024.38,50,16,4.0,2046.04,19.87,8.25,67.24,0,0,2,3,0.506,0,Low,4,0.00011845407
MRC04995,Retail Trader,104,555,1,1,1,1868073.68,115548.87,39,13,0.0,11898.56,13.26,1.99,61.45,32,0,12,3,0.702,0,Low,3,0.00010586841
MRC04996,Tech Services,67,600,2,0,1,736044.87,100920.07,37,11,10.81,4939.9,21.65,-0.35,0.0,25,0,0,3,0.791,0,Low,5,0.000114642105
MRC04997,Retail Trader,93,506,1,0,1,1600418.71,126001.2,52,15,13.46,7657.51,23.65,-4.83,0.0,22,0,10,4,0.452,0,Low,3,0.00011414252
MRC04998,Textile & Apparel,30,730,1,1,1,215953.75,18741.05,35,10,14.29,1531.59,20.9,-4.09,45.9,34,0,2,5,0.493,0,Low,6,0.00011167875
MRC04999,Food & Beverages,103,751,3,1,1,866366.68,124189.36,49,7,57.14,4397.8,41.24,34.16,92.55,11,3,43,2,0.044,1,High,2,0.99978274
MRC05000,Small Mfg,82,623,2,0,0,315175.26,46427.22,50,18,-8.0,1568.04,20.73,11.39,0.0,0,0,1,3,0.341,0,Low,4,3.5545705e-05
